ra,ano,genero,tempo_pm,inde,iaa,ieg,ips,ipp,ida,ipv,ian,nota_mat,nota_port,nota_ing,defasagem,fase,idade,delta_inde,delta_iaa,delta_ieg,delta_ips,delta_ipp,delta_ida,delta_ipv,delta_ian,delta_defasagem,piora_defasagem,evasao
RA-1,2022,F,6,5.783,8.3,4.1,5.6,,4.0,7.278,5.0,2.7,3.5,6.0,-1,7.0,19.0,,,,,,,,,,0.0,0.0
RA-1,2023,F,7,,,,,,,,10.0,,,,0,8.0,20.0,,,,,,,,5.0,1.0,0.0,0.0
RA-10,2022,F,1,5.784,8.3,5.2,5.0,,4.1,7.056,5.0,3.3,2.6,6.4,-1,7.0,18.0,,,,,,,,,,,1.0
RA-100,2022,F,3,7.618,8.8,7.8,5.0,,7.6,7.25,10.0,7.0,7.8,8.1,1,4.0,13.0,,,,,,,,,,,1.0
RA-1000,2023,F,0,7.9162,8.5,9.4,3.77,6.25,7.0,8.92,10.0,7.0,7.0,,0,0.0,8.0,,,,,,,,,,0.0,0.0
RA-1001,2023,F,0,8.1162,9.0,9.1,7.52,7.5,7.8,9.17,5.0,8.3,7.3,,-1,0.0,9.0,,,,,,,,,,0.0,0.0
RA-1002,2023,F,0,7.9012,9.0,9.7,7.52,6.25,7.0,8.92,5.0,7.0,7.0,,-1,0.0,9.0,,,,,,,,,,0.0,0.0
RA-1003,2023,M,0,7.6522,9.0,8.5,7.52,7.5,4.0,8.75,10.0,8.0,0.0,,0,0.0,8.0,,,,,,,,,,1.0,0.0
RA-1004,2023,F,0,8.3137,9.0,9.6,7.52,6.875,7.9,7.42,10.0,6.5,9.2,,0,0.0,8.0,,,,,,,,,,1.0,0.0
RA-1005,2023,M,0,8.4252,9.5,7.9,7.52,7.5,8.8,8.165,10.0,8.4,9.2,,0,0.0,8.0,,,,,,,,,,,1.0
RA-1006,2023,F,0,8.5922,9.0,9.3,7.52,7.5,8.7,8.0,10.0,8.7,8.6,,0,0.0,8.0,,,,,,,,,,1.0,0.0
RA-1007,2023,M,0,8.0782,9.0,7.4,7.52,7.5,8.3,7.68,10.0,8.1,8.5,,0,0.0,8.0,,,,,,,,,,,1.0
RA-1008,2023,M,0,8.13595,9.0,8.6,7.52,5.9375,8.4,7.5,10.0,7.5,9.2,,0,0.0,8.0,,,,,,,,,,1.0,0.0
RA-1009,2023,M,0,7.245,0.0,9.0,3.77,7.5,8.8,7.84,10.0,8.3,9.2,,0,0.0,8.0,,,,,,,,,,1.0,0.0
RA-101,2022,F,1,7.305,7.9,8.3,7.5,,7.6,6.833,5.0,7.2,6.5,9.2,-1,4.0,15.0,,,,,,,,,,,1.0
RA-1010,2023,M,0,8.70645,9.5,10.0,3.77,7.8125,9.4,8.59,10.0,9.0,9.8,,0,0.0,8.0,,,,,,,,,,,1.0
RA-1011,2023,M,0,7.33095,9.5,8.6,3.77,7.1875,5.2,7.675,10.0,5.5,4.8,,0,0.0,7.0,,,,,,,,,,,1.0
RA-1012,2023,F,0,7.96495,10.0,9.9,3.77,7.1875,6.6,7.845,10.0,7.0,6.2,,0,0.0,8.0,,,,,,,,,,1.0,0.0
RA-1013,2023,M,0,7.6237,9.0,9.6,4.39,5.625,8.3,5.76,10.0,7.0,9.5,,0,0.0,7.0,,,,,,,,,,1.0,0.0
RA-1014,2023,F,0,8.2582,9.0,9.7,3.77,7.5,8.2,8.255,10.0,7.7,8.7,,0,0.0,7.0,,,,,,,,,,1.0,0.0
RA-1015,2023,F,0,7.538908333,10.0,9.3,6.27,7.34375,6.3,7.786666667,5.0,5.0,7.6,,-1,1.0,10.0,,,,,,,,,,0.0,0.0
RA-1016,2023,F,0,7.762575,10.0,9.5,7.52,7.34375,6.7,7.73,5.0,5.8,7.5,,-1,1.0,10.0,,,,,,,,,,,1.0
RA-1017,2023,M,0,6.505333333,0.0,8.0,5.02,7.5,7.7,8.116666667,5.0,7.0,8.3,,-1,1.0,11.0,,,,,,,,,,0.0,0.0
RA-1018,2023,M,0,6.824,0.0,8.5,5.02,7.5,6.3,8.06,10.0,5.8,6.8,,0,1.0,9.0,,,,,,,,,,1.0,0.0
RA-1019,2023,F,0,7.177033333,7.5,9.1,5.02,6.875,4.3,7.836666667,10.0,0.5,8.0,,1,1.0,8.0,,,,,,,,,,1.0,0.0
RA-102,2022,M,3,6.922,6.7,7.7,6.9,,5.7,6.0,10.0,4.7,6.8,5.5,0,4.0,14.0,,,,,,,,,,,1.0
RA-1020,2023,F,0,7.612283333,10.0,9.1,2.52,7.1875,6.1,8.056666667,10.0,4.3,7.8,,0,1.0,9.0,,,,,,,,,,0.0,0.0
RA-1021,2023,M,0,6.964616667,8.0,9.2,3.77,7.1875,3.3,7.893333333,10.0,2.5,4.0,,0,1.0,9.0,,,,,,,,,,1.0,0.0
RA-1022,2023,M,0,7.164616667,8.5,8.5,3.77,7.1875,4.7,7.893333333,10.0,4.7,4.7,,0,1.0,9.0,,,,,,,,,,1.0,0.0
RA-1023,2023,F,0,9.1342,10.0,10.0,6.27,8.75,9.1,9.06,10.0,8.5,9.7,,0,1.0,9.0,,,,,,,,,,0.0,0.0
RA-1024,2023,F,0,7.788875,0.0,10.0,6.27,9.21875,9.8,8.95,5.0,10.0,9.5,,-1,1.0,10.0,,,,,,,,,,0.0,0.0
RA-1025,2023,M,0,8.215158333,8.5,8.9,7.52,7.65625,7.5,7.836666667,10.0,7.5,7.5,,0,1.0,9.0,,,,,,,,,,1.0,0.0
RA-1026,2023,F,0,6.494825,8.5,9.8,7.52,6.40625,3.2,7.06,2.5,2.3,4.0,,-3,1.0,14.0,,,,,,,,,,,1.0
RA-1027,2023,F,0,7.748866667,9.5,9.7,7.52,7.5,6.0,8.333333333,5.0,4.2,7.7,,-1,1.0,10.0,,,,,,,,,,0.0,0.0
RA-1028,2023,M,0,6.415708333,0.0,9.2,7.52,7.34375,5.0,7.946666667,5.0,5.0,5.0,,-1,1.0,11.0,,,,,,,,,,1.0,0.0
RA-1029,2023,F,0,7.058533333,10.0,6.3,3.77,7.5,5.4,8.006666667,10.0,3.5,7.2,,0,1.0,9.0,,,,,,,,,,1.0,0.0
RA-103,2022,F,2,8.107,7.9,8.7,7.5,,7.3,7.708,10.0,7.3,7.3,7.3,1,4.0,13.0,,,,,,,,,,0.0,0.0
RA-103,2023,F,3,8.0239,8.3,9.2,5.0,8.125,7.1,8.09,10.0,7.3,6.3,7.7,1,5.0,14.0,-0.08309999999999995,0.40000000000000036,0.5,-2.5,,-0.20000000000000018,0.3819999999999997,0.0,0.0,1.0,0.0
RA-1030,2023,M,0,7.4027,8.5,9.7,3.77,6.875,6.9,8.39,5.0,6.2,7.5,,-1,1.0,11.0,,,,,,,,,,0.0,0.0
RA-1031,2023,M,0,7.0602,8.0,8.8,7.52,6.666666667,5.9,7.006666667,5.0,4.8,7.0,,-1,1.0,10.0,,,,,,,,,,0.0,0.0
RA-1032,2023,M,0,7.434033333,8.5,9.5,7.52,7.291666667,6.0,7.563333333,5.0,5.7,6.2,,-1,1.0,10.0,,,,,,,,,,0.0,0.0
RA-1033,2023,F,0,8.126033333,9.0,8.9,7.52,8.125,7.9,9.006666667,5.0,7.0,8.8,,-1,1.0,11.0,,,,,,,,,,,1.0
RA-1034,2023,M,0,7.9642,7.5,9.0,7.52,8.333333333,8.3,8.393333333,5.0,7.8,8.7,,-1,1.0,10.0,,,,,,,,,,0.0,0.0
RA-1035,2023,M,0,6.888833333,0.0,8.3,7.52,7.708333333,5.8,7.78,10.0,4.0,7.5,,0,1.0,9.0,,,,,,,,,,1.0,0.0
RA-1036,2023,F,0,6.970583333,0.0,9.6,3.77,9.0625,8.0,8.336666667,5.0,9.0,7.0,,-1,1.0,11.0,,,,,,,,,,0.0,0.0
RA-1037,2023,M,0,7.655575,9.0,8.4,7.52,8.59375,6.7,8.17,5.0,5.0,8.3,,-1,1.0,10.0,,,,,,,,,,,1.0
RA-1038,2023,F,0,7.736825,8.0,9.3,7.52,8.90625,6.5,8.17,5.0,7.5,5.5,,-1,1.0,10.0,,,,,,,,,,0.0,0.0
RA-1039,2023,M,0,7.686033333,8.0,9.9,7.52,8.125,6.2,8.056666667,5.0,6.0,6.3,,-2,1.0,12.0,,,,,,,,,,0.0,0.0
RA-104,2022,M,0,6.315,7.9,8.7,7.5,,3.7,6.708,2.5,4.8,5.8,0.3,-4,4.0,18.0,,,,,,,,,,0.0,0.0
RA-104,2023,M,1,4.25,0.0,7.7,2.52,5.625,2.6,5.6275,2.5,3.7,1.8,2.3,-3,5.0,19.0,-2.0650000000000004,-7.9,-0.9999999999999991,-4.98,,-1.1,-1.0804999999999998,0.0,1.0,,1.0
RA-1040,2023,M,0,7.81545,10.0,9.3,7.52,7.8125,6.6,8.06,5.0,5.8,7.3,,-1,1.0,11.0,,,,,,,,,,0.0,0.0
RA-1041,2023,F,0,6.724116667,10.0,7.2,7.52,7.8125,3.3,8.003333333,5.0,1.8,4.7,,-1,1.0,10.0,,,,,,,,,,,1.0
RA-1042,2023,M,0,5.331166667,0.0,6.5,3.77,7.708333333,4.3,7.666666667,5.0,4.0,4.5,,-1,1.0,10.0,,,,,,,,,,,1.0
RA-1043,2023,M,0,6.5447,10.0,7.9,6.27,7.708333333,2.5,7.833333333,5.0,2.0,3.0,,-1,1.0,10.0,,,,,,,,,,0.0,0.0
RA-1044,2023,F,0,7.629533333,8.0,9.7,7.52,7.5,6.1,8.336666667,5.0,4.5,7.7,,-1,1.0,10.0,,,,,,,,,,0.0,0.0
RA-1045,2023,F,0,8.089033333,9.5,9.4,7.52,7.708333333,7.9,8.28,5.0,6.8,9.0,,-1,1.0,11.0,,,,,,,,,,,1.0
RA-1046,2023,M,0,6.835833333,0.0,8.5,3.77,8.541666667,6.3,8.223333333,10.0,6.3,6.3,,0,1.0,9.0,,,,,,,,,,,1.0
RA-1047,2023,M,0,7.848366667,10.0,8.5,3.77,8.125,6.9,7.893333333,10.0,5.8,8.0,,0,1.0,9.0,,,,,,,,,,,1.0
RA-1048,2023,F,0,7.811366667,8.5,9.5,3.77,8.541666667,8.2,8.5,5.0,7.5,8.8,,-1,1.0,10.0,,,,,,,,,,0.0,0.0
RA-1049,2023,M,0,7.443366667,10.0,7.7,7.52,8.125,6.3,7.943333333,5.0,5.5,7.0,,-1,1.0,10.0,,,,,,,,,,0.0,0.0
RA-105,2022,M,6,6.846,7.9,8.2,5.6,,6.7,7.417,2.5,7.2,6.2,6.8,-3,4.0,17.0,,,,,,,,,,,1.0
RA-1050,2023,M,0,7.764366667,9.0,9.2,6.27,8.125,7.2,8.223333333,5.0,6.2,8.2,,-1,1.0,11.0,,,,,,,,,,,1.0
RA-1051,2023,F,0,8.534866667,8.5,8.9,6.27,8.75,8.4,8.613333333,10.0,7.0,9.8,,0,1.0,9.0,,,,,,,,,,,1.0
RA-1052,2023,M,0,6.960333333,0.0,9.0,7.52,7.916666667,5.3,7.833333333,10.0,5.0,5.5,,0,1.0,9.0,,,,,,,,,,1.0,0.0
RA-1053,2023,M,0,7.776166667,0.0,9.1,6.27,8.958333333,8.6,8.616666667,10.0,7.8,9.3,,0,1.0,9.0,,,,,,,,,,,1.0
RA-1054,2023,M,0,7.459533333,8.5,8.6,7.52,7.5,6.6,7.836666667,5.0,5.0,8.2,,-2,1.0,12.0,,,,,,,,,,0.0,0.0
RA-1055,2023,M,0,5.9765,0.0,7.2,7.52,7.291666667,5.5,7.276666667,5.0,6.0,5.0,,-1,1.0,11.0,,,,,,,,,,1.0,0.0
RA-1056,2023,M,0,8.551741667,8.5,9.6,7.52,7.96875,8.1,8.113333333,10.0,7.8,8.3,,0,1.0,9.0,,,,,,,,,,1.0,0.0
RA-1057,2023,F,0,8.4827,10.0,10.0,7.52,8.125,6.3,8.34,10.0,6.5,6.0,,0,1.0,9.0,,,,,,,,,,1.0,0.0
RA-1058,2023,F,0,7.356533333,10.0,8.7,3.14,7.083333333,5.4,7.62,10.0,4.0,6.7,,0,1.0,9.0,,,,,,,,,,1.0,0.0
RA-1059,2023,M,0,7.763741667,10.0,9.8,2.52,7.96875,7.6,8.673333333,5.0,6.2,9.0,,-1,1.0,10.0,,,,,,,,,,0.0,0.0
RA-106,2022,F,6,7.973,9.2,8.0,9.4,,7.4,8.375,5.0,7.8,7.2,7.2,-1,4.0,15.0,,,,,,,,,,0.0,0.0
RA-106,2023,F,7,7.769658333,7.9,9.1,5.0,7.03125,7.3,7.5075,10.0,6.7,6.8,8.3,0,5.0,15.0,-0.20334166700000011,-1.299999999999999,1.0999999999999996,-4.4,,-0.10000000000000053,-0.8674999999999997,5.0,1.0,0.0,0.0
RA-1060,2023,M,0,7.095741667,9.0,8.6,3.14,7.96875,5.7,8.673333333,5.0,4.3,7.0,,-1,1.0,10.0,,,,,,,,,,0.0,0.0
RA-1061,2023,M,0,8.196533333,9.5,9.7,3.14,8.75,9.3,8.836666667,5.0,8.8,9.7,,-1,1.0,10.0,,,,,,,,,,0.0,0.0
RA-1062,2023,M,0,7.448841667,7.4,7.7,3.77,8.59375,6.2,8.503333333,10.0,4.8,7.5,,0,1.0,9.0,,,,,,,,,,1.0,0.0
RA-1063,2023,M,0,7.490825,9.5,9.5,7.52,6.40625,5.9,7.89,5.0,4.7,7.0,,-1,1.0,11.0,,,,,,,,,,0.0,0.0
RA-1064,2023,M,0,8.4777,8.5,9.8,7.52,9.375,8.6,8.84,5.0,8.3,8.8,,-1,1.0,10.0,,,,,,,,,,0.0,0.0
RA-1065,2023,F,0,8.03395,8.5,9.6,7.52,8.4375,7.0,8.84,5.0,7.7,6.3,,-1,1.0,10.0,,,,,,,,,,0.0,0.0
RA-1066,2023,F,0,7.262616667,8.5,6.6,7.52,8.4375,6.2,8.783333333,5.0,4.2,8.2,,-1,1.0,10.0,,,,,,,,,,0.0,0.0
RA-1067,2023,M,0,6.541458333,0.0,7.9,7.52,8.28125,5.4,9.006666667,5.0,4.5,6.3,,-1,1.0,10.0,,,,,,,,,,0.0,0.0
RA-1068,2023,M,0,8.472533333,8.5,9.3,6.89,9.166666667,9.0,9.283333333,5.0,8.3,9.7,,-1,1.0,10.0,,,,,,,,,,0.0,0.0
RA-1069,2023,M,0,7.590033333,9.0,7.8,7.52,8.125,7.1,8.226666667,5.0,7.5,6.7,,-1,1.0,11.0,,,,,,,,,,0.0,0.0
RA-107,2022,F,4,6.258,7.5,6.4,7.5,,4.6,6.5,5.0,3.3,4.3,6.0,-1,4.0,15.0,,,,,,,,,,0.0,0.0
RA-107,2023,F,5,6.845208333,0.0,8.5,5.0,7.34375,7.0,7.5875,10.0,6.0,5.2,9.7,0,5.0,15.0,0.5872083330000004,-7.5,2.0999999999999996,-2.5,,2.4000000000000004,1.0875000000000004,5.0,1.0,1.0,0.0
RA-1070,2023,M,0,6.939033333,9.0,7.8,3.14,7.708333333,5.8,8.67,5.0,5.3,6.3,,-1,1.0,11.0,,,,,,,,,,0.0,0.0
RA-1071,2023,M,0,6.414033333,9.0,8.6,7.52,5.625,3.5,6.396666667,5.0,1.7,5.3,,-1,1.0,11.0,,,,,,,,,,0.0,0.0
RA-1072,2023,M,0,8.0152,9.0,8.6,5.0,8.125,6.7,8.7125,10.0,5.2,8.2,,0,2.0,11.0,,,,,,,,,,0.0,0.0
RA-1073,2023,F,0,6.384333333,0.0,8.8,2.52,8.333333333,6.2,9.045,5.0,4.8,7.5,,-1,2.0,12.0,,,,,,,,,,0.0,0.0
RA-1074,2023,F,0,6.195833333,0.0,9.8,2.52,7.083333333,6.0,7.8775,5.0,8.0,4.0,,-1,2.0,12.0,,,,,,,,,,,1.0
RA-1075,2023,F,0,6.591333333,0.0,9.6,5.0,7.708333333,5.5,9.0025,5.0,5.0,6.0,,-1,2.0,12.0,,,,,,,,,,0.0,0.0
RA-1076,2023,F,0,7.901033333,9.0,9.7,2.52,8.333333333,8.5,8.8775,5.0,9.0,8.0,,-1,2.0,12.0,,,,,,,,,,0.0,0.0
RA-1077,2023,M,0,7.2115,0.0,9.7,2.52,8.75,7.3,8.4225,10.0,6.8,7.8,,0,2.0,11.0,,,,,,,,,,0.0,0.0
RA-1078,2023,M,0,6.472333333,5.3,6.8,2.52,8.958333333,6.4,8.2975,5.0,4.3,8.5,,-2,2.0,14.0,,,,,,,,,,,1.0
RA-1079,2023,M,0,6.916533333,9.0,8.1,2.52,7.083333333,7.6,7.13,5.0,7.3,7.8,,-1,2.0,12.0,,,,,,,,,,0.0,0.0
RA-108,2022,F,3,5.547,4.6,7.7,5.0,,5.0,6.125,2.5,3.0,5.8,6.2,-3,4.0,17.0,,,,,,,,,,0.0,0.0
RA-108,2023,F,4,4.9308,5.8,7.3,2.52,4.375,2.9,5.59,5.0,2.7,3.2,2.8,-2,5.0,17.0,-0.6162000000000001,1.2000000000000002,-0.40000000000000036,-2.48,,-2.1,-0.5350000000000001,2.5,1.0,,1.0
RA-1080,2023,M,0,6.571966667,7.9,10.0,5.0,8.541666667,1.5,8.13,5.0,0.0,3.0,,-1,2.0,12.0,,,,,,,,,,,1.0
RA-1081,2023,F,0,7.666033333,10.0,10.0,2.52,8.958333333,6.5,8.59,5.0,8.0,5.0,,-2,2.0,14.0,,,,,,,,,,0.0,0.0
RA-1082,2023,F,0,7.1617,9.5,9.5,2.52,8.75,5.0,8.4225,5.0,3.5,6.5,,-1,2.0,12.0,,,,,,,,,,0.0,0.0
RA-1083,2023,F,0,8.2345,6.8,10.0,5.0,8.75,7.5,8.38,10.0,7.0,8.0,,0,2.0,10.0,,,,,,,,,,,1.0
RA-1084,2023,F,0,7.9948,8.4,10.0,2.52,8.75,6.8,8.38,10.0,5.0,8.5,,0,2.0,11.0,,,,,,,,,,0.0,0.0
RA-1085,2023,F,0,6.563833333,0.0,9.8,2.52,8.958333333,6.7,8.13,5.0,6.0,7.3,,-1,2.0,12.0,,,,,,,,,,,1.0
RA-1086,2023,F,0,7.2382,8.5,9.4,2.52,8.75,5.7,8.755,5.0,6.0,5.3,,-1,2.0,12.0,,,,,,,,,,,1.0
RA-1087,2023,F,0,7.2067,10.0,9.5,2.52,8.75,5.4,8.0475,5.0,3.7,7.0,,-1,2.0,12.0,,,,,,,,,,0.0,0.0
RA-1088,2023,M,0,7.4717,9.5,9.8,2.52,8.75,6.8,7.9225,5.0,6.0,7.5,,-1,2.0,13.0,,,,,,,,,,,1.0
RA-1089,2023,F,0,7.9947,9.0,9.5,2.52,8.75,7.0,8.3375,10.0,6.0,8.0,,0,2.0,11.0,,,,,,,,,,0.0,0.0
RA-109,2022,M,1,8.512,8.8,10.0,8.8,,8.4,8.667,5.0,7.8,7.5,9.9,-2,4.0,16.0,,,,,,,,,,0.0,0.0
RA-109,2023,M,2,8.3184,8.3,9.9,7.52,8.75,8.3,8.59,5.0,7.0,8.2,9.7,-1,6.0,17.0,-0.1936,-0.5,-0.09999999999999964,-1.2800000000000011,,-0.09999999999999964,-0.07699999999999996,0.0,1.0,,1.0
RA-1090,2023,M,0,7.844033333,9.0,9.6,2.52,8.958333333,9.0,7.88,5.0,8.7,9.3,,-1,2.0,13.0,,,,,,,,,,0.0,0.0
RA-1091,2023,M,0,8.032533333,8.5,9.0,2.52,8.958333333,9.5,9.1725,5.0,9.3,9.7,,-1,2.0,12.0,,,,,,,,,,,1.0
RA-1092,2023,M,0,7.41,7.8,9.8,2.52,8.75,6.9,8.2975,5.0,6.0,7.8,,-1,2.0,12.0,,,,,,,,,,,1.0
RA-1093,2023,M,0,8.197533333,7.0,9.3,2.52,8.958333333,9.2,8.2975,10.0,9.3,9.0,,0,2.0,11.0,,,,,,,,,,0.0,0.0
RA-1094,2023,F,0,8.1779,7.8,9.5,2.52,8.75,8.5,8.3375,10.0,7.8,9.2,,0,2.0,11.0,,,,,,,,,,0.0,0.0
RA-1095,2023,M,0,6.238,0.0,9.8,2.52,8.75,5.3,8.005,5.0,5.8,4.7,,-1,2.0,13.0,,,,,,,,,,0.0,0.0
RA-1096,2023,F,0,8.615533333,9.5,9.9,2.52,8.958333333,9.6,8.0875,10.0,9.5,9.7,,0,2.0,10.0,,,,,,,,,,0.0,0.0
RA-1097,2023,M,0,6.9547,9.5,8.6,5.0,8.125,5.4,6.96,5.0,4.3,6.5,,-2,2.0,14.0,,,,,,,,,,0.0,0.0
RA-1098,2023,F,0,7.2787,9.5,9.5,2.52,8.125,6.4,7.92,5.0,6.3,6.5,,-1,2.0,13.0,,,,,,,,,,0.0,0.0
RA-1099,2023,F,0,7.113533333,9.0,9.6,2.52,8.333333333,5.2,8.34,5.0,5.7,4.7,,-1,2.0,13.0,,,,,,,,,,0.0,0.0
RA-11,2022,F,6,5.323,9.2,4.2,5.0,,3.0,6.389,5.0,1.8,2.5,4.5,-1,7.0,18.0,,,,,,,,,,,1.0
RA-110,2022,M,5,8.15,9.2,9.7,5.6,,6.7,8.0,10.0,8.3,5.7,6.0,0,4.0,14.0,,,,,,,,,,0.0,0.0
RA-110,2023,M,6,8.0879,8.3,8.6,5.0,8.75,7.5,8.2975,10.0,8.3,6.2,8.0,0,5.0,15.0,-0.06210000000000093,-0.8999999999999986,-1.0999999999999996,-0.5999999999999996,,0.7999999999999998,0.29749999999999943,0.0,0.0,0.0,0.0
RA-1100,2023,M,0,8.261033333,10.0,9.2,5.0,8.541666667,7.1,8.283333333,10.0,6.3,7.8,,0,2.0,11.0,,,,,,,,,,0.0,0.0
RA-1101,2023,M,0,6.446666667,0.0,7.2,5.0,8.333333333,5.3,8.116666667,10.0,4.2,6.3,,0,2.0,10.0,,,,,,,,,,,1.0
RA-1102,2023,M,0,8.123033333,9.5,9.5,5.0,7.708333333,7.5,7.56,10.0,5.7,9.2,,0,2.0,11.0,,,,,,,,,,0.0,0.0
RA-1103,2023,M,0,7.574866667,9.0,8.7,5.0,8.333333333,5.0,8.006666667,10.0,4.5,5.5,,0,2.0,10.0,,,,,,,,,,0.0,0.0
RA-1104,2023,F,0,7.265533333,5.7,10.0,2.52,8.541666667,6.4,9.063333333,5.0,5.5,7.3,,-1,2.0,13.0,,,,,,,,,,,1.0
RA-1105,2023,F,0,6.299166667,0.0,9.0,2.52,8.125,6.0,8.673333333,5.0,5.0,7.0,,-1,2.0,13.0,,,,,,,,,,,1.0
RA-1106,2023,M,0,7.1642,8.5,9.3,5.0,8.333333333,5.1,8.003333333,5.0,5.2,5.0,,-1,2.0,12.0,,,,,,,,,,0.0,0.0
RA-1107,2023,F,0,7.9327,9.0,9.4,5.0,8.958333333,7.5,8.783333333,5.0,8.0,7.0,,-1,2.0,12.0,,,,,,,,,,0.0,0.0
RA-1108,2023,M,0,6.310833333,0.0,9.3,5.0,8.541666667,4.7,8.283333333,5.0,3.7,5.7,,-1,2.0,12.0,,,,,,,,,,0.0,0.0
RA-1109,2023,M,0,6.277533333,10.0,6.4,5.0,7.5,3.4,7.836666667,5.0,3.5,3.3,,-2,2.0,14.0,,,,,,,,,,,1.0
RA-111,2022,F,2,8.646,7.5,9.4,8.1,,8.0,8.667,10.0,6.7,7.5,9.7,1,4.0,13.0,,,,,,,,,,0.0,0.0
RA-111,2023,F,3,7.566458333,7.5,8.7,5.0,7.65625,6.0,8.0875,10.0,6.0,5.2,6.7,1,5.0,14.0,-1.0795416670000009,0.0,-0.7000000000000011,-3.0999999999999996,,-2.0,-0.5794999999999995,0.0,0.0,1.0,0.0
RA-1110,2023,F,0,7.248566667,4.6,9.2,5.0,8.541666667,6.8,8.73,5.0,6.5,7.0,,-1,2.0,12.0,,,,,,,,,,,1.0
RA-1111,2023,F,0,6.559166667,0.0,8.9,2.52,8.125,5.4,8.173333333,10.0,4.8,6.0,,0,2.0,11.0,,,,,,,,,,0.0,0.0
RA-1112,2023,M,0,7.088866667,9.5,7.9,2.52,8.333333333,6.3,8.616666667,5.0,5.2,7.3,,-1,2.0,12.0,,,,,,,,,,0.0,0.0
RA-1113,2023,M,0,5.636666667,0.0,6.0,7.52,7.5,5.0,7.173333333,5.0,5.0,5.0,,-1,2.0,12.0,,,,,,,,,,,1.0
RA-1114,2023,F,0,7.5667,8.5,9.8,2.52,8.125,4.9,8.56,10.0,4.3,5.5,,0,2.0,11.0,,,,,,,,,,0.0,0.0
RA-1115,2023,F,0,6.474,0.0,8.3,7.52,7.5,4.0,7.56,10.0,6.0,2.0,,0,2.0,11.0,,,,,,,,,,0.0,0.0
RA-1116,2023,M,0,6.956533333,9.5,9.2,5.0,7.083333333,4.9,7.39,5.0,3.8,6.0,,-1,2.0,13.0,,,,,,,,,,0.0,0.0
RA-1117,2023,F,0,8.382366667,9.0,9.6,7.52,7.708333333,7.3,7.946666667,10.0,6.0,8.5,,0,2.0,11.0,,,,,,,,,,0.0,0.0
RA-1118,2023,F,0,7.163833333,5.3,8.8,7.52,7.708333333,6.0,8.28,5.0,4.8,7.2,,-1,2.0,12.0,,,,,,,,,,0.0,0.0
RA-1119,2023,F,0,7.192,7.3,9.7,3.77,7.708333333,5.9,8.453333333,5.0,3.0,8.8,,-1,2.0,13.0,,,,,,,,,,0.0,0.0
RA-112,2022,F,6,7.836,7.9,7.8,6.3,,8.5,8.833,5.0,9.0,7.5,9.1,-1,4.0,15.0,,,,,,,,,,0.0,0.0
RA-112,2023,F,7,7.141308333,6.7,8.1,5.0,7.96875,7.4,7.9225,5.0,7.3,6.5,8.3,-1,5.0,16.0,-0.6946916670000007,-1.2000000000000002,0.2999999999999998,-1.2999999999999998,,-1.0999999999999996,-0.9104999999999999,0.0,0.0,0.0,0.0
RA-1120,2023,F,0,9.103366667,9.5,9.6,7.52,8.958333333,8.3,9.676666667,10.0,7.3,9.2,,0,2.0,11.0,,,,,,,,,,,1.0
RA-1121,2023,M,0,8.049,0.0,9.9,6.26,8.75,8.0,9.84,10.0,6.5,9.5,,0,2.0,11.0,,,,,,,,,,0.0,0.0
RA-1122,2023,M,0,7.3715,0.0,9.3,6.89,7.291666667,6.9,8.616666667,10.0,5.2,8.5,,0,2.0,11.0,,,,,,,,,,0.0,0.0
RA-1123,2023,M,0,6.9565,7.3,8.9,7.52,7.083333333,5.3,7.113333333,5.0,3.8,6.8,,-1,2.0,12.0,,,,,,,,,,,1.0
RA-1124,2023,F,0,6.667866667,9.5,8.0,7.52,7.083333333,3.0,7.786666667,5.0,1.0,5.0,,-2,2.0,14.0,,,,,,,,,,,1.0
RA-1125,2023,F,0,6.655366667,4.7,7.9,7.52,6.666666667,4.0,6.95,10.0,1.0,7.0,,0,2.0,11.0,,,,,,,,,,,1.0
RA-1126,2023,F,0,,0.0,5.2,3.77,7.291666667,,7.06,5.0,,,,-1,2.0,12.0,,,,,,,,,,,1.0
RA-1127,2023,F,0,8.3167,8.5,9.9,5.02,8.125,6.9,9.01,10.0,5.0,8.7,,0,2.0,11.0,,,,,,,,,,0.0,0.0
RA-1128,2023,M,0,6.404533333,9.5,7.3,5.02,7.916666667,3.5,7.503333333,5.0,3.0,4.0,,-1,2.0,12.0,,,,,,,,,,,1.0
RA-1129,2023,M,0,7.309333333,0.0,9.2,6.27,7.916666667,7.8,7.503333333,10.0,6.8,8.7,,0,2.0,11.0,,,,,,,,,,0.0,0.0
RA-113,2022,F,5,3.032,0.0,0.0,5.0,,3.7,3.792,5.0,3.3,5.5,2.3,-1,4.0,15.0,,,,,,,,,,,0.0
RA-1130,2023,M,0,8.0037,8.5,8.4,7.52,7.708333333,7.3,7.503333333,10.0,6.3,8.2,,0,2.0,11.0,,,,,,,,,,0.0,0.0
RA-1131,2023,F,0,8.316133333,7.9,9.9,5.02,8.75,9.1,9.286666667,5.0,8.3,9.8,,-1,2.0,12.0,,,,,,,,,,0.0,0.0
RA-1132,2023,M,0,6.829533333,10.0,6.3,6.27,7.916666667,5.8,7.503333333,5.0,5.2,6.3,,-1,2.0,12.0,,,,,,,,,,,1.0
RA-1133,2023,F,0,8.600033333,9.5,10.0,6.27,8.541666667,6.5,9.343333333,10.0,5.0,8.0,,0,2.0,10.0,,,,,,,,,,0.0,0.0
RA-1134,2023,M,0,7.769866667,8.0,9.7,3.76,7.916666667,6.8,7.56,10.0,5.5,8.0,,0,2.0,11.0,,,,,,,,,,0.0,0.0
RA-1135,2023,M,0,7.453833333,0.0,9.4,7.52,8.125,7.2,7.896666667,10.0,4.8,9.5,,0,2.0,11.0,,,,,,,,,,,1.0
RA-1136,2023,F,0,6.7351,6.8,8.1,2.52,8.333333333,6.6,7.723333333,5.0,4.8,8.3,,-1,2.0,13.0,,,,,,,,,,0.0,0.0
RA-1137,2023,F,0,8.743366667,9.5,9.8,6.27,9.375,6.5,9.843333333,10.0,6.0,7.0,,0,2.0,10.0,,,,,,,,,,0.0,0.0
RA-1138,2023,F,0,8.3472,9.0,9.2,6.27,9.166666667,9.3,8.566666667,5.0,9.0,9.5,,-1,2.0,12.0,,,,,,,,,,,1.0
RA-1139,2023,M,0,7.6647,8.5,9.1,5.64,8.125,5.3,7.79,10.0,6.3,4.3,,0,2.0,11.0,,,,,,,,,,0.0,0.0
RA-114,2022,M,0,5.894,7.9,6.3,7.5,,5.3,5.0,5.0,6.0,4.5,,-2,4.0,16.0,,,,,,,,,,0.0,0.0
RA-114,2023,M,1,5.335,0.0,6.0,3.14,7.5,5.6,7.255,5.0,4.0,4.5,8.3,-2,5.0,17.0,-0.5590000000000002,-7.9,-0.2999999999999998,-4.359999999999999,,0.2999999999999998,2.255,0.0,0.0,,1.0
RA-1140,2023,F,0,7.703533333,4.7,8.7,7.52,7.708333333,7.3,7.62,10.0,8.5,6.0,,0,2.0,11.0,,,,,,,,,,0.0,0.0
RA-1141,2023,F,0,7.2757,9.0,8.8,7.52,7.708333333,5.9,7.113333333,5.0,5.5,6.2,,-1,2.0,12.0,,,,,,,,,,0.0,0.0
RA-1142,2023,F,0,9.175033333,9.0,10.0,7.52,8.541666667,10.0,8.343333333,10.0,10.0,10.0,,0,2.0,11.0,,,,,,,,,,0.0,0.0
RA-1143,2023,F,0,6.445933333,8.8,7.0,6.26,7.5,5.3,6.2075,5.0,6.0,6.3,3.5,-2,3.0,15.0,,,,,,,,,,1.0,0.0
RA-1144,2023,F,0,7.410625,0.0,9.4,5.02,8.28125,8.0,8.0025,10.0,7.0,8.2,8.8,0,3.0,13.0,,,,,,,,,,,1.0
RA-1145,2023,F,0,7.484375,0.0,9.5,4.39,8.59375,7.8,8.63,10.0,7.7,7.7,8.0,1,3.0,11.0,,,,,,,,,,,1.0
RA-1146,2023,F,0,6.689583333,9.6,8.8,6.26,7.1875,3.7,6.965,5.0,5.0,3.3,2.7,-1,3.0,14.0,,,,,,,,,,1.0,0.0
RA-1147,2023,F,0,7.072983333,8.3,8.3,6.26,7.1875,6.7,7.0075,5.0,5.0,7.5,7.5,-1,3.0,14.0,,,,,,,,,,0.0,0.0
RA-1148,2023,F,0,7.227866667,7.9,8.6,3.77,7.5,5.7,7.2125,10.0,5.7,5.3,6.2,1,3.0,11.0,,,,,,,,,,,1.0
RA-1149,2023,F,0,7.410108333,8.3,9.8,2.52,7.96875,7.2,8.1725,5.0,6.0,6.8,8.7,-1,3.0,14.0,,,,,,,,,,0.0,0.0
RA-115,2022,F,3,5.886,8.3,6.8,6.3,,3.8,5.583,5.0,3.0,5.7,2.7,-2,4.0,16.0,,,,,,,,,,0.0,0.0
RA-115,2023,F,4,6.319141667,8.8,7.1,5.0,7.34375,4.2,7.215,5.0,3.7,3.8,5.2,-1,5.0,16.0,0.4331416670000001,0.5,0.2999999999999998,-1.2999999999999998,,0.40000000000000036,1.6319999999999997,0.0,1.0,1.0,0.0
RA-1150,2023,M,0,7.076008333,9.2,9.8,2.52,7.96875,6.7,7.835,2.5,7.0,6.5,6.5,-3,3.0,16.0,,,,,,,,,,0.0,0.0
RA-1151,2023,F,0,7.829958333,7.5,9.5,2.52,7.65625,8.3,7.545,10.0,7.3,8.8,8.7,0,3.0,12.0,,,,,,,,,,0.0,0.0
RA-1152,2023,M,0,6.544916667,0.0,9.4,5.0,7.8125,6.8,7.585,5.0,6.7,6.0,7.8,-1,3.0,14.0,,,,,,,,,,,1.0
RA-1153,2023,F,0,7.968658333,7.9,10.0,7.52,7.65625,7.2,8.63,5.0,6.7,7.8,7.0,-1,3.0,14.0,,,,,,,,,,0.0,0.0
RA-1154,2023,M,0,7.701125,9.6,9.3,5.63,7.65625,5.1,7.67,10.0,5.3,5.0,5.0,0,3.0,13.0,,,,,,,,,,1.0,0.0
RA-1155,2023,F,0,7.821633333,9.2,9.2,5.63,7.5,8.0,8.2925,5.0,6.7,8.2,9.0,-1,3.0,14.0,,,,,,,,,,0.0,0.0
RA-1156,2023,F,0,7.340775,8.3,9.2,2.52,7.96875,5.3,7.7925,10.0,6.2,6.0,3.7,0,3.0,12.0,,,,,,,,,,0.0,0.0
RA-1157,2023,M,0,7.086633333,9.2,8.8,6.26,7.5,5.7,7.0025,5.0,5.0,6.3,5.7,-1,3.0,14.0,,,,,,,,,,0.0,0.0
RA-1158,2023,F,0,6.306666667,7.5,8.6,2.52,7.5,4.3,7.34,5.0,5.3,5.0,2.7,-1,3.0,14.0,,,,,,,,,,,1.0
RA-1159,2023,F,0,5.913883333,5.8,6.6,2.52,7.1875,3.1,7.1325,10.0,5.2,1.5,2.5,0,3.0,12.0,,,,,,,,,,,1.0
RA-116,2022,F,3,6.854,5.8,8.1,6.3,,5.9,7.792,5.0,5.0,7.2,5.5,-2,4.0,16.0,,,,,,,,,,0.0,0.0
RA-116,2023,F,4,6.433075,6.7,7.6,5.0,7.96875,4.7,7.5475,5.0,2.3,5.0,6.8,-2,5.0,17.0,-0.42092500000000044,0.9000000000000004,-0.5,-1.2999999999999998,,-1.2000000000000002,-0.2444999999999995,0.0,0.0,0.0,0.0
RA-1160,2023,M,0,6.636166667,9.6,8.7,2.52,6.875,2.7,7.2575,10.0,4.8,2.7,0.7,0,3.0,13.0,,,,,,,,,,1.0,0.0
RA-1161,2023,F,0,7.317791667,6.3,8.1,2.52,8.28125,6.3,8.63,10.0,7.3,6.5,5.2,0,3.0,13.0,,,,,,,,,,,1.0
RA-1162,2023,F,0,7.44215,8.3,8.5,3.77,7.8125,6.0,7.7525,10.0,7.3,5.5,5.2,0,3.0,13.0,,,,,,,,,,0.0,0.0
RA-1163,2023,M,0,7.749391667,8.8,9.3,7.52,7.65625,7.2,7.75,5.0,7.0,6.7,8.0,-1,3.0,14.0,,,,,,,,,,0.0,0.0
RA-1164,2023,M,0,6.910091667,9.2,7.5,2.52,7.65625,4.8,7.545,10.0,7.0,7.5,0.0,0,3.0,13.0,,,,,,,,,,,1.0
RA-1165,2023,F,0,7.880716667,9.2,9.1,5.0,7.1875,7.3,7.2925,10.0,7.0,6.0,9.0,0,3.0,12.0,,,,,,,,,,0.0,0.0
RA-1166,2023,F,0,7.307858333,8.3,9.6,7.52,7.65625,4.8,7.9175,5.0,5.3,2.8,6.2,-2,3.0,15.0,,,,,,,,,,0.0,0.0
RA-1167,2023,M,0,6.021891667,8.8,7.6,2.52,7.65625,3.8,7.9625,2.5,6.0,3.7,1.8,-3,3.0,16.0,,,,,,,,,,,1.0
RA-1168,2023,F,0,5.886625,0.0,8.8,2.52,7.65625,3.5,7.045,10.0,5.0,2.0,3.5,0,3.0,13.0,,,,,,,,,,1.0,0.0
RA-1169,2023,F,0,7.213625,7.5,9.5,5.0,7.03125,6.3,8.0025,5.0,6.8,7.3,4.8,-1,3.0,14.0,,,,,,,,,,0.0,0.0
RA-117,2022,F,0,6.685,7.9,6.3,6.9,,6.1,7.417,5.0,4.7,6.7,7.0,-1,4.0,15.0,,,,,,,,,,,1.0
RA-1170,2023,M,0,6.874683333,8.8,7.7,7.52,7.1875,5.9,6.5775,5.0,6.0,6.8,4.8,-1,3.0,14.0,,,,,,,,,,1.0,0.0
RA-1171,2023,M,0,7.856033333,7.9,8.4,5.0,8.75,8.7,8.88,5.0,7.3,9.0,9.7,-1,3.0,14.0,,,,,,,,,,0.0,0.0
RA-1172,2023,F,0,7.030108333,8.3,7.8,2.52,8.59375,6.7,8.46,5.0,6.0,5.7,8.3,-2,4.0,16.0,,,,,,,,,,0.0,0.0
RA-1173,2023,M,0,7.67285,8.8,9.7,2.52,7.8125,6.0,8.1225,10.0,7.0,5.0,6.0,0,4.0,14.0,,,,,,,,,,0.0,0.0
RA-1174,2023,F,0,7.333591667,9.2,8.7,2.52,8.90625,6.8,8.3375,5.0,6.5,7.2,6.8,-1,4.0,15.0,,,,,,,,,,0.0,0.0
RA-1175,2023,F,0,5.939858333,8.3,5.3,2.52,7.65625,6.3,7.6275,2.5,6.3,6.3,6.2,-3,4.0,17.0,,,,,,,,,,,1.0
RA-1176,2023,M,0,8.881483333,8.3,9.3,7.52,9.6875,8.2,9.17,10.0,8.0,7.8,8.7,1,4.0,13.0,,,,,,,,,,0.0,0.0
RA-1177,2023,F,0,8.345491667,10.0,9.9,2.52,8.90625,7.2,8.88,10.0,7.0,6.7,8.0,0,4.0,14.0,,,,,,,,,,0.0,0.0
RA-1178,2023,M,0,7.066475,8.8,9.3,2.52,7.96875,5.7,8.2125,5.0,6.3,4.5,6.3,-2,4.0,16.0,,,,,,,,,,0.0,0.0
RA-1179,2023,M,0,6.631333333,9.6,8.1,4.38,6.875,5.0,7.17,5.0,6.7,3.7,4.5,-1,4.0,15.0,,,,,,,,,,,1.0
RA-118,2022,F,1,5.597,0.0,5.3,6.3,,3.9,6.958,10.0,3.7,4.7,3.5,0,4.0,14.0,,,,,,,,,,,1.0
RA-1180,2023,M,0,7.067983333,8.3,9.5,5.0,7.1875,5.4,7.7125,5.0,6.0,4.8,5.3,-1,4.0,15.0,,,,,,,,,,,1.0
RA-1181,2023,F,0,6.971266667,8.8,8.3,2.52,7.5,4.8,7.3375,10.0,5.7,4.3,4.5,0,4.0,14.0,,,,,,,,,,0.0,0.0
RA-1182,2023,F,0,5.709808333,7.5,6.3,2.52,6.71875,4.2,7.2125,5.0,5.3,2.0,5.2,-2,4.0,16.0,,,,,,,,,,,1.0
RA-1183,2023,M,0,6.269541667,7.5,8.7,2.52,6.09375,5.3,6.7575,5.0,6.0,4.0,6.0,-1,4.0,15.0,,,,,,,,,,,1.0
RA-1184,2023,M,0,7.381566667,8.3,8.3,5.0,8.125,7.3,8.045,5.0,8.0,5.5,8.5,-2,4.0,16.0,,,,,,,,,,0.0,0.0
RA-1185,2023,F,0,8.02675,7.5,9.1,5.0,7.8125,7.5,8.3775,10.0,6.7,6.3,9.5,1,4.0,13.0,,,,,,,,,,,1.0
RA-1186,2023,F,0,7.281433333,8.8,9.8,6.89,6.875,5.5,7.3825,5.0,6.7,5.2,4.5,-2,4.0,16.0,,,,,,,,,,,1.0
RA-1187,2023,F,0,6.644475,8.8,6.9,2.52,7.34375,5.3,6.715,10.0,4.7,5.0,6.2,1,4.0,13.0,,,,,,,,,,,1.0
RA-1188,2023,F,0,,9.6,9.4,,7.8125,6.4,7.5875,5.0,6.5,7.5,5.2,-1,4.0,15.0,,,,,,,,,,0.0,0.0
RA-1189,2023,F,0,,8.8,9.0,,7.8125,6.1,7.3775,5.0,6.3,5.7,6.2,-1,4.0,15.0,,,,,,,,,,0.0,0.0
RA-119,2022,F,6,7.501,8.3,8.2,5.6,,5.4,7.875,10.0,5.7,7.0,3.4,0,4.0,14.0,,,,,,,,,,0.0,0.0
RA-119,2023,F,7,,6.7,,2.52,,,,10.0,,,,2,7.0,15.0,,-1.6000000000000005,,-3.0799999999999996,,,,0.0,2.0,1.0,0.0
RA-1190,2023,M,0,6.330041667,0.0,9.2,5.0,7.34375,4.2,7.045,10.0,3.0,4.2,5.5,0,4.0,14.0,,,,,,,,,,,1.0
RA-1191,2023,M,0,6.175333333,7.5,7.2,5.0,5.0,3.7,6.26,10.0,2.3,2.5,6.2,0,4.0,14.0,,,,,,,,,,,1.0
RA-1192,2023,F,0,6.780741667,7.9,8.7,2.52,7.96875,5.8,7.6675,5.0,4.7,6.0,6.8,-1,4.0,15.0,,,,,,,,,,,1.0
RA-1193,2023,F,0,6.018083333,0.0,7.8,5.0,7.1875,4.1,7.13,10.0,3.7,3.5,5.0,0,4.0,14.0,,,,,,,,,,1.0,0.0
RA-1194,2023,M,0,7.671933333,8.8,9.0,5.0,7.5,6.1,7.6675,10.0,6.0,4.2,8.0,1,4.0,13.0,,,,,,,,,,,1.0
RA-1195,2023,F,1,5.677291667,0.0,8.3,2.52,8.28125,5.4,8.0025,2.5,4.3,4.7,7.3,-3,4.0,17.0,,,,,,,,,,0.0,0.0
RA-1196,2023,M,0,7.03025,0.0,8.2,5.0,7.8125,7.5,8.045,10.0,8.0,6.2,8.3,0,5.0,15.0,,,,,,,,,,,1.0
RA-1197,2023,F,0,6.946058333,6.7,8.4,5.0,7.03125,7.3,7.215,5.0,5.3,7.2,9.3,-1,5.0,16.0,,,,,,,,,,,1.0
RA-1198,2023,F,0,7.515233333,8.3,9.4,6.26,7.5,6.7,7.9625,5.0,7.3,3.7,9.0,-1,5.0,16.0,,,,,,,,,,0.0,0.0
RA-1199,2023,M,0,7.024933333,6.7,9.1,5.0,6.875,6.2,8.0875,5.0,6.8,5.0,6.7,-2,5.0,17.0,,,,,,,,,,0.0,0.0
RA-12,2022,F,2,4.832,0.0,4.0,6.9,,1.5,6.389,10.0,2.7,1.1,0.7,0,7.0,17.0,,,,,,,,,,0.0,0.0
RA-12,2023,F,3,,,,,,,,10.0,,,,0,8.0,18.0,,,,,,,,0.0,0.0,0.0,0.0
RA-120,2022,M,3,6.825,8.3,5.9,7.5,,6.2,7.667,5.0,3.7,5.2,9.7,-1,4.0,15.0,,,,,,,,,,,1.0
RA-1200,2023,F,0,5.711166667,0.0,6.4,5.0,7.5,4.0,6.8725,10.0,4.3,2.3,5.5,0,5.0,15.0,,,,,,,,,,1.0,0.0
RA-1201,2023,M,0,8.378008333,9.2,9.6,3.77,8.59375,7.8,8.7575,10.0,8.3,6.5,8.5,0,5.0,15.0,,,,,,,,,,1.0,0.0
RA-1202,2023,F,0,6.202008333,7.1,7.6,7.52,7.34375,3.3,6.67,5.0,4.5,3.3,2.0,-1,5.0,16.0,,,,,,,,,,,1.0
RA-1203,2023,F,0,7.487841667,9.2,10.0,2.52,7.96875,7.2,7.8775,5.0,6.7,5.8,9.2,-1,5.0,16.0,,,,,,,,,,0.0,0.0
RA-1204,2023,M,0,6.940416667,7.5,8.7,5.0,7.8125,6.1,7.2125,5.0,5.0,3.7,9.7,-1,5.0,16.0,,,,,,,,,,,1.0
RA-1205,2023,F,0,6.806466667,9.2,9.2,6.26,7.5,5.0,7.085,2.5,5.2,3.7,6.2,-3,5.0,18.0,,,,,,,,,,,1.0
RA-1206,2023,F,0,6.724183333,8.8,8.3,2.52,7.8125,5.6,7.7125,5.0,4.7,3.7,8.3,-2,5.0,17.0,,,,,,,,,,,1.0
RA-1207,2023,F,0,7.58235,8.8,9.0,5.0,7.8125,5.5,7.63,10.0,5.0,4.0,7.5,0,5.0,15.0,,,,,,,,,,1.0,0.0
RA-1208,2023,M,0,7.0651,8.8,8.8,2.52,6.875,6.2,6.2525,10.0,5.0,4.8,8.8,0,5.0,15.0,,,,,,,,,,,1.0
RA-1209,2023,F,0,7.43375,7.5,9.4,5.0,7.8125,7.4,7.7125,5.0,7.7,5.7,8.8,-1,5.0,16.0,,,,,,,,,,,1.0
RA-121,2022,F,1,7.245,7.1,8.4,6.3,,7.2,7.625,5.0,5.7,6.8,9.0,-2,4.0,16.0,,,,,,,,,,0.0,0.0
RA-121,2023,F,2,6.811875,6.3,8.8,5.0,7.34375,6.0,7.4625,5.0,5.0,5.7,7.3,-1,5.0,16.0,-0.4331250000000004,-0.7999999999999998,0.40000000000000036,-1.2999999999999998,,-1.2000000000000002,-0.16249999999999964,0.0,1.0,1.0,0.0
RA-1210,2023,F,0,7.171083333,9.6,9.4,5.0,7.8125,4.7,8.09,5.0,5.0,2.0,7.0,-1,5.0,16.0,,,,,,,,,,0.0,0.0
RA-1211,2023,F,0,7.09205,7.1,9.1,5.0,7.8125,6.2,7.7125,5.0,6.3,4.5,7.8,-1,5.0,16.0,,,,,,,,,,,1.0
RA-1212,2023,F,0,6.755358333,8.3,8.9,5.0,7.65625,4.2,7.715,5.0,0.0,3.5,9.0,-1,5.0,16.0,,,,,,,,,,,1.0
RA-1213,2023,F,0,5.95625,0.0,8.4,2.52,7.8125,6.0,7.715,5.0,6.7,4.8,6.5,-2,5.0,17.0,,,,,,,,,,,1.0
RA-1214,2023,M,0,8.378666667,9.6,9.8,6.89,7.5,7.4,7.6725,10.0,8.0,5.0,9.3,0,6.0,16.0,,,,,,,,,,0.0,0.0
RA-1215,2023,F,0,6.339466667,7.1,5.6,5.0,7.5,4.1,7.1725,10.0,5.0,2.7,4.7,0,6.0,16.0,,,,,,,,,,,1.0
RA-1216,2023,F,0,7.7105,9.6,9.0,5.63,7.5,7.9,7.795,5.0,8.7,5.3,9.7,-2,6.0,19.0,,,,,,,,,,0.0,0.0
RA-1217,2023,F,0,6.064625,0.0,7.9,5.63,7.65625,5.9,7.38,5.0,7.0,4.0,6.7,-1,6.0,17.0,,,,,,,,,,,1.0
RA-1218,2023,M,0,6.8265,7.5,9.2,5.0,7.5,5.3,7.1325,5.0,6.7,3.5,5.7,-1,6.0,17.0,,,,,,,,,,,1.0
RA-1219,2023,F,0,7.215141667,8.8,6.5,5.63,7.34375,6.3,7.38,10.0,7.2,5.5,6.3,0,6.0,16.0,,,,,,,,,,,1.0
RA-122,2022,F,3,5.061,7.9,3.4,7.5,,1.8,4.958,10.0,1.7,3.7,0.0,0,4.0,14.0,,,,,,,,,,,1.0
RA-1220,2023,F,0,6.46725,0.0,9.0,5.0,7.8125,6.8,7.63,5.0,8.8,5.3,6.3,-1,6.0,17.0,,,,,,,,,,0.0,0.0
RA-1221,2023,F,0,8.027466667,9.2,9.1,6.26,8.0,8.7,8.09,5.0,8.2,8.0,10.0,-1,7.0,22.0,,,,,,,,,,0.0,0.0
RA-1222,2023,F,0,7.026466667,7.1,10.0,5.63,6.875,6.8,6.005,5.0,5.0,6.5,9.0,-1,7.0,19.0,,,,,,,,,,,1.0
RA-1223,2023,M,0,8.187766667,8.8,9.3,5.0,6.875,9.0,7.2925,10.0,9.5,8.3,9.3,0,7.0,17.0,,,,,,,,,,,1.0
RA-1224,2023,M,0,7.5524,8.3,9.4,5.0,7.125,8.0,7.6325,5.0,8.2,6.3,9.5,-1,7.0,20.0,,,,,,,,,,0.0,0.0
RA-1225,2023,F,0,,7.5,,2.52,,,,5.0,,,,-1,7.0,18.0,,,,,,,,,,0.0,0.0
RA-1226,2023,F,0,,9.2,,7.52,,,,10.0,,,,1,7.0,16.0,,,,,,,,,,1.0,0.0
RA-1227,2023,F,0,,9.2,,2.52,,,,10.0,,,,1,7.0,16.0,,,,,,,,,,1.0,0.0
RA-1228,2023,F,0,,7.5,,2.52,,,,10.0,,,,0,7.0,17.0,,,,,,,,,,0.0,0.0
RA-1229,2023,F,0,,8.3,,7.52,,,,10.0,,,,1,7.0,16.0,,,,,,,,,,1.0,0.0
RA-123,2022,M,5,7.084,7.9,8.6,5.6,,6.5,7.292,5.0,7.3,6.3,5.9,-2,4.0,16.0,,,,,,,,,,0.0,0.0
RA-123,2023,M,6,6.068333333,0.0,9.4,5.0,6.875,5.7,6.8375,5.0,5.0,5.3,6.7,-2,5.0,17.0,-1.0156666669999996,-7.9,0.8000000000000007,-0.5999999999999996,,-0.7999999999999998,-0.45449999999999946,0.0,0.0,0.0,0.0
RA-1230,2023,F,2,,0.0,,2.52,,,,10.0,,,,1,7.0,16.0,,,,,,,,,,1.0,0.0
RA-1231,2023,M,2,,,,,,,,10.0,,,,0,8.0,22.0,,,,,,,,,,0.0,0.0
RA-1232,2023,M,2,,,,,,,,10.0,,,,0,8.0,21.0,,,,,,,,,,0.0,0.0
RA-1233,2023,F,2,,,,,,,,10.0,,,,0,8.0,22.0,,,,,,,,,,0.0,0.0
RA-1234,2023,F,2,,,,,,,,10.0,,,,0,8.0,20.0,,,,,,,,,,0.0,0.0
RA-1235,2023,M,2,,,,,,,,10.0,,,,0,8.0,21.0,,,,,,,,,,0.0,0.0
RA-1236,2023,F,2,,,,,,,,10.0,,,,0,8.0,21.0,,,,,,,,,,0.0,0.0
RA-1237,2023,F,2,,,,,,,,10.0,,,,0,8.0,21.0,,,,,,,,,,0.0,0.0
RA-1238,2023,F,2,,,,,,,,10.0,,,,0,8.0,21.0,,,,,,,,,,0.0,0.0
RA-1239,2023,F,2,,,,,,,,10.0,,,,0,8.0,20.0,,,,,,,,,,0.0,0.0
RA-124,2022,M,6,7.388,7.9,7.8,5.0,,6.7,7.167,10.0,5.7,7.0,7.5,0,4.0,14.0,,,,,,,,,,,1.0
RA-1240,2023,M,2,,,,,,,,10.0,,,,0,8.0,20.0,,,,,,,,,,0.0,0.0
RA-1241,2023,F,2,,,,,,,,10.0,,,,0,8.0,20.0,,,,,,,,,,0.0,0.0
RA-1242,2023,F,2,,,,,,,,10.0,,,,0,8.0,19.0,,,,,,,,,,0.0,0.0
RA-1243,2023,F,2,,,,,,,,10.0,,,,0,8.0,19.0,,,,,,,,,,,0.0
RA-1244,2023,F,2,,,,,,,,10.0,,,,0,8.0,20.0,,,,,,,,,,0.0,0.0
RA-1245,2023,M,2,,,,,,,,10.0,,,,0,8.0,20.0,,,,,,,,,,0.0,0.0
RA-1246,2023,F,2,,,,,,,,10.0,,,,0,8.0,20.0,,,,,,,,,,0.0,0.0
RA-1247,2023,F,2,,,,,,,,10.0,,,,0,8.0,21.0,,,,,,,,,,,0.0
RA-1248,2023,M,2,,,,,,,,10.0,,,,0,8.0,20.0,,,,,,,,,,0.0,0.0
RA-1249,2023,M,2,,,,,,,,10.0,,,,0,8.0,26.0,,,,,,,,,,0.0,0.0
RA-125,2022,F,0,7.619,8.8,8.5,7.5,,7.1,7.75,5.0,5.0,7.2,9.2,-1,4.0,15.0,,,,,,,,,,0.0,0.0
RA-125,2023,F,1,6.989633333,9.2,7.7,5.0,8.125,5.8,7.835,5.0,3.3,5.8,8.2,-1,5.0,16.0,-0.6293666670000002,0.3999999999999986,-0.7999999999999998,-2.5,,-1.2999999999999998,0.08499999999999996,0.0,0.0,0.0,0.0
RA-1250,2023,M,2,,,,,,,,10.0,,,,0,8.0,20.0,,,,,,,,,,0.0,0.0
RA-1251,2023,F,2,,,,,,,,10.0,,,,0,8.0,20.0,,,,,,,,,,0.0,0.0
RA-1252,2023,F,2,,,,,,,,10.0,,,,0,8.0,21.0,,,,,,,,,,0.0,0.0
RA-1253,2023,F,2,,,,,,,,10.0,,,,0,8.0,23.0,,,,,,,,,,0.0,0.0
RA-1254,2023,M,2,,,,,,,,10.0,,,,0,8.0,19.0,,,,,,,,,,0.0,0.0
RA-1255,2023,M,2,,,,,,,,10.0,,,,0,8.0,19.0,,,,,,,,,,0.0,0.0
RA-1256,2023,F,2,,,,,,,,10.0,,,,0,8.0,18.0,,,,,,,,,,0.0,0.0
RA-1257,2023,M,2,,,,,,,,10.0,,,,0,8.0,18.0,,,,,,,,,,0.0,0.0
RA-1258,2023,M,2,,,,,,,,10.0,,,,0,8.0,24.0,,,,,,,,,,0.0,0.0
RA-1259,2023,F,2,,,,,,,,10.0,,,,0,8.0,19.0,,,,,,,,,,0.0,0.0
RA-126,2022,M,4,6.289,7.1,5.8,7.5,,4.4,7.417,5.0,4.0,5.0,4.2,-1,4.0,15.0,,,,,,,,,,,1.0
RA-1260,2023,M,2,,,,,,,,10.0,,,,0,8.0,19.0,,,,,,,,,,0.0,0.0
RA-1261,2023,F,2,,,,,,,,10.0,,,,0,8.0,19.0,,,,,,,,,,0.0,0.0
RA-1262,2023,F,2,,,,,,,,10.0,,,,0,8.0,19.0,,,,,,,,,,0.0,0.0
RA-1263,2023,F,2,,,,,,,,10.0,,,,0,8.0,20.0,,,,,,,,,,0.0,0.0
RA-1264,2023,F,2,,,,,,,,10.0,,,,0,8.0,20.0,,,,,,,,,,0.0,0.0
RA-1265,2023,M,1,,,,,,,,10.0,,,,0,8.0,20.0,,,,,,,,,,0.0,0.0
RA-1266,2023,F,2,,,,,,,,10.0,,,,0,8.0,19.0,,,,,,,,,,0.0,0.0
RA-1267,2023,F,2,,,,,,,,10.0,,,,0,8.0,22.0,,,,,,,,,,0.0,0.0
RA-1268,2023,M,2,,,,,,,,10.0,,,,0,8.0,19.0,,,,,,,,,,0.0,0.0
RA-1269,2023,F,2,,,,,,,,10.0,,,,0,8.0,18.0,,,,,,,,,,0.0,0.0
RA-127,2022,F,0,8.283,7.5,8.7,7.5,,7.9,8.125,10.0,7.7,7.7,8.3,0,4.0,14.0,,,,,,,,,,0.0,0.0
RA-127,2023,F,1,7.91935,8.8,7.8,6.26,8.4375,6.4,8.6725,10.0,4.7,6.3,8.2,0,5.0,15.0,-0.3636499999999998,1.3000000000000007,-0.8999999999999995,-1.2400000000000002,,-1.5,0.5474999999999994,0.0,0.0,0.0,0.0
RA-1270,2023,F,2,,,,,,,,10.0,,,,0,8.0,19.0,,,,,,,,,,0.0,0.0
RA-1271,2023,F,2,,,,,,,,10.0,,,,0,8.0,18.0,,,,,,,,,,0.0,0.0
RA-1272,2023,F,2,,,,,,,,10.0,,,,0,8.0,18.0,,,,,,,,,,0.0,0.0
RA-1273,2023,F,0,,,,,,,,10.0,,,,1,8.0,17.0,,,,,,,,,,1.0,0.0
RA-1274,2023,F,2,,,,,,,,10.0,,,,0,8.0,18.0,,,,,,,,,,0.0,0.0
RA-128,2022,M,3,5.563,0.0,6.2,7.5,,5.6,6.167,5.0,6.7,6.8,3.2,-1,4.0,15.0,,,,,,,,,,0.0,0.0
RA-128,2023,M,4,6.503908333,6.7,7.3,5.0,7.34375,5.7,7.5475,5.0,6.3,4.0,6.7,-1,5.0,16.0,0.9409083330000003,6.7,1.0999999999999996,-2.5,,0.10000000000000053,1.3805000000000005,0.0,0.0,,1.0
RA-129,2022,M,3,6.926,6.7,6.4,7.5,,6.7,7.792,5.0,6.0,5.3,8.7,-1,4.0,15.0,,,,,,,,,,,1.0
RA-13,2022,M,6,6.902,7.9,7.4,7.5,,4.7,8.056,5.0,3.5,5.5,5.2,-1,7.0,18.0,,,,,,,,,,0.0,0.0
RA-13,2023,M,7,,,,,,,,10.0,,,,0,8.0,18.0,,,,,,,,5.0,1.0,0.0,0.0
RA-130,2022,F,4,5.624,8.3,4.7,5.0,,4.1,6.5,5.0,3.7,5.2,3.5,-2,4.0,16.0,,,,,,,,,,,1.0
RA-131,2022,F,6,7.174,8.8,9.0,5.6,,5.6,7.75,5.0,6.0,6.5,4.2,-1,4.0,15.0,,,,,,,,,,0.0,0.0
RA-131,2023,F,7,5.952358333,8.3,7.8,5.0,7.65625,2.2,6.8,5.0,0.0,3.0,3.5,-1,5.0,16.0,-1.221641667,-0.5,-1.2000000000000002,-0.5999999999999996,,-3.3999999999999995,-0.9500000000000002,0.0,0.0,1.0,0.0
RA-132,2022,F,3,8.355,10.0,8.8,5.6,,7.7,8.458,10.0,6.5,7.5,9.1,0,4.0,14.0,,,,,,,,,,0.0,0.0
RA-132,2023,F,4,7.350625,7.5,8.7,2.52,7.65625,6.5,7.715,10.0,6.3,6.5,6.7,0,5.0,15.0,-1.0043750000000005,-2.5,-0.10000000000000142,-3.0799999999999996,,-1.2000000000000002,-0.7430000000000003,0.0,0.0,0.0,0.0
RA-133,2022,F,6,6.875,7.9,7.1,7.5,,5.6,7.625,5.0,4.7,7.2,5.0,-1,4.0,15.0,,,,,,,,,,0.0,0.0
RA-133,2023,F,7,6.168416667,7.5,7.9,2.52,7.1875,5.3,6.505,5.0,5.0,4.3,6.7,-1,5.0,16.0,-0.7065833330000002,-0.40000000000000036,0.8000000000000007,-4.98,,-0.2999999999999998,-1.12,0.0,0.0,,1.0
RA-134,2022,F,1,6.607,8.8,6.8,7.5,,4.7,7.375,5.0,4.7,6.8,2.5,-1,4.0,15.0,,,,,,,,,,,1.0
RA-135,2022,F,3,7.692,8.3,7.8,5.6,,8.6,8.583,5.0,8.0,8.2,9.5,-1,4.0,15.0,,,,,,,,,,,1.0
RA-136,2022,M,3,6.478,10.0,6.3,7.5,,4.6,6.667,5.0,5.3,5.7,2.8,-1,4.0,15.0,,,,,,,,,,,1.0
RA-137,2022,F,6,7.056,7.5,8.9,5.0,,7.3,7.792,2.5,6.0,7.3,8.5,-3,4.0,17.0,,,,,,,,,,0.0,0.0
RA-137,2023,F,7,5.937025,7.1,6.3,2.52,6.40625,6.0,6.88,5.0,7.3,4.5,6.2,-2,5.0,17.0,-1.1189749999999998,-0.40000000000000036,-2.6000000000000005,-2.48,,-1.2999999999999998,-0.9119999999999999,2.5,1.0,0.0,0.0
RA-138,2022,M,6,6.738,9.6,8.0,5.6,,5.6,6.375,5.0,5.0,6.5,5.2,-1,4.0,15.0,,,,,,,,,,1.0,0.0
RA-138,2023,M,7,6.784075,10.0,7.9,6.26,7.34375,4.3,7.4175,5.0,4.0,3.7,5.2,-2,4.0,16.0,0.0460749999999992,0.40000000000000036,-0.09999999999999964,0.6600000000000001,,-1.2999999999999998,1.0425000000000004,0.0,-1.0,0.0,0.0
RA-139,2022,M,3,3.738,7.1,3.5,5.0,,1.4,3.917,2.5,1.7,2.7,0.0,-3,4.0,17.0,,,,,,,,,,,1.0
RA-14,2022,M,0,6.793,7.9,8.3,7.5,,4.0,7.75,5.0,8.0,0.0,,-1,7.0,21.0,,,,,,,,,,0.0,0.0
RA-14,2023,M,1,,,,,,,,10.0,,,,0,8.0,21.0,,,,,,,,5.0,1.0,0.0,0.0
RA-140,2022,F,1,7.407,7.9,7.6,6.9,,5.7,7.667,10.0,5.0,6.5,5.6,0,4.0,14.0,,,,,,,,,,,1.0
RA-141,2022,M,5,7.118,9.2,8.2,5.6,,5.7,5.917,10.0,5.8,6.2,5.0,0,4.0,14.0,,,,,,,,,,1.0,0.0
RA-141,2023,M,6,6.719791667,9.6,8.4,5.63,7.03125,4.5,7.0425,5.0,6.0,5.3,2.3,-1,4.0,15.0,-0.39820833300000036,0.40000000000000036,0.20000000000000107,0.03000000000000025,,-1.2000000000000002,1.1255000000000006,-5.0,-1.0,,1.0
RA-142,2022,F,1,7.457,6.7,8.6,5.6,,6.3,7.583,10.0,6.0,6.8,6.0,0,4.0,14.0,,,,,,,,,,,1.0
RA-143,2022,M,3,8.638,8.3,9.9,5.6,,7.9,9.5,10.0,9.7,7.7,6.4,1,4.0,13.0,,,,,,,,,,0.0,0.0
RA-143,2023,M,4,7.794358333,8.3,9.6,2.52,8.28125,6.5,8.3375,10.0,9.2,5.0,5.2,1,5.0,14.0,-0.843641667,0.0,-0.3000000000000007,-3.0799999999999996,,-1.4000000000000004,-1.1624999999999996,0.0,0.0,0.0,0.0
RA-144,2022,F,5,8.181,7.5,9.3,5.0,,7.9,8.292,10.0,7.5,7.2,9.0,0,4.0,14.0,,,,,,,,,,0.0,0.0
RA-144,2023,F,6,4.990333333,0.0,5.2,2.52,6.25,4.4,6.0,10.0,3.3,2.5,7.3,1,5.0,14.0,-3.1906666669999995,-7.5,-4.1000000000000005,-2.48,,-3.5,-2.292,0.0,1.0,,1.0
RA-145,2022,M,5,5.846,0.0,6.3,8.1,,5.2,7.25,5.0,3.0,4.8,7.8,-2,4.0,16.0,,,,,,,,,,1.0,0.0
RA-145,2023,M,6,,7.9,9.0,,7.96875,6.2,7.4625,2.5,5.3,6.0,7.2,-3,4.0,17.0,,7.9,2.7,,,1.0,0.21250000000000036,-2.5,-1.0,,1.0
RA-146,2022,F,0,7.947,8.3,9.2,7.5,,7.9,8.208,5.0,6.3,7.3,10.0,-1,4.0,15.0,,,,,,,,,,0.0,0.0
RA-146,2023,F,1,7.584483333,6.2,9.5,5.0,8.4375,7.9,8.2125,5.0,7.8,5.8,10.0,-1,5.0,16.0,-0.3625166670000004,-2.1000000000000005,0.3000000000000007,-2.5,,0.0,0.0045000000000001705,0.0,0.0,1.0,0.0
RA-147,2022,F,0,7.541,8.3,7.7,7.5,,6.1,7.25,10.0,5.8,4.8,7.7,0,4.0,14.0,,,,,,,,,,1.0,0.0
RA-147,2023,F,1,5.5425,0.0,7.0,5.63,6.875,4.5,7.46,5.0,5.0,6.0,2.5,-1,4.0,15.0,-1.9985,-8.3,-0.7000000000000002,-1.87,,-1.5999999999999996,0.20999999999999996,-5.0,-1.0,0.0,0.0
RA-148,2022,M,0,7.894,9.2,7.9,10.0,,5.3,7.708,10.0,4.7,6.3,5.0,0,4.0,14.0,,,,,,,,,,,1.0
RA-149,2022,F,0,6.323,9.2,6.5,7.5,,5.0,6.125,5.0,4.0,6.0,,-1,4.0,15.0,,,,,,,,,,1.0,0.0
RA-149,2023,F,1,5.622266667,8.8,4.2,2.52,7.5,4.7,7.2925,5.0,5.7,3.5,5.0,-2,4.0,16.0,-0.7007333330000005,-0.3999999999999986,-2.3,-4.98,,-0.2999999999999998,1.1675000000000004,0.0,-1.0,0.0,0.0
RA-15,2022,M,0,7.783,8.8,10.0,7.5,,7.3,7.292,5.0,8.0,6.5,,-1,7.0,18.0,,,,,,,,,,,1.0
RA-150,2022,F,2,6.962,9.6,6.3,6.9,,6.9,7.333,5.0,5.3,6.7,8.6,-2,4.0,16.0,,,,,,,,,,,1.0
RA-151,2022,F,2,7.563,8.8,7.5,6.9,,8.3,7.958,5.0,7.3,8.0,9.5,-2,4.0,16.0,,,,,,,,,,0.0,0.0
RA-151,2023,F,3,6.892541667,0.0,7.8,7.52,8.59375,7.9,8.1725,5.0,6.8,7.0,10.0,-2,5.0,17.0,-0.670458333,-8.8,0.2999999999999998,0.6199999999999992,,-0.40000000000000036,0.21449999999999925,0.0,0.0,,1.0
RA-152,2022,F,0,6.712,8.3,7.0,7.5,,6.5,6.292,5.0,4.0,7.0,8.5,-2,4.0,16.0,,,,,,,,,,0.0,0.0
RA-152,2023,F,1,6.30695,7.9,7.7,2.52,7.8125,4.5,7.71,5.0,4.0,5.0,4.5,-2,4.0,16.0,-0.40505000000000013,-0.40000000000000036,0.7000000000000002,-4.98,,-2.0,1.4180000000000001,0.0,0.0,0.0,0.0
RA-153,2022,F,4,7.535,7.9,8.2,5.0,,6.6,7.708,10.0,3.3,7.7,8.8,0,4.0,14.0,,,,,,,,,,0.0,0.0
RA-153,2023,F,5,7.289966667,9.2,7.4,2.52,8.125,6.4,7.71,10.0,6.0,5.3,8.0,0,5.0,15.0,-0.2450333330000003,1.299999999999999,-0.7999999999999989,-2.48,,-0.1999999999999993,0.0019999999999997797,0.0,0.0,0.0,0.0
RA-154,2022,M,5,6.073,8.3,6.1,6.3,,4.0,6.833,5.0,3.7,6.2,2.1,-1,4.0,15.0,,,,,,,,,,,1.0
RA-155,2022,M,0,7.051,10.0,8.3,7.5,,5.2,6.833,5.0,4.3,6.8,4.3,-2,4.0,16.0,,,,,,,,,,0.0,0.0
RA-155,2023,M,1,6.318991667,7.9,8.1,5.0,7.03125,4.4,6.5875,5.0,5.3,2.8,5.2,-2,5.0,17.0,-0.7320083330000005,-2.0999999999999996,-0.20000000000000107,-2.5,,-0.7999999999999998,-0.24549999999999983,0.0,0.0,0.0,0.0
RA-156,2022,M,4,7.357,10.0,8.3,9.4,,4.4,7.792,5.0,4.7,6.5,2.1,-1,4.0,15.0,,,,,,,,,,,1.0
RA-157,2022,F,4,8.317,7.5,10.0,6.3,,7.7,8.292,10.0,7.0,7.5,8.7,1,4.0,12.0,,,,,,,,,,0.0,0.0
RA-157,2023,F,5,7.879008333,7.1,9.9,2.52,8.59375,6.8,8.63,10.0,6.0,6.8,7.5,2,5.0,13.0,-0.43799166700000036,-0.40000000000000036,-0.09999999999999964,-3.78,,-0.9000000000000004,0.33800000000000097,0.0,1.0,1.0,0.0
RA-158,2022,F,5,7.302,7.9,9.8,5.6,,6.6,8.125,2.5,5.0,6.7,8.1,-3,4.0,17.0,,,,,,,,,,0.0,0.0
RA-158,2023,F,6,7.297425,7.1,9.0,2.52,8.28125,6.0,7.545,10.0,6.0,5.7,6.3,1,5.0,14.0,-0.004574999999999996,-0.8000000000000007,-0.8000000000000007,-3.0799999999999996,,-0.5999999999999996,-0.5800000000000001,7.5,4.0,1.0,0.0
RA-159,2022,F,1,6.49,8.3,8.1,5.6,,4.7,6.458,5.0,4.3,5.8,3.9,-1,4.0,15.0,,,,,,,,,,1.0,0.0
RA-159,2023,F,2,6.805033333,7.9,8.1,2.52,8.125,6.3,7.8775,5.0,5.0,6.0,7.8,-2,4.0,16.0,0.3150333329999997,-0.40000000000000036,0.0,-3.0799999999999996,,1.5999999999999996,1.4195000000000002,0.0,-1.0,,1.0
RA-16,2022,M,0,6.112,7.9,8.3,5.0,,3.5,6.333,5.0,7.0,0.0,,-1,7.0,19.0,,,,,,,,,,,1.0
RA-160,2022,F,1,6.746,7.5,7.2,5.6,,5.3,8.25,5.0,2.7,6.0,7.1,-1,4.0,15.0,,,,,,,,,,0.0,0.0
RA-160,2023,F,2,6.598266667,8.8,8.3,2.52,8.125,5.0,7.46,5.0,3.3,3.8,8.0,-1,5.0,16.0,-0.14773333300000058,1.3000000000000007,1.1000000000000005,-3.0799999999999996,,-0.2999999999999998,-0.79,0.0,0.0,0.0,0.0
RA-161,2022,F,4,7.957,7.9,9.1,5.6,,6.9,8.083,10.0,5.3,6.8,8.5,2,4.0,11.0,,,,,,,,,,1.0,0.0
RA-161,2023,F,5,6.250166667,0.0,7.3,2.52,8.125,5.8,7.795,10.0,7.0,4.5,6.0,1,5.0,14.0,-1.7068333329999996,-7.9,-1.7999999999999998,-3.0799999999999996,,-1.1000000000000005,-0.28800000000000026,0.0,-1.0,1.0,0.0
RA-162,2022,F,1,7.215,6.7,8.5,7.5,,5.5,6.542,10.0,4.7,5.5,6.4,0,4.0,14.0,,,,,,,,,,,1.0
RA-163,2022,F,1,6.797,8.8,7.9,5.6,,6.7,6.5,5.0,6.5,6.3,7.4,-1,4.0,15.0,,,,,,,,,,,1.0
RA-164,2022,M,4,6.776,8.3,7.3,5.6,,6.5,7.208,5.0,4.7,6.5,8.3,-2,4.0,16.0,,,,,,,,,,0.0,0.0
RA-164,2023,M,5,5.638666667,0.0,8.2,2.52,6.875,5.8,6.9625,5.0,6.0,4.2,7.3,-1,5.0,16.0,-1.137333333,-8.3,0.8999999999999995,-3.0799999999999996,,-0.7000000000000002,-0.24549999999999983,0.0,1.0,1.0,0.0
RA-165,2022,F,5,8.063,7.1,9.8,5.6,,7.6,7.5,10.0,5.3,7.8,9.7,0,4.0,14.0,,,,,,,,,,0.0,0.0
RA-165,2023,F,6,7.583433333,6.7,9.2,2.52,8.125,7.3,7.795,10.0,7.3,6.2,8.3,0,5.0,15.0,-0.4795666670000003,-0.39999999999999947,-0.6000000000000014,-3.0799999999999996,,-0.2999999999999998,0.29499999999999993,0.0,0.0,0.0,0.0
RA-166,2022,M,2,8.253,9.2,9.0,6.3,,8.1,7.542,10.0,7.0,7.2,10.0,0,4.0,14.0,,,,,,,,,,0.0,0.0
RA-166,2023,M,3,8.105583333,7.5,8.9,6.26,8.4375,8.1,7.4625,10.0,7.0,7.2,10.0,0,5.0,15.0,-0.1474166669999999,-1.6999999999999993,-0.09999999999999964,-0.040000000000000036,,0.0,-0.07949999999999946,0.0,0.0,0.0,0.0
RA-167,2022,F,4,7.798,9.2,9.7,5.6,,7.9,7.833,5.0,9.3,8.0,6.3,-2,4.0,16.0,,,,,,,,,,0.0,0.0
RA-167,2023,F,5,7.806141667,8.8,9.9,5.0,7.96875,7.9,7.8375,5.0,8.3,7.2,8.3,-2,5.0,17.0,0.008141667000000297,-0.3999999999999986,0.20000000000000107,-0.5999999999999996,,0.0,0.0045000000000001705,0.0,0.0,0.0,0.0
RA-168,2022,F,4,6.917,7.9,8.3,6.3,,5.9,7.083,5.0,4.7,8.2,5.0,-1,4.0,15.0,,,,,,,,,,0.0,0.0
RA-168,2023,F,5,6.483083333,0.0,9.6,6.89,6.5625,4.7,6.4225,10.0,4.3,3.0,6.7,0,5.0,15.0,-0.4339166670000001,-7.9,1.299999999999999,0.5899999999999999,,-1.2000000000000002,-0.6604999999999999,5.0,1.0,,1.0
RA-169,2022,F,4,5.159,7.5,5.1,6.3,,3.2,4.792,5.0,1.3,4.5,3.8,-1,4.0,15.0,,,,,,,,,,,1.0
RA-17,2022,M,0,8.068,8.8,10.0,7.5,,7.8,8.292,5.0,9.0,6.5,,-1,7.0,20.0,,,,,,,,,,0.0,0.0
RA-17,2023,M,1,,,,,,,,10.0,,,,0,8.0,21.0,,,,,,,,5.0,1.0,0.0,0.0
RA-170,2022,F,4,7.007,8.3,9.2,5.6,,4.9,5.792,10.0,3.7,6.7,4.3,0,4.0,14.0,,,,,,,,,,1.0,0.0
RA-170,2023,F,5,7.062433333,8.8,8.9,2.52,6.875,7.2,7.6725,5.0,6.3,8.7,6.5,-2,3.0,15.0,0.05543333300000075,0.5,-0.29999999999999893,-3.0799999999999996,,2.3,1.8805000000000005,-5.0,-2.0,0.0,0.0
RA-171,2022,M,0,6.581,7.5,6.8,7.5,,5.5,6.875,5.0,3.0,8.0,,-2,4.0,16.0,,,,,,,,,,0.0,0.0
RA-171,2023,M,1,6.293083333,7.5,7.2,5.0,7.1875,5.2,6.755,5.0,4.5,4.8,6.2,-2,5.0,17.0,-0.2879166670000002,0.0,0.40000000000000036,-2.5,,-0.2999999999999998,-0.1200000000000001,0.0,0.0,0.0,0.0
RA-172,2022,F,4,8.673,9.2,8.9,9.4,,7.3,8.917,10.0,6.0,7.7,8.1,0,4.0,14.0,,,,,,,,,,0.0,0.0
RA-172,2023,F,5,,0.0,,3.77,,,,10.0,,,,2,7.0,15.0,,-9.2,,-5.630000000000001,,,,0.0,2.0,1.0,0.0
RA-173,2022,M,3,7.816,8.3,9.2,6.9,,7.9,9.25,2.5,9.0,7.5,7.1,-3,4.0,17.0,,,,,,,,,,0.0,0.0
RA-173,2023,M,4,7.757466667,9.2,8.5,6.26,8.125,8.1,7.8775,5.0,9.0,6.2,9.2,-2,5.0,17.0,-0.05853333299999974,0.8999999999999986,-0.6999999999999993,-0.6400000000000006,,0.1999999999999993,-1.3724999999999996,2.5,1.0,0.0,0.0
RA-174,2022,F,3,6.075,7.9,6.2,7.5,,4.4,6.042,5.0,4.0,5.3,3.8,-1,4.0,15.0,,,,,,,,,,1.0,0.0
RA-174,2023,F,4,6.1242,7.9,5.6,5.0,7.5,5.1,7.2125,5.0,3.7,7.3,4.3,-2,4.0,16.0,0.04919999999999991,0.0,-0.6000000000000005,-2.5,,0.6999999999999993,1.1705000000000005,0.0,-1.0,,1.0
RA-175,2022,F,4,6.75,8.3,9.2,5.6,,5.9,5.833,5.0,4.7,7.2,5.9,-1,4.0,15.0,,,,,,,,,,0.0,0.0
RA-175,2023,F,5,6.569516667,8.8,9.2,2.52,7.1875,4.8,7.085,5.0,5.0,5.0,4.5,-1,5.0,16.0,-0.18048333299999975,0.5,0.0,-3.0799999999999996,,-1.1000000000000005,1.2519999999999998,0.0,0.0,0.0,0.0
RA-176,2022,F,4,8.427,9.6,9.1,5.6,,6.9,9.083,10.0,5.1,6.8,8.7,0,3.0,13.0,,,,,,,,,,0.0,0.0
RA-176,2023,F,5,8.316833333,9.6,9.5,2.52,8.125,8.0,9.0025,10.0,7.3,7.3,9.3,0,4.0,14.0,-0.11016666699999966,0.0,0.40000000000000036,-3.0799999999999996,,1.0999999999999996,-0.08050000000000068,0.0,0.0,0.0,0.0
RA-177,2022,F,0,7.424,7.9,8.8,4.4,,6.8,6.958,10.0,6.0,7.5,,0,3.0,13.0,,,,,,,,,,,1.0
RA-178,2022,F,6,7.025,0.0,8.8,4.4,,6.3,8.458,10.0,6.2,5.3,7.3,0,3.0,13.0,,,,,,,,,,0.0,0.0
RA-178,2023,F,7,7.406658333,7.9,8.7,2.52,7.65625,5.9,8.42,10.0,6.3,5.8,5.5,0,4.0,14.0,0.38165833299999985,7.9,-0.10000000000000142,-1.8800000000000003,,-0.39999999999999947,-0.038000000000000256,0.0,0.0,0.0,0.0
RA-179,2022,M,0,7.993,7.5,9.2,7.5,,6.1,8.042,10.0,3.7,6.7,8.0,0,3.0,12.0,,,,,,,,,,0.0,0.0
RA-179,2023,M,1,8.437641667,8.8,9.4,7.52,8.59375,6.4,8.9225,10.0,8.7,6.3,4.3,0,3.0,12.0,0.4446416669999991,1.3000000000000007,0.20000000000000107,0.019999999999999574,,0.3000000000000007,0.8804999999999996,0.0,0.0,0.0,0.0
RA-18,2022,M,0,7.226,6.3,8.7,6.3,,9.0,6.875,5.0,9.0,9.0,,-1,7.0,19.0,,,,,,,,,,,1.0
RA-180,2022,M,4,8.442,9.2,8.3,6.3,,8.1,8.625,10.0,7.7,8.3,8.3,0,3.0,12.0,,,,,,,,,,0.0,0.0
RA-180,2023,M,5,8.283216667,9.2,9.4,2.52,8.4375,8.0,8.92,10.0,8.3,7.3,8.5,1,4.0,13.0,-0.15878333300000058,0.0,1.0999999999999996,-3.78,,-0.09999999999999964,0.29499999999999993,0.0,1.0,0.0,0.0
RA-181,2022,F,3,8.623,9.2,9.5,8.8,,6.8,8.458,10.0,6.8,7.3,6.2,0,3.0,13.0,,,,,,,,,,0.0,0.0
RA-181,2023,F,4,7.671208333,9.6,8.3,2.52,7.96875,6.8,8.2525,10.0,8.3,6.5,5.5,0,4.0,14.0,-0.9517916669999993,0.40000000000000036,-1.1999999999999993,-6.280000000000001,,0.0,-0.20550000000000068,0.0,0.0,0.0,0.0
RA-182,2022,F,1,6.328,7.5,8.0,7.5,,4.1,6.958,2.5,1.3,5.7,5.4,-3,3.0,16.0,,,,,,,,,,,1.0
RA-183,2022,F,0,7.3,8.3,8.8,7.5,,3.8,7.25,10.0,0.0,7.5,,0,3.0,13.0,,,,,,,,,,1.0,0.0
RA-183,2023,F,1,7.586241667,7.9,9.7,2.52,7.96875,7.7,8.795,5.0,7.0,8.0,8.2,-1,3.0,14.0,0.28624166700000053,-0.40000000000000036,0.8999999999999986,-4.98,,3.9000000000000004,1.545,-5.0,-1.0,0.0,0.0
RA-184,2022,M,3,7.28,8.8,7.7,7.5,,7.2,8.0,2.5,5.0,7.3,9.3,-3,3.0,16.0,,,,,,,,,,0.0,0.0
RA-184,2023,M,4,8.430241667,7.9,9.5,7.52,8.59375,7.1,8.5025,10.0,7.3,6.3,7.8,1,4.0,13.0,1.1502416670000004,-0.9000000000000004,1.7999999999999998,0.019999999999999574,,-0.10000000000000053,0.5024999999999995,7.5,4.0,0.0,0.0
RA-185,2022,M,1,6.615,7.9,7.7,7.5,,4.5,6.875,5.0,3.3,5.7,4.5,-2,3.0,15.0,,,,,,,,,,,1.0
RA-186,2022,F,3,7.832,8.3,8.5,7.5,,6.6,7.5,10.0,6.0,5.7,8.0,0,3.0,13.0,,,,,,,,,,0.0,0.0
RA-186,2023,F,4,7.817541667,7.5,9.7,2.52,7.96875,6.9,8.46,10.0,6.8,7.0,7.0,0,4.0,14.0,-0.014458332999999435,-0.8000000000000007,1.1999999999999993,-4.98,,0.3000000000000007,0.9600000000000009,0.0,0.0,0.0,0.0
RA-187,2022,F,3,7.928,8.8,8.9,7.5,,5.8,7.917,10.0,5.3,7.2,4.8,0,3.0,12.0,,,,,,,,,,0.0,0.0
RA-187,2023,F,4,7.809875,7.5,9.9,2.52,7.96875,6.9,8.255,10.0,7.3,8.7,4.7,0,3.0,13.0,-0.11812500000000004,-1.3000000000000007,1.0,-4.98,,1.1000000000000005,0.33800000000000097,0.0,0.0,0.0,0.0
RA-188,2022,M,1,5.307,0.0,6.1,7.5,,2.7,7.583,5.0,3.0,3.2,2.0,-1,3.0,14.0,,,,,,,,,,,1.0
RA-189,2022,M,4,7.629,10.0,9.7,5.0,,7.2,7.333,5.0,6.3,7.2,8.0,-1,3.0,14.0,,,,,,,,,,0.0,0.0
RA-189,2023,M,5,7.727325,7.9,9.4,2.52,8.28125,6.5,8.3775,10.0,6.3,6.5,6.7,0,4.0,14.0,0.09832500000000088,-2.0999999999999996,-0.29999999999999893,-2.48,,-0.7000000000000002,1.0444999999999993,5.0,1.0,0.0,0.0
RA-19,2022,F,0,7.665,7.9,9.5,7.5,,8.0,7.0,5.0,7.0,9.0,,-1,7.0,19.0,,,,,,,,,,0.0,0.0
RA-19,2023,F,1,7.710866667,7.9,9.4,5.63,7.75,7.8,8.1725,5.0,7.7,7.0,8.8,-1,7.0,19.0,0.045866667000000305,0.0,-0.09999999999999964,-1.87,,-0.20000000000000018,1.1724999999999994,0.0,0.0,0.0,0.0
RA-190,2022,F,0,7.335,6.7,6.9,8.8,,6.3,7.25,10.0,5.0,7.5,,0,3.0,13.0,,,,,,,,,,1.0,0.0
RA-190,2023,F,1,6.934158333,7.9,9.5,2.52,7.65625,5.7,7.9575,5.0,5.8,5.2,6.0,-1,3.0,14.0,-0.4008416669999999,1.2000000000000002,2.5999999999999996,-6.280000000000001,,-0.5999999999999996,0.7074999999999996,-5.0,-1.0,,1.0
RA-191,2022,M,3,8.74,10.0,9.4,8.8,,7.2,8.5,10.0,8.0,7.2,6.3,0,3.0,13.0,,,,,,,,,,0.0,0.0
RA-191,2023,M,4,7.263666667,0.0,9.7,2.52,8.125,7.8,8.4625,10.0,8.7,7.0,7.8,0,4.0,14.0,-1.4763333330000004,-10.0,0.29999999999999893,-6.280000000000001,,0.5999999999999996,-0.037499999999999645,0.0,0.0,0.0,0.0
RA-192,2022,M,1,4.932,8.8,3.6,7.5,,2.7,4.708,5.0,1.7,4.7,1.7,-2,3.0,15.0,,,,,,,,,,0.0,0.0
RA-192,2023,M,2,6.616016667,8.8,6.2,5.0,7.1875,6.5,7.3775,5.0,6.0,5.8,7.8,-2,4.0,16.0,1.6840166669999999,0.0,2.6,-2.5,,3.8,2.6695,0.0,0.0,0.0,0.0
RA-193,2022,M,6,8.155,9.2,8.9,5.6,,6.7,8.5,10.0,5.0,6.3,8.7,0,3.0,12.0,,,,,,,,,,0.0,0.0
RA-193,2023,M,7,7.718566667,8.3,9.4,2.52,8.125,6.5,8.17,10.0,6.0,6.3,7.3,1,4.0,13.0,-0.4364333329999992,-0.8999999999999986,0.5,-3.0799999999999996,,-0.20000000000000018,-0.33000000000000007,0.0,1.0,0.0,0.0
RA-194,2022,F,0,4.265,0.0,6.2,5.0,,3.2,3.75,5.0,3.7,5.8,0.0,-1,3.0,14.0,,,,,,,,,,,1.0
RA-195,2022,F,5,8.017,8.8,9.2,5.0,,6.3,8.25,10.0,6.8,6.3,5.8,0,3.0,13.0,,,,,,,,,,0.0,0.0
RA-195,2023,F,6,7.60205,7.1,9.2,2.52,8.4375,6.0,8.79,10.0,6.3,6.2,5.5,0,4.0,14.0,-0.41494999999999926,-1.700000000000001,0.0,-2.48,,-0.2999999999999998,0.5399999999999991,0.0,0.0,0.0,0.0
RA-196,2022,M,4,8.124,9.2,9.1,7.5,,5.1,8.625,10.0,4.0,6.0,5.3,0,3.0,12.0,,,,,,,,,,0.0,0.0
RA-196,2023,M,5,7.560991667,7.9,9.0,2.52,8.28125,6.2,8.2125,10.0,7.0,6.0,5.7,1,4.0,13.0,-0.5630083330000009,-1.299999999999999,-0.09999999999999964,-4.98,,1.1000000000000005,-0.41249999999999964,0.0,1.0,0.0,0.0
RA-197,2022,F,1,8.218,8.8,9.7,4.4,,7.3,8.292,10.0,6.0,7.5,8.3,0,3.0,13.0,,,,,,,,,,0.0,0.0
RA-197,2023,F,2,7.967608333,8.3,9.8,2.52,7.96875,7.2,8.46,10.0,7.0,7.3,7.2,1,4.0,13.0,-0.2503916669999997,-0.5,0.10000000000000142,-1.8800000000000003,,-0.09999999999999964,0.16800000000000104,0.0,1.0,1.0,0.0
RA-198,2022,M,5,5.554,0.0,6.2,5.0,,4.6,5.958,10.0,5.2,5.8,2.8,0,3.0,13.0,,,,,,,,,,,1.0
RA-199,2022,M,0,7.564,8.3,7.1,7.5,,7.5,6.458,10.0,5.7,7.8,9.0,0,3.0,13.0,,,,,,,,,,1.0,0.0
RA-199,2023,M,1,7.892341667,9.2,7.6,7.51,7.96875,8.5,8.505,5.0,8.2,8.2,9.2,-1,3.0,14.0,0.3283416670000001,0.8999999999999986,0.5,0.009999999999999787,,1.0,2.0470000000000006,-5.0,-1.0,0.0,0.0
RA-2,2022,F,5,7.055,8.8,5.2,6.3,,6.8,6.778,10.0,6.3,4.5,9.7,0,7.0,17.0,,,,,,,,,,0.0,0.0
RA-2,2023,F,6,,,,,,,,10.0,,,,0,8.0,18.0,,,,,,,,0.0,0.0,0.0,0.0
RA-20,2022,F,0,7.535,7.1,10.0,6.3,,7.8,7.167,5.0,9.0,6.5,,-1,7.0,19.0,,,,,,,,,,,1.0
RA-200,2022,M,4,5.705,7.9,5.6,4.4,,5.5,4.917,5.0,4.7,5.0,6.8,-2,3.0,15.0,,,,,,,,,,0.0,0.0
RA-200,2023,M,5,5.661166667,9.6,4.5,2.52,7.5,4.3,7.17,5.0,4.3,4.2,4.5,-2,4.0,16.0,-0.04383333300000025,1.6999999999999993,-1.0999999999999996,-1.8800000000000003,,-1.2000000000000002,2.253,0.0,0.0,,1.0
RA-201,2022,F,1,7.078,7.9,7.3,7.5,,6.5,7.542,5.0,6.0,7.2,6.3,-2,3.0,15.0,,,,,,,,,,,1.0
RA-202,2022,F,5,5.201,0.0,5.2,4.4,,5.4,6.917,5.0,6.3,5.8,4.2,-1,3.0,14.0,,,,,,,,,,0.0,0.0
RA-202,2023,F,6,6.791641667,8.8,7.9,2.52,7.96875,5.9,8.005,5.0,6.3,4.8,6.7,-1,4.0,15.0,1.5906416670000008,8.8,2.7,-1.8800000000000003,,0.5,1.088000000000001,0.0,0.0,0.0,0.0
RA-203,2022,F,1,5.669,8.8,4.3,7.5,,2.8,6.875,5.0,2.3,3.5,2.5,-1,3.0,14.0,,,,,,,,,,,1.0
RA-204,2022,F,3,6.943,7.9,6.7,4.4,,7.4,5.708,10.0,5.3,8.5,8.5,0,3.0,13.0,,,,,,,,,,0.0,0.0
RA-204,2023,F,4,7.557558333,8.8,7.9,2.52,8.28125,7.1,8.045,10.0,4.7,8.0,8.5,0,4.0,14.0,0.6145583330000006,0.9000000000000004,1.2000000000000002,-1.8800000000000003,,-0.3000000000000007,2.3369999999999997,0.0,0.0,0.0,0.0
RA-205,2022,M,2,5.372,9.6,3.8,7.5,,4.1,4.833,5.0,5.7,1.7,5.0,-1,3.0,14.0,,,,,,,,,,0.0,0.0
RA-205,2023,M,3,6.857625,9.6,7.6,4.38,7.03125,6.6,7.09,5.0,7.0,5.5,7.3,-1,4.0,15.0,1.4856249999999998,0.0,3.8,-3.12,,2.5,2.2569999999999997,0.0,0.0,,1.0
RA-206,2022,F,0,7.101,8.3,8.8,7.5,,5.0,5.167,10.0,4.0,6.0,,0,3.0,12.0,,,,,,,,,,,1.0
RA-207,2022,M,1,4.936,0.0,4.8,7.5,,5.8,5.708,2.5,5.3,4.0,8.0,-3,3.0,16.0,,,,,,,,,,,1.0
RA-208,2022,M,4,6.667,7.5,7.1,7.5,,6.1,6.417,5.0,5.0,7.5,5.8,-1,3.0,14.0,,,,,,,,,,,1.0
RA-209,2022,M,3,4.499,0.0,4.8,5.6,,6.0,3.75,5.0,5.0,5.2,7.8,-1,3.0,14.0,,,,,,,,,,,1.0
RA-21,2022,M,0,6.945,9.6,9.2,7.5,,3.8,7.25,5.0,7.0,0.5,,-1,7.0,18.0,,,,,,,,,,0.0,0.0
RA-21,2023,M,1,,,,,,,,10.0,,,,0,8.0,19.0,,,,,,,,5.0,1.0,0.0,0.0
RA-210,2022,M,0,4.44,0.0,5.1,7.5,,3.4,4.417,5.0,2.7,5.3,2.3,-1,3.0,14.0,,,,,,,,,,,1.0
RA-211,2022,M,1,8.465,9.2,8.8,7.5,,7.6,8.458,10.0,6.7,7.5,8.5,0,3.0,13.0,,,,,,,,,,0.0,0.0
RA-211,2023,M,2,8.024791667,9.6,9.4,2.52,7.65625,7.1,8.71,10.0,7.7,8.0,5.7,0,4.0,14.0,-0.4402083329999993,0.40000000000000036,0.5999999999999996,-4.98,,-0.5,0.25200000000000067,0.0,0.0,0.0,0.0
RA-212,2022,M,0,7.268,9.6,8.4,7.5,,6.2,6.958,5.0,4.8,5.8,7.8,-1,3.0,14.0,,,,,,,,,,,1.0
RA-213,2022,M,0,7.209,9.6,8.7,7.5,,3.5,6.833,10.0,5.0,2.0,,0,3.0,13.0,,,,,,,,,,,1.0
RA-214,2022,M,0,4.87,0.0,6.1,7.5,,4.3,5.125,5.0,5.0,3.5,,-2,3.0,15.0,,,,,,,,,,,1.0
RA-215,2022,F,1,7.172,6.7,5.8,7.5,,7.8,6.542,10.0,5.7,7.7,10.0,0,3.0,13.0,,,,,,,,,,0.0,0.0
RA-215,2023,F,2,7.166475,8.8,6.6,2.52,7.96875,6.9,7.7125,10.0,5.7,6.7,8.3,0,4.0,14.0,-0.005524999999999558,2.1000000000000005,0.7999999999999998,-4.98,,-0.8999999999999995,1.1705000000000005,0.0,0.0,0.0,0.0
RA-216,2022,F,4,7.502,7.9,8.5,7.5,,7.0,5.583,10.0,5.3,6.5,9.2,0,3.0,13.0,,,,,,,,,,,1.0
RA-217,2022,F,1,7.397,7.9,8.5,7.5,,7.1,7.292,5.0,6.3,7.2,7.7,-2,3.0,15.0,,,,,,,,,,0.0,0.0
RA-217,2023,F,2,6.96965,8.3,8.6,2.52,8.4375,5.6,8.5025,5.0,6.7,5.3,4.8,-1,4.0,15.0,-0.42735000000000056,0.40000000000000036,0.09999999999999964,-4.98,,-1.5,1.2104999999999997,0.0,1.0,0.0,0.0
RA-218,2022,F,0,6.1,6.3,7.3,7.5,,4.0,6.125,5.0,5.0,7.0,0.0,-1,3.0,14.0,,,,,,,,,,0.0,0.0
RA-218,2023,F,1,5.811541667,0.0,6.7,2.52,7.96875,6.7,7.88,5.0,5.7,7.0,7.5,-1,4.0,15.0,-0.28845833299999946,-6.3,-0.5999999999999996,-4.98,,2.7,1.755,0.0,0.0,,1.0
RA-219,2022,M,3,5.942,8.8,6.9,7.5,,3.5,6.375,2.5,4.0,4.8,1.7,-3,3.0,16.0,,,,,,,,,,,1.0
RA-22,2022,F,3,7.474,8.3,7.4,8.1,,6.7,8.833,5.0,9.0,3.1,7.8,-1,6.0,17.0,,,,,,,,,,,1.0
RA-220,2022,F,0,7.028,0.0,8.1,7.5,,6.5,7.833,10.0,6.8,6.8,5.8,0,3.0,13.0,,,,,,,,,,0.0,0.0
RA-220,2023,F,1,7.102016667,8.8,7.6,2.52,7.1875,6.1,7.5475,10.0,6.3,5.8,6.3,0,4.0,14.0,0.07401666700000042,8.8,-0.5,-4.98,,-0.40000000000000036,-0.28549999999999986,0.0,0.0,0.0,0.0
RA-221,2022,M,0,6.892,9.6,8.5,7.5,,5.2,6.0,5.0,7.0,3.5,5.0,-1,3.0,14.0,,,,,,,,,,1.0,0.0
RA-221,2023,M,1,6.959916667,9.6,9.0,5.0,7.1875,5.0,7.38,5.0,5.5,4.8,4.8,-2,3.0,15.0,0.06791666699999954,0.0,0.5,-2.5,,-0.20000000000000018,1.38,0.0,-1.0,,1.0
RA-222,2022,F,3,5.604,7.1,4.6,7.5,,6.2,4.917,5.0,5.0,7.5,6.0,-2,3.0,15.0,,,,,,,,,,,1.0
RA-223,2022,F,0,4.966,0.0,4.6,7.5,,3.1,5.583,10.0,4.3,4.7,0.2,0,3.0,13.0,,,,,,,,,,1.0,0.0
RA-223,2023,F,1,5.089833333,0.0,4.5,7.52,7.5,3.8,7.1725,5.0,5.5,4.0,1.8,-1,3.0,14.0,0.12383333299999943,0.0,-0.09999999999999964,0.019999999999999574,,0.6999999999999997,1.5895000000000001,-5.0,-1.0,,1.0
RA-224,2022,M,1,5.671,9.6,4.3,7.5,,2.6,4.875,10.0,5.0,2.7,0.0,0,3.0,13.0,,,,,,,,,,,1.0
RA-225,2022,M,0,5.918,8.3,5.3,7.5,,5.0,5.708,5.0,3.0,7.0,,-1,3.0,14.0,,,,,,,,,,,1.0
RA-226,2022,F,0,6.549,7.5,6.1,7.5,,6.8,6.208,5.0,7.0,6.5,,-1,3.0,14.0,,,,,,,,,,,1.0
RA-227,2022,M,0,6.471,9.2,6.4,7.5,,3.3,5.833,10.0,4.7,4.3,1.0,0,3.0,12.0,,,,,,,,,,0.0,0.0
RA-227,2023,M,1,7.722125,9.6,7.5,5.63,8.28125,6.9,7.4625,10.0,7.2,6.5,7.0,0,3.0,12.0,1.251125,0.40000000000000036,1.0999999999999996,-1.87,,3.6000000000000005,1.6295000000000002,0.0,0.0,0.0,0.0
RA-228,2022,F,5,6.196,7.5,6.7,7.5,,4.8,6.417,5.0,3.0,6.0,5.3,-2,3.0,15.0,,,,,,,,,,,1.0
RA-229,2022,M,0,8.62,10.0,9.4,7.5,,6.9,8.5,10.0,7.0,6.7,7.2,0,3.0,12.0,,,,,,,,,,0.0,0.0
RA-229,2023,M,1,8.207591667,9.2,9.8,2.52,8.28125,7.8,8.42,10.0,8.0,8.2,7.3,1,4.0,13.0,-0.41240833299999835,-0.8000000000000007,0.40000000000000036,-4.98,,0.8999999999999995,-0.08000000000000007,0.0,1.0,0.0,0.0
RA-23,2022,M,1,7.677,8.3,8.2,8.1,,6.7,8.556,5.0,7.2,4.7,8.2,-1,6.0,17.0,,,,,,,,,,0.0,0.0
RA-23,2023,M,2,,,,,,,,10.0,,,,1,8.0,17.0,,,,,,,,5.0,2.0,1.0,0.0
RA-230,2022,M,0,6.328,7.9,5.1,7.5,,5.7,6.75,5.0,3.7,4.3,9.0,-1,3.0,14.0,,,,,,,,,,,1.0
RA-231,2022,M,0,6.116,8.8,7.4,7.5,,3.8,5.333,5.0,3.0,4.5,,-1,3.0,14.0,,,,,,,,,,,1.0
RA-232,2022,M,0,4.245,0.0,4.9,7.5,,0.0,4.542,10.0,0.0,0.0,,0,3.0,12.0,,,,,,,,,,,1.0
RA-233,2022,M,0,6.051,7.9,7.4,7.5,,3.8,5.5,5.0,3.0,4.5,,-1,3.0,14.0,,,,,,,,,,,1.0
RA-234,2022,M,0,6.719,10.0,7.6,5.6,,4.3,5.583,10.0,3.7,6.3,2.8,0,3.0,13.0,,,,,,,,,,0.0,0.0
RA-234,2023,M,1,6.248741667,6.7,8.0,2.52,4.84375,5.6,5.595,10.0,6.3,5.3,5.3,0,3.0,13.0,-0.4702583330000003,-3.3,0.40000000000000036,-3.0799999999999996,,1.2999999999999998,0.011999999999999567,0.0,0.0,,1.0
RA-235,2022,F,0,6.79,8.3,7.3,7.5,,6.3,6.417,5.0,7.0,5.5,,-1,3.0,14.0,,,,,,,,,,,1.0
RA-236,2022,F,0,7.11,9.6,7.5,7.5,,3.7,7.208,10.0,4.0,4.0,3.0,0,3.0,12.0,,,,,,,,,,0.0,0.0
RA-236,2023,F,1,7.337116667,10.0,7.5,7.52,7.1875,4.5,7.2975,10.0,6.3,4.0,3.3,0,3.0,13.0,0.22711666699999977,0.40000000000000036,0.0,0.019999999999999574,,0.7999999999999998,0.08950000000000014,0.0,0.0,0.0,0.0
RA-237,2022,F,0,8.084,10.0,9.0,7.5,,7.8,8.417,5.0,6.8,7.7,8.8,-1,3.0,14.0,,,,,,,,,,0.0,0.0
RA-237,2023,F,1,7.436566667,8.3,9.5,2.52,8.125,6.7,8.96,5.0,7.7,7.0,5.5,-1,4.0,15.0,-0.6474333329999995,-1.6999999999999993,0.5,-4.98,,-1.0999999999999996,0.543000000000001,0.0,0.0,0.0,0.0
RA-238,2022,F,1,6.331,8.8,6.4,5.0,,5.1,7.208,5.0,4.3,6.5,4.5,-1,3.0,14.0,,,,,,,,,,,1.0
RA-239,2022,F,1,4.572,0.0,3.7,7.5,,3.7,5.958,5.0,2.0,4.7,4.5,-2,3.0,15.0,,,,,,,,,,0.0,0.0
RA-239,2023,F,2,6.411333333,0.0,8.4,5.0,8.125,7.0,7.6275,5.0,6.0,7.2,7.7,-2,4.0,16.0,1.839333333,0.0,4.7,-2.5,,3.3,1.6695000000000002,0.0,0.0,1.0,0.0
RA-24,2022,F,1,8.087,9.2,7.9,6.9,,8.6,9.111,5.0,10.0,6.3,9.7,-1,6.0,17.0,,,,,,,,,,,1.0
RA-240,2022,F,5,6.943,7.1,8.1,5.0,,4.7,7.042,10.0,6.3,5.0,2.8,0,3.0,13.0,,,,,,,,,,0.0,0.0
RA-240,2023,F,6,6.337966667,7.1,6.7,2.52,6.875,4.8,6.9175,10.0,7.0,3.3,4.2,0,4.0,14.0,-0.6050333329999997,0.0,-1.3999999999999995,-2.48,,0.09999999999999964,-0.12449999999999939,0.0,0.0,,1.0
RA-241,2022,M,6,8.468,10.0,10.0,7.5,,7.7,9.125,5.0,8.2,7.5,7.3,-1,3.0,14.0,,,,,,,,,,0.0,0.0
RA-241,2023,M,7,7.016,0.0,9.9,2.52,8.75,7.5,9.545,5.0,9.3,7.0,6.2,-1,4.0,15.0,-1.452,-10.0,-0.09999999999999964,-4.98,,-0.20000000000000018,0.41999999999999993,0.0,0.0,0.0,0.0
RA-242,2022,M,4,8.673,9.6,9.7,5.6,,8.2,8.708,10.0,8.7,7.2,8.7,0,3.0,13.0,,,,,,,,,,0.0,0.0
RA-242,2023,M,5,8.221841667,7.1,9.7,2.52,8.59375,7.9,9.3775,10.0,9.3,7.3,7.2,0,4.0,14.0,-0.4511583330000004,-2.5,0.0,-3.0799999999999996,,-0.29999999999999893,0.6694999999999993,0.0,0.0,0.0,0.0
RA-243,2022,F,0,6.982,7.1,8.7,5.0,,6.0,7.875,5.0,5.0,5.3,7.7,-2,3.0,15.0,,,,,,,,,,,1.0
RA-244,2022,F,4,8.51,7.5,9.4,6.3,,7.8,9.208,10.0,6.7,8.0,8.7,0,3.0,12.0,,,,,,,,,,0.0,0.0
RA-244,2023,F,5,7.044333333,0.0,8.8,2.52,8.125,7.3,8.8325,10.0,7.0,8.0,6.8,1,4.0,13.0,-1.4656666669999998,-7.5,-0.5999999999999996,-3.78,,-0.5,-0.3755000000000006,0.0,1.0,0.0,0.0
RA-245,2022,M,6,8.656,10.0,9.9,7.5,,8.4,9.25,5.0,8.3,8.2,8.8,-1,3.0,14.0,,,,,,,,,,0.0,0.0
RA-245,2023,M,7,7.171166667,0.0,10.0,2.52,8.75,8.1,9.5875,5.0,9.3,7.8,7.3,-1,4.0,15.0,-1.484833333000001,-10.0,0.09999999999999964,-4.98,,-0.3000000000000007,0.33750000000000036,0.0,0.0,0.0,0.0
RA-246,2022,M,0,8.639,8.3,9.4,7.5,,7.6,9.167,10.0,8.0,6.7,8.0,0,3.0,13.0,,,,,,,,,,0.0,0.0
RA-246,2023,M,1,8.256766667,8.8,9.9,4.39,8.125,6.8,8.9175,10.0,7.7,7.0,5.8,0,4.0,14.0,-0.3822333329999985,0.5,0.5,-3.1100000000000003,,-0.7999999999999998,-0.2494999999999994,0.0,0.0,0.0,0.0
RA-247,2022,F,1,7.72,8.3,8.2,7.5,,5.8,7.875,10.0,5.3,5.7,6.3,0,3.0,13.0,,,,,,,,,,0.0,0.0
RA-247,2023,F,2,7.221958333,0.0,8.5,7.52,8.28125,7.2,7.5425,10.0,6.5,6.7,8.3,0,3.0,13.0,-0.49804166699999985,-8.3,0.3000000000000007,0.019999999999999574,,1.4000000000000004,-0.3324999999999996,0.0,0.0,0.0,0.0
RA-248,2022,M,0,7.429,9.2,7.6,7.5,,5.2,7.292,10.0,4.0,5.5,6.0,0,3.0,13.0,,,,,,,,,,,1.0
RA-249,2022,M,5,5.097,6.7,7.4,5.0,,2.9,4.292,5.0,2.3,4.2,2.2,-1,3.0,14.0,,,,,,,,,,1.0,0.0
RA-249,2023,M,6,5.444625,0.0,8.2,5.0,5.15625,4.9,6.545,5.0,6.2,5.3,3.2,-2,3.0,15.0,0.34762499999999985,-6.7,0.7999999999999989,0.0,,2.0000000000000004,2.253,0.0,-1.0,0.0,0.0
RA-25,2022,F,1,7.979,8.3,8.3,8.8,,6.9,9.667,5.0,9.2,3.8,7.7,-1,6.0,17.0,,,,,,,,,,0.0,0.0
RA-25,2023,F,2,,,,,,,,10.0,,,,0,8.0,18.0,,,,,,,,5.0,1.0,0.0,0.0
RA-250,2022,F,0,7.958,8.3,8.6,7.5,,6.6,7.625,10.0,6.7,6.5,6.7,0,3.0,12.0,,,,,,,,,,0.0,0.0
RA-250,2023,F,1,7.598208333,0.0,9.3,5.63,7.96875,8.3,8.625,10.0,7.7,8.8,8.3,0,3.0,13.0,-0.35979166700000054,-8.3,0.7000000000000011,-1.87,,1.700000000000001,1.0,0.0,0.0,0.0,0.0
RA-251,2022,M,4,7.022,10.0,8.1,5.6,,6.3,6.625,5.0,5.3,6.3,7.2,-2,3.0,15.0,,,,,,,,,,0.0,0.0
RA-251,2023,M,5,6.665208333,9.6,8.0,2.52,7.34375,5.3,7.835,5.0,5.0,5.5,5.3,-1,4.0,15.0,-0.3567916670000004,-0.40000000000000036,-0.09999999999999964,-3.0799999999999996,,-1.0,1.21,0.0,1.0,0.0,0.0
RA-252,2022,M,4,4.277,9.2,2.8,7.5,,0.9,3.875,5.0,1.3,1.2,0.2,-1,3.0,14.0,,,,,,,,,,,1.0
RA-253,2022,M,3,4.312,9.2,3.6,5.0,,1.8,3.75,5.0,1.0,3.7,0.7,-2,3.0,15.0,,,,,,,,,,,1.0
RA-254,2022,M,3,6.715,10.0,7.4,5.6,,5.3,6.917,5.0,5.0,6.8,4.0,-1,3.0,14.0,,,,,,,,,,0.0,0.0
RA-254,2023,M,4,,9.6,8.8,,7.8125,5.9,7.71,5.0,5.7,5.7,6.2,-1,4.0,15.0,,-0.40000000000000036,1.4000000000000004,,,0.6000000000000005,0.7930000000000001,0.0,0.0,,1.0
RA-255,2022,M,3,4.563,7.5,3.8,5.0,,1.3,5.542,5.0,1.0,2.3,0.5,-1,3.0,14.0,,,,,,,,,,,1.0
RA-256,2022,F,3,7.192,8.8,8.5,5.0,,5.2,6.708,10.0,5.3,6.7,3.5,0,3.0,12.0,,,,,,,,,,,1.0
RA-257,2022,F,4,5.149,0.0,6.4,5.6,,3.6,6.708,5.0,4.0,5.2,1.5,-1,3.0,14.0,,,,,,,,,,,1.0
RA-258,2022,F,4,6.926,10.0,7.3,5.6,,4.8,6.125,10.0,2.7,6.2,5.5,0,3.0,12.0,,,,,,,,,,,0.0
RA-259,2022,M,5,4.182,8.8,2.9,7.5,,0.9,4.625,2.5,0.0,2.7,0.2,-3,3.0,16.0,,,,,,,,,,,1.0
RA-26,2022,M,0,8.677,9.6,8.8,10.0,,8.0,10.0,5.0,9.5,4.4,10.0,-1,6.0,17.0,,,,,,,,,,0.0,0.0
RA-26,2023,M,1,,0.0,,7.52,,,,5.0,,,,-1,7.0,18.0,,-9.6,,-2.4800000000000004,,,,0.0,0.0,0.0,0.0
RA-260,2022,F,3,7.44,10.0,8.2,7.5,,5.0,6.458,10.0,5.7,5.2,4.2,0,3.0,13.0,,,,,,,,,,0.0,0.0
RA-260,2023,F,4,8.080008333,9.2,9.9,7.52,7.34375,6.1,7.4175,10.0,6.3,5.2,6.7,0,3.0,13.0,0.6400083329999999,-0.8000000000000007,1.700000000000001,0.019999999999999574,,1.0999999999999996,0.9595000000000002,0.0,0.0,0.0,0.0
RA-261,2022,F,3,6.763,8.8,7.2,5.6,,5.8,7.042,5.0,6.2,5.8,5.5,-1,3.0,14.0,,,,,,,,,,,1.0
RA-262,2022,M,1,4.786,0.0,5.8,5.6,,3.4,5.625,5.0,1.3,5.5,3.5,-2,3.0,15.0,,,,,,,,,,0.0,0.0
RA-262,2023,M,2,4.406458333,0.0,3.7,5.0,7.03125,3.8,6.05,5.0,5.0,3.3,3.0,-2,4.0,16.0,-0.3795416669999998,0.0,-2.0999999999999996,-0.5999999999999996,,0.3999999999999999,0.4249999999999998,0.0,0.0,0.0,0.0
RA-263,2022,F,3,5.319,5.8,5.6,7.5,,3.7,4.417,5.0,3.0,2.8,5.4,-2,3.0,15.0,,,,,,,,,,,1.0
RA-264,2022,F,0,7.087,10.0,9.2,5.6,,5.8,6.625,5.0,6.0,5.5,,-2,3.0,15.0,,,,,,,,,,,1.0
RA-265,2022,M,3,7.926,8.3,7.7,7.5,,6.9,7.917,10.0,5.3,7.0,8.5,0,3.0,13.0,,,,,,,,,,0.0,0.0
RA-265,2023,M,4,,8.3,8.7,,7.96875,7.0,7.88,10.0,7.3,6.8,6.8,0,4.0,14.0,,0.0,0.9999999999999991,,,0.09999999999999964,-0.03699999999999992,0.0,0.0,,1.0
RA-266,2022,F,3,5.987,7.5,5.8,5.6,,6.0,6.583,2.5,5.0,6.7,6.3,-3,3.0,16.0,,,,,,,,,,,1.0
RA-267,2022,F,6,6.012,10.0,7.4,5.0,,3.3,6.292,5.0,2.3,4.8,2.7,-2,3.0,15.0,,,,,,,,,,0.0,0.0
RA-267,2023,F,7,,7.9,7.7,,4.6875,2.7,6.505,5.0,2.7,4.0,1.3,-2,4.0,16.0,,-2.0999999999999996,0.2999999999999998,,,-0.5999999999999996,0.21300000000000008,0.0,0.0,0.0,0.0
RA-268,2022,F,1,6.695,9.2,6.7,6.3,,5.7,7.208,5.0,7.0,6.8,3.2,-1,3.0,14.0,,,,,,,,,,,1.0
RA-269,2022,M,0,8.231,9.2,8.6,6.3,,8.9,7.25,10.0,8.7,9.5,8.5,0,3.0,13.0,,,,,,,,,,0.0,0.0
RA-269,2023,M,1,8.116041667,9.6,9.0,2.52,8.59375,7.4,8.7975,10.0,8.0,7.3,7.0,0,4.0,14.0,-0.11495833300000058,0.40000000000000036,0.40000000000000036,-3.78,,-1.5,1.5474999999999994,0.0,0.0,0.0,0.0
RA-27,2022,M,6,7.124,0.0,7.6,8.1,,8.0,9.111,5.0,7.7,6.3,10.0,-1,6.0,17.0,,,,,,,,,,0.0,0.0
RA-27,2023,M,7,7.921266667,6.7,7.7,6.89,8.625,6.9,8.8825,10.0,7.0,5.8,8.0,0,7.0,17.0,0.7972666670000006,6.7,0.10000000000000053,-1.21,,-1.0999999999999996,-0.22850000000000037,5.0,1.0,0.0,0.0
RA-270,2022,F,3,8.226,8.3,8.4,6.9,,7.9,8.125,10.0,8.0,7.2,8.5,0,3.0,13.0,,,,,,,,,,0.0,0.0
RA-270,2023,F,4,7.982633333,9.2,9.0,2.52,8.75,6.6,9.1275,10.0,7.7,6.2,5.8,0,4.0,14.0,-0.24336666700000098,0.8999999999999986,0.5999999999999996,-4.380000000000001,,-1.3000000000000007,1.0024999999999995,0.0,0.0,0.0,0.0
RA-271,2022,F,0,7.255,9.2,8.5,5.6,,7.1,6.958,5.0,6.3,6.5,8.3,-2,3.0,15.0,,,,,,,,,,0.0,0.0
RA-271,2023,F,1,6.140333333,0.0,9.3,2.52,8.125,5.9,7.7125,5.0,4.3,7.0,6.3,-2,4.0,16.0,-1.1146666669999998,-9.2,0.8000000000000007,-3.0799999999999996,,-1.1999999999999993,0.7545000000000002,0.0,0.0,0.0,0.0
RA-272,2022,M,1,6.361,9.2,5.7,7.5,,5.1,6.417,5.0,5.0,6.8,3.5,-1,3.0,14.0,,,,,,,,,,,1.0
RA-273,2022,F,4,5.679,9.2,5.3,7.5,,3.0,5.833,5.0,3.8,4.7,0.5,-1,3.0,14.0,,,,,,,,,,0.0,0.0
RA-273,2023,F,5,6.337116667,7.9,7.4,2.52,7.8125,5.0,7.6275,5.0,5.3,6.8,3.0,-1,3.0,14.0,0.6581166669999998,-1.299999999999999,2.1000000000000005,-4.98,,2.0,1.7945000000000002,0.0,0.0,0.0,0.0
RA-274,2022,F,3,7.946,7.9,8.3,7.5,,8.1,7.0,10.0,8.1,9.3,7.0,1,3.0,11.0,,,,,,,,,,0.0,0.0
RA-274,2023,F,4,8.137625,7.5,9.5,5.63,7.65625,7.5,8.295,10.0,7.0,7.7,7.8,1,4.0,12.0,0.19162500000000016,-0.40000000000000036,1.1999999999999993,-1.87,,-0.5999999999999996,1.295,0.0,0.0,0.0,0.0
RA-275,2022,M,4,6.665,9.6,6.9,7.5,,4.6,6.667,5.0,5.0,6.0,2.7,-2,3.0,15.0,,,,,,,,,,,1.0
RA-276,2022,F,5,5.527,7.1,5.7,5.6,,4.3,5.125,5.0,3.7,6.0,3.3,-1,3.0,14.0,,,,,,,,,,0.0,0.0
RA-276,2023,F,6,6.690458333,6.3,8.5,2.52,7.03125,5.5,6.585,10.0,3.7,4.7,8.0,0,4.0,14.0,1.1634583329999995,-0.7999999999999998,2.8,-3.0799999999999996,,1.2000000000000002,1.46,5.0,1.0,,1.0
RA-277,2022,M,1,7.411,7.1,8.8,7.5,,7.4,7.208,5.0,7.2,7.0,8.2,-1,3.0,14.0,,,,,,,,,,0.0,0.0
RA-277,2023,M,2,7.7284,8.3,9.9,7.52,8.125,5.5,8.7525,5.0,5.7,6.0,4.8,-1,4.0,15.0,0.3174000000000001,1.200000000000001,1.0999999999999996,0.019999999999999574,,-1.9000000000000004,1.5444999999999993,0.0,0.0,0.0,0.0
RA-278,2022,M,4,7.741,8.8,9.2,5.6,,6.0,7.417,10.0,5.7,5.8,6.4,0,3.0,12.0,,,,,,,,,,0.0,0.0
RA-278,2023,M,5,7.1935,0.0,9.8,5.63,8.75,5.6,8.3775,10.0,6.0,5.3,5.5,1,4.0,13.0,-0.5474999999999994,-8.8,0.6000000000000014,0.03000000000000025,,-0.40000000000000036,0.9604999999999997,0.0,1.0,0.0,0.0
RA-279,2022,M,3,8.815,9.2,9.9,6.3,,9.1,8.208,10.0,9.7,8.3,9.3,0,3.0,13.0,,,,,,,,,,0.0,0.0
RA-279,2023,M,4,9.006266667,8.8,10.0,6.27,8.75,8.9,9.2125,10.0,9.0,8.5,9.3,0,4.0,14.0,0.19126666700000072,-0.3999999999999986,0.09999999999999964,-0.03000000000000025,,-0.1999999999999993,1.0045000000000002,0.0,0.0,0.0,0.0
RA-28,2022,F,3,6.242,7.9,6.1,7.5,,5.0,6.333,5.0,8.2,1.5,5.3,-1,6.0,17.0,,,,,,,,,,,1.0
RA-280,2022,F,1,8.046,7.5,9.2,7.5,,7.1,7.333,10.0,5.7,7.0,8.7,0,3.0,13.0,,,,,,,,,,0.0,0.0
RA-280,2023,F,2,8.189225,6.7,9.5,7.52,8.28125,6.5,8.7125,10.0,6.3,7.7,5.5,0,4.0,14.0,0.14322500000000105,-0.7999999999999998,0.3000000000000007,0.019999999999999574,,-0.5999999999999996,1.3795000000000002,0.0,0.0,0.0,0.0
RA-281,2022,F,3,6.806,6.7,6.9,7.5,,5.9,5.625,10.0,5.0,6.8,6.0,0,3.0,13.0,,,,,,,,,,,1.0
RA-282,2022,F,3,6.618,8.8,6.8,7.5,,4.0,5.625,10.0,4.7,6.3,1.0,0,3.0,13.0,,,,,,,,,,,1.0
RA-283,2022,M,2,7.131,9.6,8.8,7.5,,5.6,6.625,5.0,4.5,5.8,6.6,-1,3.0,14.0,,,,,,,,,,1.0,0.0
RA-283,2023,M,3,7.549025,8.3,9.5,7.52,7.03125,6.8,7.5025,5.0,6.8,4.8,8.8,-2,3.0,15.0,0.4180250000000001,-1.299999999999999,0.6999999999999993,0.019999999999999574,,1.2000000000000002,0.8775000000000004,0.0,-1.0,0.0,0.0
RA-284,2022,M,0,5.939,6.7,5.1,5.6,,3.8,5.958,10.0,7.0,4.5,0.0,0,3.0,13.0,,,,,,,,,,,1.0
RA-285,2022,F,2,5.063,9.2,4.1,7.5,,2.8,5.75,2.5,4.0,3.2,1.2,-3,3.0,16.0,,,,,,,,,,0.0,0.0
RA-285,2023,F,3,5.380358333,8.3,4.6,2.52,7.65625,4.7,7.13,2.5,4.0,6.0,4.0,-3,4.0,17.0,0.3173583330000005,-0.8999999999999986,0.5,-4.98,,1.9000000000000004,1.38,0.0,0.0,,1.0
RA-286,2022,F,0,5.424,7.1,5.8,6.3,,3.0,5.625,5.0,4.7,2.3,2.0,-2,3.0,15.0,,,,,,,,,,0.0,0.0
RA-286,2023,F,1,5.713333333,0.0,7.5,5.0,8.125,4.7,7.3375,5.0,3.7,5.0,5.3,-1,4.0,15.0,0.2893333329999992,-7.1,1.7000000000000002,-1.2999999999999998,,1.7000000000000002,1.7125000000000004,0.0,1.0,0.0,0.0
RA-287,2022,F,0,3.7,7.9,3.4,5.0,,1.1,4.292,2.5,0.7,2.5,0.2,-4,3.0,17.0,,,,,,,,,,0.0,0.0
RA-287,2023,F,1,3.745541667,0.0,4.8,2.52,4.21875,3.9,5.375,2.5,3.0,2.3,6.5,-4,4.0,18.0,0.04554166699999973,-7.9,1.4,-2.48,,2.8,1.0830000000000002,0.0,0.0,,1.0
RA-288,2022,F,0,4.097,0.0,5.6,6.3,,0.0,6.833,2.5,,,,-3,3.0,16.0,,,,,,,,,,,1.0
RA-289,2022,F,2,6.236,0.0,7.8,6.3,,6.8,7.25,5.0,5.3,7.5,7.5,-1,3.0,14.0,,,,,,,,,,,1.0
RA-29,2022,M,0,4.985,0.0,4.0,8.8,,3.7,7.611,5.0,6.3,1.1,3.8,-1,6.0,17.0,,,,,,,,,,0.0,0.0
RA-29,2023,M,1,,,,,,,,10.0,,,,0,8.0,18.0,,,,,,,,5.0,1.0,0.0,0.0
RA-290,2022,F,0,4.929,10.0,3.9,6.3,,1.7,6.042,2.5,1.0,2.3,1.8,-4,3.0,17.0,,,,,,,,,,,1.0
RA-291,2022,M,0,8.122,8.3,8.2,6.9,,8.0,7.792,10.0,8.0,7.5,8.5,0,3.0,13.0,,,,,,,,,,0.0,0.0
RA-291,2023,M,1,8.493058333,8.8,8.6,7.52,8.90625,7.1,9.21,10.0,8.0,6.5,6.7,0,4.0,14.0,0.3710583330000006,0.5,0.40000000000000036,0.6199999999999992,,-0.9000000000000004,1.418000000000001,0.0,0.0,0.0,0.0
RA-292,2022,M,0,4.837,7.9,3.7,7.5,,1.8,6.292,2.5,0.0,5.0,0.5,-3,3.0,16.0,,,,,,,,,,,1.0
RA-293,2022,M,0,4.875,8.8,2.9,7.5,,2.3,3.333,10.0,2.0,3.8,1.0,0,3.0,13.0,,,,,,,,,,,1.0
RA-294,2022,F,0,5.031,9.6,5.8,7.5,,0.0,5.917,2.5,,,,-5,3.0,18.0,,,,,,,,,,,1.0
RA-295,2022,F,0,7.305,7.9,8.0,7.5,,6.9,7.375,5.0,5.3,7.7,7.7,-1,3.0,14.0,,,,,,,,,,0.0,0.0
RA-295,2023,F,1,7.641016667,8.8,8.8,2.52,9.0625,7.7,9.005,5.0,7.3,7.2,8.7,-1,4.0,15.0,0.336016667,0.9000000000000004,0.8000000000000007,-4.98,,0.7999999999999998,1.6300000000000008,0.0,0.0,,1.0
RA-296,2022,F,0,4.665,8.8,3.6,7.5,,2.8,3.833,5.0,5.7,2.7,0.2,-2,3.0,15.0,,,,,,,,,,,1.0
RA-297,2022,F,0,7.478,7.1,7.9,6.3,,6.6,7.417,10.0,6.3,5.3,8.2,0,3.0,13.0,,,,,,,,,,,1.0
RA-298,2022,M,3,6.409,9.2,6.3,5.6,,5.2,5.417,10.0,5.5,4.8,,0,3.0,13.0,,,,,,,,,,1.0,0.0
RA-298,2023,M,4,6.824333333,9.6,8.6,2.52,7.5,5.5,7.7525,5.0,7.7,4.5,4.2,-1,3.0,14.0,0.4153333330000004,0.40000000000000036,2.3,-3.0799999999999996,,0.2999999999999998,2.3355000000000006,-5.0,-1.0,,1.0
RA-299,2022,F,3,7.278,7.1,8.2,5.0,,6.8,6.708,10.0,6.3,7.3,6.7,0,3.0,13.0,,,,,,,,,,0.0,0.0
RA-299,2023,F,4,6.796541667,0.0,9.6,2.52,7.96875,6.1,8.005,10.0,5.0,7.2,6.2,0,4.0,14.0,-0.48145833299999996,-7.1,1.4000000000000004,-2.48,,-0.7000000000000002,1.2970000000000006,0.0,0.0,0.0,0.0
RA-3,2022,F,6,6.591,0.0,7.9,5.6,,5.6,7.556,10.0,5.8,4.0,6.9,0,7.0,17.0,,,,,,,,,,,1.0
RA-30,2022,F,1,7.605,8.8,6.4,7.5,,7.5,7.333,10.0,8.5,4.4,9.7,0,6.0,16.0,,,,,,,,,,,1.0
RA-300,2022,M,0,5.557,5.4,6.9,6.3,,3.1,5.875,5.0,2.7,4.8,1.7,-1,3.0,14.0,,,,,,,,,,1.0,0.0
RA-300,2023,M,1,5.616691667,5.0,7.5,2.52,6.40625,4.5,6.5875,5.0,4.5,5.3,3.8,-2,3.0,15.0,0.05969166700000006,-0.40000000000000036,0.5999999999999996,-3.78,,1.4,0.7125000000000004,0.0,-1.0,,1.0
RA-301,2022,F,3,6.802,8.8,5.8,5.6,,6.3,6.042,10.0,6.5,7.2,5.4,0,3.0,13.0,,,,,,,,,,0.0,0.0
RA-301,2023,F,4,6.760341667,9.2,5.4,7.52,6.71875,5.2,6.465,10.0,4.7,6.5,4.5,0,4.0,14.0,-0.04165833299999999,0.3999999999999986,-0.39999999999999947,1.92,,-1.0999999999999996,0.42300000000000004,0.0,0.0,0.0,0.0
RA-302,2022,M,0,6.334,9.2,7.7,6.9,,4.8,6.208,2.5,4.3,5.0,5.0,-3,3.0,16.0,,,,,,,,,,0.0,0.0
RA-302,2023,M,1,5.314333333,0.0,7.3,5.0,7.5,4.3,6.255,5.0,4.7,2.3,5.8,-2,5.0,17.0,-1.0196666669999992,-9.2,-0.40000000000000036,-1.9000000000000004,,-0.5,0.04699999999999971,2.5,1.0,,1.0
RA-303,2022,M,3,6.03,7.5,7.2,7.5,,3.9,5.375,5.0,3.8,4.0,,-1,3.0,14.0,,,,,,,,,,1.0,0.0
RA-303,2023,M,4,5.914291667,0.0,7.3,7.52,7.65625,5.1,7.05,5.0,5.7,5.2,4.5,-2,3.0,15.0,-0.11570833300000061,-7.5,0.09999999999999964,0.019999999999999574,,1.1999999999999997,1.6749999999999998,0.0,-1.0,0.0,0.0
RA-304,2022,M,2,6.355,8.8,7.7,7.5,,4.3,5.542,5.0,3.0,5.5,,-2,3.0,15.0,,,,,,,,,,0.0,0.0
RA-304,2023,M,3,6.241583333,0.0,8.8,5.0,7.8125,5.7,7.835,5.0,7.0,3.7,6.3,-2,3.0,15.0,-0.11341666700000008,-8.8,1.1000000000000005,-2.5,,1.4000000000000004,2.293,0.0,0.0,1.0,0.0
RA-305,2022,M,3,6.058,7.9,6.6,7.5,,4.8,5.208,5.0,2.8,6.7,,-1,3.0,14.0,,,,,,,,,,1.0,0.0
RA-305,2023,M,4,6.394291667,0.0,8.9,7.52,7.65625,5.2,7.75,5.0,5.2,4.8,5.7,-2,3.0,15.0,0.33629166700000024,-7.9,2.3000000000000007,0.019999999999999574,,0.40000000000000036,2.542,0.0,-1.0,0.0,0.0
RA-306,2022,F,1,6.427,8.3,6.8,7.5,,5.2,5.958,5.0,4.7,5.8,5.0,-1,3.0,14.0,,,,,,,,,,0.0,0.0
RA-306,2023,F,2,5.732375,0.0,7.9,6.26,7.34375,4.0,7.46,5.0,4.7,4.5,2.8,-1,4.0,15.0,-0.6946249999999994,-8.3,1.1000000000000005,-1.2400000000000002,,-1.2000000000000002,1.5019999999999998,0.0,0.0,0.0,0.0
RA-307,2022,M,0,4.733,5.4,4.5,7.5,,2.5,4.708,5.0,5.0,0.0,,-1,3.0,14.0,,,,,,,,,,1.0,0.0
RA-307,2023,M,1,6.047333333,0.0,6.5,7.52,7.5,6.3,7.46,5.0,6.3,7.3,5.2,-2,3.0,15.0,1.3143333330000004,-5.4,2.0,0.019999999999999574,,3.8,2.752,0.0,-1.0,,1.0
RA-308,2022,M,3,6.93,7.9,7.4,6.9,,5.0,6.167,10.0,6.7,5.5,2.8,0,3.0,13.0,,,,,,,,,,0.0,0.0
RA-308,2023,M,4,6.578558333,5.4,6.8,5.0,7.03125,4.9,7.5025,10.0,4.7,5.2,4.7,0,4.0,14.0,-0.35144166699999957,-2.5,-0.6000000000000005,-1.9000000000000004,,-0.09999999999999964,1.3355000000000006,0.0,0.0,0.0,0.0
RA-309,2022,F,0,6.151,9.2,5.2,7.5,,6.5,5.083,5.0,7.0,6.0,,-1,3.0,14.0,,,,,,,,,,,1.0
RA-31,2022,F,3,8.843,10.0,9.5,9.4,,8.0,10.0,5.0,9.0,5.7,9.3,-1,6.0,17.0,,,,,,,,,,0.0,0.0
RA-31,2023,F,4,,,,,,,,10.0,,,,0,8.0,18.0,,,,,,,,5.0,1.0,0.0,0.0
RA-310,2022,F,0,6.4,7.9,7.5,7.5,,4.5,6.0,5.0,3.7,3.8,6.0,-2,3.0,15.0,,,,,,,,,,,1.0
RA-311,2022,F,0,5.652,7.9,5.6,5.0,,5.2,6.222,2.5,5.0,6.2,4.3,-3,3.0,16.0,,,,,,,,,,,1.0
RA-312,2022,F,0,7.339,9.6,8.1,7.5,,5.2,6.167,10.0,6.0,4.5,5.0,0,3.0,13.0,,,,,,,,,,,1.0
RA-313,2022,F,0,5.8,7.5,7.0,5.0,,4.1,5.889,5.0,4.7,5.0,2.5,-1,3.0,14.0,,,,,,,,,,0.0,0.0
RA-313,2023,F,1,7.011091667,9.2,8.7,2.52,7.65625,3.9,7.75,10.0,4.0,2.8,5.0,0,4.0,14.0,1.2110916669999998,1.6999999999999993,1.6999999999999993,-2.48,,-0.19999999999999973,1.8609999999999998,5.0,1.0,1.0,0.0
RA-314,2022,F,0,6.1,5.4,5.4,5.0,,5.3,6.0,10.0,4.3,3.3,8.3,0,3.0,13.0,,,,,,,,,,,1.0
RA-315,2022,F,0,5.672,6.7,5.1,7.5,,3.0,5.056,10.0,3.0,4.2,1.8,0,3.0,13.0,,,,,,,,,,1.0,0.0
RA-315,2023,F,1,5.977708333,0.0,6.8,5.0,7.96875,6.3,7.8375,5.0,5.7,6.8,6.3,-1,3.0,14.0,0.3057083330000001,-6.7,1.7000000000000002,-2.5,,3.3,2.7815000000000003,-5.0,-1.0,0.0,0.0
RA-316,2022,F,0,7.889,10.0,10.0,6.9,,6.1,8.389,5.0,7.0,6.5,4.7,-1,3.0,14.0,,,,,,,,,,0.0,0.0
RA-316,2023,F,1,8.436908333,10.0,9.5,7.52,8.59375,5.7,8.96,10.0,6.3,5.7,5.0,0,4.0,14.0,0.5479083329999996,0.0,-0.5,0.6199999999999992,,-0.39999999999999947,0.5710000000000015,5.0,1.0,0.0,0.0
RA-317,2022,M,1,7.04,8.8,5.6,7.5,,6.8,5.944,10.0,4.7,5.7,10.0,0,3.0,13.0,,,,,,,,,,,1.0
RA-318,2022,F,3,6.527,8.3,6.9,6.9,,5.8,6.111,5.0,4.3,5.8,7.3,-1,3.0,14.0,,,,,,,,,,0.0,0.0
RA-318,2023,F,4,6.856575,7.9,8.1,6.26,7.96875,4.9,7.71,5.0,5.0,5.0,4.7,-1,4.0,15.0,0.3295750000000002,-0.40000000000000036,1.1999999999999993,-0.6400000000000006,,-0.8999999999999995,1.5990000000000002,0.0,0.0,0.0,0.0
RA-319,2022,M,0,7.448,9.2,7.7,7.5,,5.2,7.5,10.0,6.3,4.3,5.0,0,3.0,13.0,,,,,,,,,,0.0,0.0
RA-319,2023,M,1,8.367208333,9.6,9.2,5.0,8.59375,7.2,8.88,10.0,5.7,5.8,10.0,0,4.0,14.0,0.9192083330000003,0.40000000000000036,1.4999999999999991,-2.5,,2.0,1.3800000000000008,0.0,0.0,0.0,0.0
RA-32,2022,F,4,7.37,8.8,5.2,8.8,,6.1,7.944,10.0,5.7,3.6,8.9,0,6.0,16.0,,,,,,,,,,0.0,0.0
RA-32,2023,F,5,6.716666667,0.0,8.2,3.77,7.375,7.9,6.8775,10.0,9.0,5.8,9.0,0,7.0,17.0,-0.653333333,-8.8,2.999999999999999,-5.030000000000001,,1.8000000000000007,-1.0664999999999996,0.0,0.0,,1.0
RA-320,2022,F,0,7.897,8.8,10.0,6.9,,6.4,8.667,5.0,7.3,6.3,5.7,-1,3.0,14.0,,,,,,,,,,0.0,0.0
RA-320,2023,F,1,8.393508333,9.2,9.9,7.52,8.59375,5.5,8.96,10.0,5.7,6.0,4.7,0,4.0,14.0,0.4965083329999995,0.3999999999999986,-0.09999999999999964,0.6199999999999992,,-0.9000000000000004,0.29300000000000104,5.0,1.0,0.0,0.0
RA-321,2022,F,0,7.792,9.2,9.1,5.6,,5.2,8.278,10.0,5.7,6.2,3.7,0,3.0,12.0,,,,,,,,,,0.0,0.0
RA-321,2023,F,1,7.695233333,8.3,9.4,2.52,8.125,6.2,8.42,10.0,6.0,5.8,6.7,1,4.0,13.0,-0.0967666669999998,-0.8999999999999986,0.3000000000000007,-3.0799999999999996,,1.0,0.14199999999999946,0.0,1.0,0.0,0.0
RA-322,2022,F,0,6.859,7.1,8.1,5.0,,4.7,6.778,10.0,4.3,5.7,4.0,0,3.0,13.0,,,,,,,,,,0.0,0.0
RA-322,2023,F,1,7.037808333,6.7,8.3,2.52,7.96875,5.3,8.045,10.0,4.0,5.5,6.3,0,4.0,14.0,0.1788083330000001,-0.39999999999999947,0.20000000000000107,-2.48,,0.5999999999999996,1.2670000000000003,0.0,0.0,,1.0
RA-323,2022,M,0,6.86,9.2,7.3,7.5,,3.4,6.611,10.0,7.3,2.5,0.5,0,3.0,13.0,,,,,,,,,,,1.0
RA-324,2022,F,0,8.27,10.0,9.3,6.9,,6.8,8.611,10.0,6.3,7.2,,0,2.0,10.0,,,,,,,,,,0.0,0.0
RA-324,2023,F,1,7.6354,5.8,9.0,2.52,8.125,8.4,7.5875,10.0,8.0,8.7,,0,2.0,11.0,-0.6345999999999998,-4.2,-0.3000000000000007,-4.380000000000001,,1.6000000000000005,-1.0235000000000003,0.0,0.0,,1.0
RA-325,2022,M,0,7.619,9.5,6.8,7.5,,6.0,8.444,10.0,6.0,6.0,,0,2.0,10.0,,,,,,,,,,0.0,0.0
RA-325,2023,M,1,6.243,0.0,7.1,5.0,8.125,5.6,7.0025,10.0,3.8,7.3,,0,2.0,11.0,-1.3759999999999994,-9.5,0.2999999999999998,-2.5,,-0.40000000000000036,-1.4415000000000004,0.0,0.0,0.0,0.0
RA-326,2022,F,0,8.22,10.0,9.7,5.0,,9.0,8.944,5.0,8.7,9.3,,-1,2.0,12.0,,,,,,,,,,0.0,0.0
RA-326,2023,F,1,8.65075,9.6,9.4,3.14,9.0625,8.2,9.76,10.0,8.3,7.5,8.8,0,3.0,13.0,0.43074999999999974,-0.40000000000000036,-0.29999999999999893,-1.8599999999999999,,-0.8000000000000007,0.815999999999999,5.0,1.0,0.0,0.0
RA-327,2022,M,1,6.986,8.5,8.8,7.5,,2.8,7.333,10.0,2.3,3.2,,0,2.0,11.0,,,,,,,,,,,1.0
RA-328,2022,M,2,6.823,10.0,7.0,7.5,,5.3,7.5,5.0,4.0,6.5,,-1,2.0,12.0,,,,,,,,,,,1.0
RA-329,2022,M,3,6.313,7.4,6.9,4.4,,5.0,5.778,10.0,3.0,7.0,,0,2.0,11.0,,,,,,,,,,,1.0
RA-33,2022,F,2,4.952,0.0,4.6,7.5,,4.8,6.0,5.0,9.0,1.6,3.7,-1,6.0,17.0,,,,,,,,,,,1.0
RA-330,2022,F,4,6.446,9.5,8.8,7.5,,2.5,7.056,5.0,2.3,2.7,,-2,2.0,14.0,,,,,,,,,,0.0,0.0
RA-330,2023,F,5,6.084875,9.6,7.2,6.89,6.71875,3.3,5.8275,5.0,3.8,3.8,2.3,-2,3.0,15.0,-0.3611249999999995,0.09999999999999964,-1.6000000000000005,-0.6100000000000003,,0.7999999999999998,-1.2285000000000004,0.0,0.0,,1.0
RA-331,2022,F,3,6.636,9.0,8.7,7.5,,3.7,6.944,5.0,2.3,5.0,,-1,2.0,12.0,,,,,,,,,,0.0,0.0
RA-331,2023,F,4,7.039791667,9.6,8.6,2.52,7.03125,5.2,6.7975,10.0,5.7,4.8,5.2,0,3.0,13.0,0.40379166700000013,0.5999999999999996,-0.09999999999999964,-4.98,,1.5,-0.14649999999999963,5.0,1.0,1.0,0.0
RA-332,2022,M,5,7.883,9.5,9.0,8.1,,7.5,8.5,5.0,7.5,7.5,,-1,2.0,13.0,,,,,,,,,,0.0,0.0
RA-332,2023,M,6,8.002591667,9.2,8.4,8.76,8.28125,6.8,9.175,5.0,6.3,7.7,6.5,-1,3.0,14.0,0.11959166700000079,-0.3000000000000007,-0.5999999999999996,0.6600000000000001,,-0.7000000000000002,0.6750000000000007,0.0,0.0,0.0,0.0
RA-333,2022,M,4,5.249,8.0,5.8,3.8,,2.9,6.722,5.0,0.2,5.7,,-2,2.0,14.0,,,,,,,,,,,1.0
RA-334,2022,F,3,7.961,6.9,9.2,4.4,,8.0,8.722,10.0,7.0,9.0,,0,2.0,11.0,,,,,,,,,,,1.0
RA-335,2022,M,0,7.902,9.5,9.4,7.5,,7.4,6.833,10.0,5.8,9.0,,0,2.0,10.0,,,,,,,,,,,1.0
RA-336,2022,M,6,6.787,9.5,8.5,4.4,,5.1,7.889,5.0,4.5,5.7,,-1,2.0,13.0,,,,,,,,,,0.0,0.0
RA-336,2023,M,7,5.887708333,0.0,7.5,6.89,7.34375,5.1,7.255,5.0,6.7,5.2,3.3,-1,3.0,14.0,-0.899291667,-9.5,-1.0,2.4899999999999993,,0.0,-0.6340000000000003,0.0,0.0,0.0,0.0
RA-337,2022,M,0,7.914,10.0,9.3,7.5,,5.8,7.611,10.0,7.5,4.0,,0,2.0,11.0,,,,,,,,,,,1.0
RA-338,2022,M,3,6.837,8.5,7.3,7.5,,5.8,7.611,5.0,5.3,6.2,,-1,2.0,12.0,,,,,,,,,,0.0,0.0
RA-338,2023,M,4,8.287441667,8.3,9.1,7.52,8.59375,6.7,8.38,10.0,8.7,7.0,4.5,0,3.0,13.0,1.4504416669999998,-0.1999999999999993,1.7999999999999998,0.019999999999999574,,0.9000000000000004,0.769000000000001,5.0,1.0,0.0,0.0
RA-339,2022,F,3,8.488,6.9,9.9,7.5,,8.1,8.889,10.0,7.1,9.2,,0,2.0,11.0,,,,,,,,,,0.0,0.0
RA-339,2023,F,4,7.377583333,0.0,8.9,7.52,7.8125,7.1,8.255,10.0,7.7,5.7,7.8,0,3.0,12.0,-1.110416667,-6.9,-1.0,0.019999999999999574,,-1.0,-0.6339999999999986,0.0,0.0,0.0,0.0
RA-34,2022,M,6,6.259,9.6,4.8,8.1,,3.8,7.278,5.0,4.7,4.0,2.8,-1,6.0,17.0,,,,,,,,,,0.0,0.0
RA-34,2023,M,7,,,,,,,,10.0,,,,0,8.0,18.0,,,,,,,,5.0,1.0,,0.0
RA-340,2022,M,5,7.721,9.0,8.2,7.5,,6.5,7.667,10.0,6.0,7.0,,0,2.0,11.0,,,,,,,,,,1.0,0.0
RA-340,2023,M,6,7.059666667,0.0,9.6,2.52,9.166666667,8.9,8.505,5.0,9.0,8.7,,-1,2.0,12.0,-0.661333333,-9.0,1.4000000000000004,-4.98,,2.4000000000000004,0.838000000000001,-5.0,-1.0,0.0,0.0
RA-341,2022,M,0,6.854,8.0,7.7,7.5,,5.8,7.5,5.0,5.0,6.5,,-1,2.0,12.0,,,,,,,,,,,1.0
RA-342,2022,F,1,6.941,9.0,6.7,7.5,,6.6,7.5,5.0,5.5,7.7,,-2,2.0,14.0,,,,,,,,,,0.0,0.0
RA-342,2023,F,2,7.539875,7.5,8.6,7.52,7.96875,6.6,8.505,5.0,6.3,7.8,5.7,-2,3.0,15.0,0.5988750000000005,-1.5,1.8999999999999995,0.019999999999999574,,0.0,1.0050000000000008,0.0,0.0,0.0,0.0
RA-343,2022,M,2,6.9,9.5,7.4,7.5,,5.9,7.167,5.0,4.2,7.7,,-2,2.0,14.0,,,,,,,,,,0.0,0.0
RA-343,2023,M,3,6.779591667,9.2,7.2,6.26,7.65625,5.7,6.9225,5.0,4.5,6.7,6.0,-2,3.0,15.0,-0.12040833300000031,-0.3000000000000007,-0.20000000000000018,-1.2400000000000002,,-0.20000000000000018,-0.2444999999999995,0.0,0.0,,1.0
RA-344,2022,M,3,7.263,8.5,8.3,7.5,,4.5,7.5,10.0,2.3,6.7,,0,2.0,11.0,,,,,,,,,,,1.0
RA-345,2022,M,1,5.75,9.5,5.4,5.6,,3.6,6.667,5.0,1.3,5.8,,-1,2.0,13.0,,,,,,,,,,0.0,0.0
RA-345,2023,M,2,6.534766667,8.8,6.8,6.26,8.125,4.6,7.1725,5.0,5.7,5.7,2.5,-1,3.0,14.0,0.7847666670000004,-0.6999999999999993,1.3999999999999995,0.6600000000000001,,0.9999999999999996,0.5055000000000005,0.0,0.0,,1.0
RA-346,2022,M,0,8.143,10.0,9.1,7.5,,7.0,7.889,10.0,6.0,8.0,,0,2.0,10.0,,,,,,,,,,0.0,0.0
RA-346,2023,M,1,7.305541667,0.0,9.4,8.14,7.96875,6.2,7.84,10.0,6.7,5.5,6.5,1,3.0,11.0,-0.8374583330000007,-10.0,0.3000000000000007,0.6400000000000006,,-0.7999999999999998,-0.04900000000000038,0.0,1.0,1.0,0.0
RA-347,2022,F,3,7.908,9.0,10.0,5.6,,8.5,8.0,5.0,8.5,8.5,,-1,2.0,12.0,,,,,,,,,,0.0,0.0
RA-347,2023,F,4,7.61835,6.7,9.5,2.52,7.8125,7.3,7.7925,10.0,6.7,6.2,9.0,0,3.0,13.0,-0.28964999999999996,-2.3,-0.5,-3.0799999999999996,,-1.2000000000000002,-0.20749999999999957,5.0,1.0,0.0,0.0
RA-348,2022,M,0,5.864,9.0,8.7,7.5,,1.8,5.833,5.0,0.5,3.0,,-1,2.0,12.0,,,,,,,,,,0.0,0.0
RA-348,2023,M,1,6.817866667,10.0,8.7,2.52,8.541666667,4.4,8.0075,5.0,2.0,6.7,,-1,2.0,13.0,0.9538666669999998,1.0,0.0,-4.98,,2.6000000000000005,2.1745,0.0,0.0,,1.0
RA-349,2022,M,1,5.658,9.5,7.7,7.5,,3.7,3.944,5.0,2.2,5.2,,-1,2.0,12.0,,,,,,,,,,,1.0
RA-35,2022,F,3,8.965,10.0,9.6,9.4,,8.5,10.0,5.0,9.0,7.1,9.3,-1,6.0,17.0,,,,,,,,,,0.0,0.0
RA-35,2023,F,4,,,,,,,,10.0,,,,0,8.0,18.0,,,,,,,,5.0,1.0,0.0,0.0
RA-350,2022,F,0,8.206,10.0,8.8,7.5,,6.5,8.611,10.0,7.0,6.0,,0,2.0,11.0,,,,,,,,,,1.0,0.0
RA-350,2023,F,1,7.972033333,10.0,9.7,2.52,8.958333333,9.0,7.92,5.0,8.8,9.2,,-1,2.0,12.0,-0.2339666669999998,0.0,0.8999999999999986,-4.98,,2.5,-0.6910000000000007,-5.0,-1.0,,1.0
RA-351,2022,M,0,6.622,9.0,7.2,7.5,,4.0,8.111,5.0,3.2,4.8,,-2,2.0,14.0,,,,,,,,,,,1.0
RA-352,2022,M,3,7.834,9.0,8.1,5.6,,7.0,8.389,10.0,7.3,6.7,,0,2.0,11.0,,,,,,,,,,0.0,0.0
RA-352,2023,M,4,7.840341667,9.2,8.1,6.26,7.96875,7.2,7.17,10.0,8.2,6.0,7.5,0,3.0,12.0,0.006341667000000051,0.1999999999999993,0.0,0.6600000000000001,,0.20000000000000018,-1.2189999999999994,0.0,0.0,0.0,0.0
RA-353,2022,F,0,8.264,7.0,10.0,7.5,,7.5,8.444,10.0,8.0,7.0,,0,2.0,11.0,,,,,,,,,,0.0,0.0
RA-353,2023,F,1,8.309016667,8.8,9.9,2.52,7.8125,8.4,8.67,10.0,8.5,7.3,9.5,0,3.0,12.0,0.04501666700000051,1.8000000000000007,-0.09999999999999964,-4.98,,0.9000000000000004,0.2259999999999991,0.0,0.0,,1.0
RA-354,2022,F,4,5.858,8.5,4.3,7.5,,4.5,7.333,5.0,2.8,6.2,,-1,2.0,13.0,,,,,,,,,,,1.0
RA-355,2022,F,4,5.379,5.8,5.0,7.5,,4.5,6.056,5.0,5.5,3.5,,-1,2.0,12.0,,,,,,,,,,,1.0
RA-356,2022,M,3,6.69,10.0,8.4,5.0,,4.6,8.278,5.0,5.3,3.8,,-1,2.0,12.0,,,,,,,,,,0.0,0.0
RA-356,2023,M,4,6.452008333,9.2,8.5,2.52,6.09375,3.4,6.5025,10.0,4.3,4.5,1.3,0,3.0,13.0,-0.23799166700000018,-0.8000000000000007,0.09999999999999964,-2.48,,-1.1999999999999997,-1.7755,5.0,1.0,0.0,0.0
RA-357,2022,M,0,7.836,8.0,9.6,7.5,,8.5,7.778,5.0,10.0,7.0,,-1,2.0,12.0,,,,,,,,,,0.0,0.0
RA-357,2023,M,1,8.2832,8.5,9.6,7.52,8.75,8.7,8.23,5.0,8.7,8.7,,-1,2.0,13.0,0.4472000000000005,0.5,0.0,0.019999999999999574,,0.1999999999999993,0.45200000000000085,0.0,0.0,0.0,0.0
RA-358,2022,M,0,5.412,7.5,6.5,7.5,,0.0,7.556,5.0,0.0,0.0,,-1,2.0,13.0,,,,,,,,,,,1.0
RA-359,2022,F,3,6.606,9.0,7.0,7.5,,4.6,7.5,5.0,3.3,5.8,,-1,2.0,12.0,,,,,,,,,,0.0,0.0
RA-359,2023,F,4,7.627125,9.6,9.2,2.52,7.65625,5.8,8.255,10.0,6.0,6.7,4.7,0,3.0,13.0,1.0211250000000005,0.5999999999999996,2.1999999999999993,-4.98,,1.2000000000000002,0.7550000000000008,5.0,1.0,0.0,0.0
RA-36,2022,F,3,7.876,9.2,9.0,6.9,,6.8,8.944,5.0,8.5,4.3,7.8,-1,6.0,17.0,,,,,,,,,,0.0,0.0
RA-36,2023,F,4,,,,,,,,10.0,,,,0,8.0,18.0,,,,,,,,5.0,1.0,0.0,0.0
RA-360,2022,F,3,7.075,9.5,8.5,7.5,,5.2,7.5,5.0,4.7,5.7,,-1,2.0,12.0,,,,,,,,,,0.0,0.0
RA-360,2023,F,4,5.790875,0.0,7.3,2.52,7.34375,4.3,7.4225,10.0,5.3,4.8,2.8,0,3.0,13.0,-1.2841250000000004,-9.5,-1.2000000000000002,-4.98,,-0.9000000000000004,-0.07749999999999968,5.0,1.0,1.0,0.0
RA-361,2022,F,0,6.731,7.9,9.2,6.3,,5.0,6.778,5.0,4.0,6.0,,-1,2.0,13.0,,,,,,,,,,,1.0
RA-362,2022,F,4,7.413,8.5,7.9,7.5,,7.9,7.5,5.0,6.5,9.3,,-1,2.0,12.0,,,,,,,,,,0.0,0.0
RA-362,2023,F,5,6.392625,0.0,7.5,7.52,7.03125,5.1,7.0875,10.0,5.7,6.8,2.8,0,3.0,13.0,-1.0203750000000005,-8.5,-0.40000000000000036,0.019999999999999574,,-2.8000000000000007,-0.41249999999999964,5.0,1.0,,1.0
RA-363,2022,M,0,6.644,10.0,10.0,6.9,,2.0,7.056,5.0,1.0,3.0,,-1,2.0,12.0,,,,,,,,,,0.0,0.0
RA-363,2023,M,1,6.680833333,0.0,9.9,2.52,8.541666667,6.8,8.673333333,5.0,6.8,6.8,,-1,2.0,13.0,0.03683333299999969,-10.0,-0.09999999999999964,-4.380000000000001,,4.8,1.6173333330000004,0.0,0.0,0.0,0.0
RA-364,2022,M,3,8.75,9.5,10.0,7.5,,8.8,8.167,10.0,9.5,8.0,,0,2.0,11.0,,,,,,,,,,0.0,0.0
RA-364,2023,M,4,7.734891667,8.8,9.0,6.89,7.03125,5.8,7.505,10.0,8.0,5.2,4.3,0,3.0,12.0,-1.0151083329999997,-0.6999999999999993,-1.0,-0.6100000000000003,,-3.000000000000001,-0.6619999999999999,0.0,0.0,0.0,0.0
RA-365,2022,F,0,8.063,8.0,10.0,5.0,,7.8,7.833,10.0,6.0,9.5,,0,2.0,10.0,,,,,,,,,,0.0,0.0
RA-365,2023,F,1,8.6587,10.0,9.9,2.52,8.958333333,8.7,8.953333333,10.0,8.2,9.2,,0,2.0,10.0,0.595699999999999,2.0,-0.09999999999999964,-2.48,,0.8999999999999995,1.1203333329999996,0.0,0.0,0.0,0.0
RA-366,2022,M,0,7.181,9.5,9.4,7.5,,5.5,6.833,5.0,6.0,5.0,,-1,2.0,12.0,,,,,,,,,,,1.0
RA-367,2022,F,4,6.95,8.5,7.4,6.3,,6.7,7.5,5.0,5.2,8.2,,-1,2.0,12.0,,,,,,,,,,0.0,0.0
RA-367,2023,F,5,7.38685,8.8,8.7,2.52,7.8125,5.9,7.7925,10.0,7.0,5.5,5.2,0,3.0,12.0,0.43684999999999974,0.3000000000000007,1.299999999999999,-3.78,,-0.7999999999999998,0.2925000000000004,5.0,1.0,0.0,0.0
RA-368,2022,M,4,6.969,8.0,7.9,5.0,,7.3,7.5,5.0,5.5,9.0,,-1,2.0,13.0,,,,,,,,,,0.0,0.0
RA-368,2023,M,5,5.796458333,0.0,7.7,2.52,7.03125,6.7,7.34,5.0,5.0,7.2,7.8,-1,3.0,14.0,-1.172541667,-8.0,-0.20000000000000018,-2.48,,-0.5999999999999996,-0.16000000000000014,0.0,0.0,0.0,0.0
RA-369,2022,M,0,6.973,9.0,6.9,7.5,,4.8,6.889,10.0,4.0,5.5,,0,2.0,11.0,,,,,,,,,,1.0,0.0
RA-369,2023,M,1,6.0197,10.0,4.1,5.0,8.541666667,4.0,7.726666667,5.0,5.0,3.0,,-1,2.0,12.0,-0.9532999999999996,1.0,-2.8000000000000007,-2.5,,-0.7999999999999998,0.8376666669999997,-5.0,-1.0,0.0,0.0
RA-37,2022,F,3,4.95,0.0,5.4,5.0,,5.9,5.222,5.0,2.3,5.3,10.0,-1,6.0,17.0,,,,,,,,,,,1.0
RA-370,2022,F,4,7.066,8.5,8.2,5.0,,7.2,7.611,5.0,5.2,9.2,,-1,2.0,12.0,,,,,,,,,,,1.0
RA-371,2022,F,0,8.112,9.5,8.0,6.9,,8.4,7.667,10.0,7.8,9.0,,0,2.0,10.0,,,,,,,,,,,1.0
RA-372,2022,M,1,7.304,8.5,5.5,6.9,,7.8,7.389,10.0,8.3,7.2,,0,2.0,10.0,,,,,,,,,,,1.0
RA-373,2022,M,0,7.503,6.4,9.5,5.0,,7.3,6.944,10.0,6.5,8.0,,0,2.0,11.0,,,,,,,,,,1.0,0.0
RA-373,2023,M,1,6.805,0.0,9.7,2.52,8.75,8.4,7.84,5.0,7.7,9.0,,-1,2.0,12.0,-0.6980000000000004,-6.4,0.1999999999999993,-2.48,,1.1000000000000005,0.8959999999999999,-5.0,-1.0,,1.0
RA-374,2022,F,1,7.747,9.0,9.8,7.5,,6.9,7.944,5.0,5.3,8.5,,-1,2.0,12.0,,,,,,,,,,0.0,0.0
RA-374,2023,F,2,7.533891667,8.8,8.3,5.63,7.65625,5.4,7.9175,10.0,6.3,6.3,3.7,0,3.0,13.0,-0.2131083330000001,-0.1999999999999993,-1.5,-1.87,,-1.5,-0.026499999999999524,5.0,1.0,,1.0
RA-375,2022,M,3,7.831,9.0,9.5,7.5,,5.4,7.667,10.0,3.3,7.5,,0,2.0,11.0,,,,,,,,,,1.0,0.0
RA-375,2023,M,4,7.070833333,0.0,9.9,5.0,8.541666667,7.9,8.283333333,5.0,6.8,9.0,,-1,2.0,12.0,-0.760166667,-9.0,0.40000000000000036,-2.5,,2.5,0.616333333,-5.0,-1.0,0.0,0.0
RA-376,2022,F,3,6.957,9.0,9.0,7.5,,4.3,7.5,5.0,2.0,6.7,,-1,2.0,12.0,,,,,,,,,,0.0,0.0
RA-376,2023,F,4,7.1392,8.5,9.6,2.52,7.916666667,5.9,8.226666667,5.0,4.3,7.5,,-1,2.0,13.0,0.18219999999999992,-0.5,0.5999999999999996,-4.98,,1.6000000000000005,0.7266666669999999,0.0,0.0,0.0,0.0
RA-377,2022,F,1,6.743,9.0,7.7,5.6,,6.2,6.833,5.0,4.3,8.0,,-1,2.0,12.0,,,,,,,,,,0.0,0.0
RA-377,2023,F,2,7.205041667,9.6,7.6,5.0,7.34375,4.8,7.6275,10.0,6.0,5.7,2.8,0,3.0,13.0,0.4620416669999994,0.5999999999999996,-0.10000000000000053,-0.5999999999999996,,-1.4000000000000004,0.7945000000000002,5.0,1.0,0.0,0.0
RA-378,2022,M,1,7.203,9.0,6.8,5.6,,8.1,7.889,5.0,8.7,7.5,,-1,2.0,12.0,,,,,,,,,,,1.0
RA-379,2022,F,0,6.722,8.5,8.1,7.5,,5.0,6.778,5.0,5.0,5.0,,-1,2.0,13.0,,,,,,,,,,,1.0
RA-38,2022,F,5,8.523,9.2,8.9,7.5,,8.6,9.833,5.0,9.0,7.0,9.7,-1,6.0,17.0,,,,,,,,,,0.0,0.0
RA-38,2023,F,6,8.835333333,9.6,9.7,7.52,8.75,7.7,8.8825,10.0,8.2,8.8,6.0,0,7.0,17.0,0.31233333299999977,0.40000000000000036,0.7999999999999989,0.019999999999999574,,-0.8999999999999995,-0.9504999999999999,5.0,1.0,0.0,0.0
RA-380,2022,M,5,4.556,7.9,4.4,5.0,,2.5,4.833,5.0,2.3,2.7,,-1,2.0,13.0,,,,,,,,,,0.0,0.0
RA-380,2023,M,6,4.912375,0.0,6.4,2.52,6.71875,4.5,6.5425,5.0,7.0,4.0,2.5,-1,3.0,14.0,0.3563749999999999,-7.9,2.0,-2.48,,2.0,1.7095000000000002,0.0,0.0,,1.0
RA-381,2022,M,4,6.454,9.0,8.3,6.9,,3.3,6.944,5.0,1.5,5.2,,-1,2.0,13.0,,,,,,,,,,0.0,0.0
RA-381,2023,M,5,5.758041667,0.0,8.4,6.89,7.34375,3.9,6.84,5.0,5.3,5.3,1.2,-1,3.0,14.0,-0.6959583330000001,-9.0,0.09999999999999964,-0.010000000000000675,,0.6000000000000001,-0.10400000000000009,0.0,0.0,1.0,0.0
RA-382,2022,M,5,6.777,9.0,7.7,6.3,,5.4,7.333,5.0,4.0,6.8,,-2,2.0,14.0,,,,,,,,,,0.0,0.0
RA-382,2023,M,6,6.223833333,0.0,9.4,6.26,7.5,5.2,7.1725,5.0,5.0,5.8,4.7,-2,3.0,15.0,-0.5531666670000002,-9.0,1.7000000000000002,-0.040000000000000036,,-0.20000000000000018,-0.16049999999999986,0.0,0.0,0.0,0.0
RA-383,2022,M,3,8.4,9.0,9.6,7.5,,8.1,7.778,10.0,8.0,8.2,,0,2.0,11.0,,,,,,,,,,0.0,0.0
RA-383,2023,M,4,7.5408,9.2,8.8,3.14,7.5,6.5,7.5,10.0,6.3,6.2,7.0,0,3.0,12.0,-0.8592000000000004,0.1999999999999993,-0.7999999999999989,-4.359999999999999,,-1.5999999999999996,-0.2779999999999996,0.0,0.0,0.0,0.0
RA-384,2022,F,5,7.558,9.0,8.4,6.3,,8.1,8.0,5.0,8.0,8.2,,-1,2.0,12.0,,,,,,,,,,0.0,0.0
RA-384,2023,F,6,6.757958333,0.0,9.1,2.52,7.65625,7.3,7.335,10.0,6.3,7.2,8.3,0,3.0,13.0,-0.8000416669999995,-9.0,0.6999999999999993,-3.78,,-0.7999999999999998,-0.665,5.0,1.0,0.0,0.0
RA-385,2022,F,0,6.083,7.4,7.5,5.0,,4.9,6.5,5.0,2.7,7.2,,-1,2.0,12.0,,,,,,,,,,,1.0
RA-386,2022,M,3,6.104,10.0,5.9,5.6,,4.0,7.222,5.0,3.7,4.3,,-1,2.0,13.0,,,,,,,,,,0.0,0.0
RA-386,2023,M,4,5.758425,9.2,7.0,2.52,7.03125,3.3,6.6325,5.0,5.0,3.7,1.2,-1,3.0,14.0,-0.3455750000000002,-0.8000000000000007,1.0999999999999996,-3.0799999999999996,,-0.7000000000000002,-0.5895000000000001,0.0,0.0,,1.0
RA-387,2022,M,3,6.323,7.0,8.2,7.5,,3.7,6.833,5.0,1.3,6.0,,-1,2.0,13.0,,,,,,,,,,0.0,0.0
RA-387,2023,M,4,4.794333333,0.0,6.8,2.52,6.875,3.0,7.0075,5.0,4.3,2.8,1.8,-1,3.0,14.0,-1.5286666670000004,-7.0,-1.3999999999999995,-4.98,,-0.7000000000000002,0.1745000000000001,0.0,0.0,0.0,0.0
RA-388,2022,F,3,6.654,7.9,8.5,5.6,,4.5,7.722,5.0,3.5,5.5,,-2,2.0,14.0,,,,,,,,,,0.0,0.0
RA-388,2023,F,4,5.630833333,0.0,7.4,5.63,6.875,4.2,7.835,5.0,6.0,4.3,2.2,-2,3.0,15.0,-1.023166667,-7.9,-1.0999999999999996,0.03000000000000025,,-0.2999999999999998,0.11299999999999955,0.0,0.0,0.0,0.0
RA-389,2022,M,3,7.184,8.0,8.9,7.5,,3.5,7.556,10.0,2.0,5.0,,0,2.0,11.0,,,,,,,,,,1.0,0.0
RA-389,2023,M,4,6.687,0.0,8.2,2.52,8.75,8.2,8.95,5.0,6.8,9.5,,-1,2.0,12.0,-0.4969999999999999,-8.0,-0.7000000000000011,-4.98,,4.699999999999999,1.3939999999999992,-5.0,-1.0,0.0,0.0
RA-39,2022,F,5,6.033,0.0,4.8,6.9,,6.9,6.111,10.0,7.7,5.1,7.8,0,6.0,16.0,,,,,,,,,,0.0,0.0
RA-39,2023,F,6,8.710333333,9.6,9.1,7.52,8.75,7.8,8.7575,10.0,8.3,7.8,7.2,0,7.0,17.0,2.677333332999999,9.6,4.3,0.6199999999999992,,0.8999999999999995,2.6465000000000005,0.0,0.0,0.0,0.0
RA-390,2022,F,0,6.776,7.4,8.8,6.3,,4.7,7.722,5.0,4.0,5.3,,-1,2.0,12.0,,,,,,,,,,0.0,0.0
RA-390,2023,F,1,6.905741667,7.9,8.8,2.52,7.34375,4.8,7.005,10.0,5.7,5.8,3.0,0,3.0,12.0,0.12974166700000023,0.5,0.0,-3.78,,0.09999999999999964,-0.7170000000000005,5.0,1.0,0.0,0.0
RA-391,2022,F,0,7.117,10.0,8.1,7.5,,5.1,8.056,5.0,5.0,5.2,,-1,2.0,12.0,,,,,,,,,,0.0,0.0
RA-391,2023,F,1,6.5107,7.9,7.5,2.52,7.5,3.5,7.585,10.0,4.2,5.0,1.3,0,3.0,13.0,-0.6063000000000001,-2.0999999999999996,-0.5999999999999996,-4.98,,-1.5999999999999996,-0.4709999999999992,5.0,1.0,,1.0
RA-392,2022,M,0,6.418,9.5,8.8,5.6,,4.8,6.778,5.0,3.7,5.8,,-2,2.0,14.0,,,,,,,,,,0.0,0.0
RA-392,2023,M,1,6.567208333,9.6,9.5,2.52,6.09375,4.6,7.17,5.0,6.2,4.7,2.8,-2,3.0,15.0,0.1492083329999998,0.09999999999999964,0.6999999999999993,-3.0799999999999996,,-0.20000000000000018,0.39200000000000035,0.0,0.0,0.0,0.0
RA-393,2022,F,4,5.518,10.0,5.4,5.0,,4.6,6.778,2.5,4.7,4.5,,-4,2.0,16.0,,,,,,,,,,,1.0
RA-394,2022,F,0,7.897,9.5,8.6,7.5,,5.9,8.444,10.0,4.3,7.5,,0,2.0,11.0,,,,,,,,,,,1.0
RA-395,2022,F,4,7.683,9.0,8.9,7.5,,4.9,8.333,10.0,4.2,5.7,,0,2.0,11.0,,,,,,,,,,0.0,0.0
RA-395,2023,F,5,7.469175,9.2,8.6,2.52,7.96875,6.0,7.9175,10.0,6.7,5.3,6.0,0,3.0,12.0,-0.21382499999999993,0.1999999999999993,-0.3000000000000007,-4.98,,1.0999999999999996,-0.41549999999999976,0.0,0.0,0.0,0.0
RA-396,2022,M,0,6.556,9.0,8.0,6.3,,5.6,6.556,5.0,4.7,6.5,,-1,2.0,12.0,,,,,,,,,,,1.0
RA-397,2022,F,5,5.852,9.0,5.7,6.9,,2.8,7.167,5.0,3.3,2.3,,-2,2.0,14.0,,,,,,,,,,0.0,0.0
RA-397,2023,F,6,6.207083333,7.5,7.9,2.52,7.1875,4.6,7.465,5.0,6.7,5.0,2.0,-1,4.0,15.0,0.3550833329999996,-1.5,2.2,-4.380000000000001,,1.7999999999999998,0.29800000000000004,0.0,1.0,1.0,0.0
RA-398,2022,F,0,7.742,9.0,9.3,7.5,,5.5,7.5,10.0,3.0,8.0,,0,2.0,10.0,,,,,,,,,,0.0,0.0
RA-398,2023,F,1,7.153766667,6.7,8.1,2.52,7.5,6.5,7.7925,10.0,9.3,5.8,4.5,1,3.0,11.0,-0.5882333329999998,-2.3,-1.200000000000001,-4.98,,1.0,0.2925000000000004,0.0,1.0,1.0,0.0
RA-399,2022,F,0,6.58,6.8,9.3,5.6,,4.3,7.5,5.0,3.0,5.5,,-1,2.0,12.0,,,,,,,,,,0.0,0.0
RA-399,2023,F,1,7.000033333,7.9,8.2,2.52,7.5,4.7,8.165,10.0,5.0,4.2,4.8,0,3.0,13.0,0.4200333330000001,1.1000000000000005,-1.1000000000000014,-3.0799999999999996,,0.40000000000000036,0.6649999999999991,5.0,1.0,,1.0
RA-4,2022,M,5,5.951,8.8,4.5,5.6,,5.0,5.278,10.0,2.8,3.5,8.7,0,7.0,17.0,,,,,,,,,,,1.0
RA-40,2022,F,6,7.203,7.9,7.8,7.5,,6.8,7.75,5.0,4.7,7.3,8.4,-1,5.0,16.0,,,,,,,,,,0.0,0.0
RA-40,2023,F,7,7.169975,7.5,8.2,7.52,7.96875,5.9,7.755,5.0,6.2,5.7,5.8,-1,6.0,17.0,-0.033025000000000304,-0.40000000000000036,0.39999999999999947,0.019999999999999574,,-0.8999999999999995,0.004999999999999893,0.0,0.0,0.0,0.0
RA-400,2022,M,4,6.042,9.0,8.5,5.0,,1.7,7.444,5.0,1.2,2.2,,-2,2.0,14.0,,,,,,,,,,0.0,0.0
RA-400,2023,M,5,6.529425,9.2,9.0,2.52,7.65625,4.1,7.375,5.0,4.8,4.7,2.8,-1,3.0,14.0,0.487425,0.1999999999999993,0.5,-2.48,,2.3999999999999995,-0.06899999999999995,0.0,1.0,,1.0
RA-401,2022,F,1,6.645,6.9,9.6,7.5,,4.3,6.722,5.0,3.7,5.0,,-1,2.0,12.0,,,,,,,,,,0.0,0.0
RA-401,2023,F,2,6.363666667,4.0,8.1,2.52,7.083333333,7.3,7.116666667,5.0,6.3,8.3,,-1,2.0,12.0,-0.2813333329999992,-2.9000000000000004,-1.5,-4.98,,3.0,0.3946666669999992,0.0,0.0,0.0,0.0
RA-402,2022,F,3,5.261,9.0,3.7,5.0,,3.0,7.222,5.0,4.3,1.7,,-1,2.0,12.0,,,,,,,,,,0.0,0.0
RA-402,2023,F,4,6.632716667,9.2,7.3,2.52,7.8125,4.2,6.88,10.0,4.7,4.0,4.0,0,3.0,13.0,1.3717166670000003,0.1999999999999993,3.5999999999999996,-2.48,,1.2000000000000002,-0.3420000000000005,5.0,1.0,0.0,0.0
RA-403,2022,M,2,7.455,9.5,9.3,7.5,,6.3,7.5,5.0,6.5,6.2,,-1,2.0,12.0,,,,,,,,,,0.0,0.0
RA-403,2023,M,3,7.716366667,8.5,8.8,6.27,7.291666667,7.8,8.45,5.0,6.8,8.8,,-1,2.0,13.0,0.2613666669999999,-1.0,-0.5,-1.2300000000000004,,1.5,0.9499999999999993,0.0,0.0,0.0,0.0
RA-404,2022,F,2,6.658,9.0,7.3,7.5,,5.3,6.944,5.0,4.0,6.5,,-1,2.0,12.0,,,,,,,,,,0.0,0.0
RA-404,2023,F,3,6.7093,7.9,8.3,5.02,6.875,6.0,6.89,5.0,4.7,7.2,,-1,2.0,13.0,0.05129999999999946,-1.0999999999999996,1.0000000000000009,-2.4800000000000004,,0.7000000000000002,-0.05400000000000027,0.0,0.0,0.0,0.0
RA-405,2022,M,6,5.661,9.5,6.2,5.0,,3.3,6.0,5.0,2.7,3.8,,-1,2.0,13.0,,,,,,,,,,,1.0
RA-406,2022,F,3,7.496,9.5,9.5,7.5,,6.6,7.333,5.0,5.4,7.8,,-1,2.0,13.0,,,,,,,,,,,1.0
RA-407,2022,M,0,7.195,8.5,9.3,7.5,,6.0,7.056,5.0,4.0,8.0,,-1,2.0,13.0,,,,,,,,,,0.0,0.0
RA-407,2023,M,1,7.665083333,9.6,8.6,7.52,7.8125,7.3,7.5,5.0,7.3,7.2,7.3,-1,3.0,14.0,0.4700833329999998,1.0999999999999996,-0.7000000000000011,0.019999999999999574,,1.2999999999999998,0.44399999999999995,0.0,0.0,0.0,0.0
RA-408,2022,F,0,6.725,8.0,9.7,7.5,,3.3,7.333,5.0,1.0,5.5,,-1,2.0,12.0,,,,,,,,,,0.0,0.0
RA-408,2023,F,1,7.242133333,7.9,8.5,3.77,8.333333333,6.8,8.45,5.0,6.0,7.5,,-1,2.0,13.0,0.5171333330000003,-0.09999999999999964,-1.1999999999999993,-3.73,,3.5,1.116999999999999,0.0,0.0,0.0,0.0
RA-409,2022,F,0,8.15,7.9,9.7,7.5,,7.8,7.5,10.0,6.0,9.5,,0,2.0,11.0,,,,,,,,,,1.0,0.0
RA-409,2023,F,1,7.621466667,8.4,9.5,2.52,7.916666667,8.0,8.73,5.0,6.2,9.7,,-1,2.0,12.0,-0.5285333330000004,0.5,-0.1999999999999993,-4.98,,0.20000000000000018,1.2300000000000004,-5.0,-1.0,0.0,0.0
RA-41,2022,M,4,5.581,9.2,6.1,5.0,,5.6,4.375,5.0,6.3,2.5,8.0,-2,5.0,17.0,,,,,,,,,,,1.0
RA-410,2022,M,4,5.675,7.4,6.5,6.3,,2.0,7.444,5.0,2.0,2.0,,-2,2.0,14.0,,,,,,,,,,0.0,0.0
RA-410,2023,M,5,6.140808333,8.8,5.8,7.52,6.71875,4.9,6.0425,5.0,5.0,4.8,4.8,-1,3.0,14.0,0.465808333,1.4000000000000004,-0.7000000000000002,1.2199999999999998,,2.9000000000000004,-1.4014999999999995,0.0,1.0,,1.0
RA-411,2022,F,3,7.232,6.4,8.6,7.5,,7.1,7.833,5.0,6.7,7.5,,-1,2.0,12.0,,,,,,,,,,0.0,0.0
RA-411,2023,F,4,7.779983333,6.2,9.0,7.52,7.8125,6.6,7.5425,10.0,5.7,6.7,7.3,0,3.0,13.0,0.5479833329999995,-0.20000000000000018,0.40000000000000036,0.019999999999999574,,-0.5,-0.29049999999999976,5.0,1.0,0.0,0.0
RA-412,2022,F,4,7.556,8.5,9.0,7.5,,7.3,7.778,5.0,6.5,8.2,,-1,2.0,12.0,,,,,,,,,,0.0,0.0
RA-412,2023,F,5,7.373891667,8.8,8.9,2.52,7.03125,6.2,7.585,10.0,5.8,5.2,7.7,0,3.0,13.0,-0.1821083330000004,0.3000000000000007,-0.09999999999999964,-4.98,,-1.0999999999999996,-0.19299999999999962,5.0,1.0,0.0,0.0
RA-413,2022,F,0,6.408,6.4,8.7,5.6,,4.7,7.056,5.0,4.2,5.2,,-1,2.0,12.0,,,,,,,,,,0.0,0.0
RA-413,2023,F,1,6.803633333,7.9,8.9,2.52,7.291666667,6.3,7.503333333,5.0,5.8,6.7,,-1,2.0,13.0,0.39563333299999925,1.5,0.20000000000000107,-3.0799999999999996,,1.5999999999999996,0.44733333299999956,0.0,0.0,,1.0
RA-414,2022,F,1,7.284,8.0,9.3,7.5,,5.9,7.667,5.0,5.7,6.2,,-1,2.0,12.0,,,,,,,,,,0.0,0.0
RA-414,2023,F,2,7.25025,0.0,9.5,7.52,7.8125,6.5,7.585,10.0,6.0,7.0,6.5,0,3.0,13.0,-0.0337499999999995,-8.0,0.1999999999999993,0.019999999999999574,,0.5999999999999996,-0.08199999999999985,5.0,1.0,0.0,0.0
RA-415,2022,F,3,7.695,8.0,8.3,7.5,,6.2,8.056,10.0,4.8,7.5,,0,2.0,11.0,,,,,,,,,,0.0,0.0
RA-415,2023,F,4,7.18805,7.1,8.2,7.52,7.8125,3.7,7.8325,10.0,2.8,4.0,4.3,0,3.0,12.0,-0.5069500000000007,-0.9000000000000004,-0.10000000000000142,0.019999999999999574,,-2.5,-0.2234999999999996,0.0,0.0,,1.0
RA-416,2022,M,4,7.913,9.5,9.3,8.8,,7.2,8.222,5.0,6.7,7.7,,-1,2.0,12.0,,,,,,,,,,0.0,0.0
RA-416,2023,M,5,8.144425,9.2,9.8,2.52,8.28125,7.6,8.3375,10.0,7.0,7.0,8.8,0,3.0,13.0,0.23142499999999977,-0.3000000000000007,0.5,-6.280000000000001,,0.39999999999999947,0.11550000000000082,5.0,1.0,0.0,0.0
RA-417,2022,F,0,8.428,10.0,10.0,7.5,,8.0,9.556,5.0,6.0,10.0,,-1,2.0,13.0,,,,,,,,,,0.0,0.0
RA-417,2023,F,1,8.257658333,5.4,9.7,7.52,8.28125,7.8,8.2125,10.0,6.7,8.3,8.3,0,3.0,13.0,-0.17034166700000064,-4.6,-0.3000000000000007,0.019999999999999574,,-0.20000000000000018,-1.3434999999999988,5.0,1.0,0.0,0.0
RA-418,2022,F,2,8.175,8.0,9.4,7.5,,7.5,8.222,10.0,6.5,8.5,,0,2.0,10.0,,,,,,,,,,0.0,0.0
RA-418,2023,F,3,8.1686,8.8,10.0,2.52,8.125,8.1,8.045,10.0,6.7,8.3,9.3,1,3.0,11.0,-0.0064000000000010715,0.8000000000000007,0.5999999999999996,-4.98,,0.5999999999999996,-0.1769999999999996,0.0,1.0,0.0,0.0
RA-419,2022,F,3,7.359,7.5,9.2,5.6,,6.9,8.389,5.0,5.3,8.5,,-1,2.0,12.0,,,,,,,,,,0.0,0.0
RA-419,2023,F,4,7.7261,6.7,9.5,2.52,8.125,7.6,7.875,10.0,7.0,7.3,8.5,0,3.0,13.0,0.36709999999999976,-0.7999999999999998,0.3000000000000007,-3.0799999999999996,,0.6999999999999993,-0.5139999999999993,5.0,1.0,0.0,0.0
RA-42,2022,M,3,6.72,8.3,7.9,5.6,,4.8,6.083,10.0,3.7,4.5,6.2,0,5.0,15.0,,,,,,,,,,1.0,0.0
RA-42,2023,M,4,6.794516667,8.8,8.6,5.63,6.5625,5.7,6.6675,5.0,6.3,4.2,6.7,-1,5.0,16.0,0.07451666700000015,0.5,0.6999999999999993,0.03000000000000025,,0.9000000000000004,0.5845000000000002,-5.0,-1.0,0.0,0.0
RA-420,2022,F,3,7.461,9.5,9.0,5.6,,4.5,8.0,10.0,1.3,7.7,,0,2.0,11.0,,,,,,,,,,0.0,0.0
RA-420,2023,F,4,7.356358333,8.3,9.3,2.52,7.65625,5.3,7.96,10.0,5.7,5.8,4.3,0,3.0,12.0,-0.1046416670000001,-1.1999999999999993,0.3000000000000007,-3.0799999999999996,,0.7999999999999998,-0.040000000000000036,0.0,0.0,0.0,0.0
RA-421,2022,M,1,8.717,8.5,9.3,7.5,,8.8,9.111,10.0,9.2,8.5,,0,2.0,11.0,,,,,,,,,,0.0,0.0
RA-421,2023,M,2,8.030716667,9.2,9.9,2.52,7.8125,7.3,8.17,10.0,8.0,6.2,7.8,0,3.0,12.0,-0.6862833330000004,0.6999999999999993,0.5999999999999996,-4.98,,-1.5000000000000009,-0.9410000000000007,0.0,0.0,0.0,0.0
RA-422,2022,M,0,6.746,8.5,10.0,7.5,,2.5,7.5,5.0,1.0,4.0,,-1,2.0,12.0,,,,,,,,,,0.0,0.0
RA-422,2023,M,1,5.57,0.0,7.8,7.52,6.666666667,4.4,6.106666667,5.0,3.0,5.7,,-1,2.0,13.0,-1.1760000000000002,-8.5,-2.2,0.019999999999999574,,1.9000000000000004,-1.3933333330000002,0.0,0.0,0.0,0.0
RA-423,2022,F,0,6.647,8.4,9.6,7.5,,2.3,7.667,5.0,0.5,4.0,,-1,2.0,12.0,,,,,,,,,,0.0,0.0
RA-423,2023,F,1,6.607533333,8.0,8.7,6.89,7.083333333,3.4,7.45,5.0,2.3,4.5,,-1,2.0,13.0,-0.03946666700000012,-0.40000000000000036,-0.9000000000000004,-0.6100000000000003,,1.1,-0.21699999999999964,0.0,0.0,0.0,0.0
RA-424,2022,F,0,7.94,9.0,10.0,7.5,,7.5,8.222,5.0,10.0,5.0,,-1,2.0,12.0,,,,,,,,,,0.0,0.0
RA-424,2023,F,1,7.72685,8.8,9.9,2.52,7.8125,6.4,7.7925,10.0,5.0,6.7,7.5,0,3.0,13.0,-0.21315000000000062,-0.1999999999999993,-0.09999999999999964,-4.98,,-1.0999999999999996,-0.4294999999999991,5.0,1.0,0.0,0.0
RA-425,2022,M,0,8.117,9.0,10.0,7.5,,9.0,7.5,5.0,9.0,9.0,,-1,2.0,12.0,,,,,,,,,,0.0,0.0
RA-425,2023,M,1,8.10555,9.2,9.9,2.52,7.8125,7.5,8.3775,10.0,6.7,7.3,8.5,0,3.0,13.0,-0.011450000000001737,0.1999999999999993,-0.09999999999999964,-4.98,,-1.5,0.8774999999999995,5.0,1.0,0.0,0.0
RA-426,2022,F,0,6.35,9.0,6.5,7.5,,4.6,7.111,5.0,2.3,6.8,,-2,2.0,14.0,,,,,,,,,,0.0,0.0
RA-426,2023,F,1,6.329158333,5.4,7.6,5.0,7.65625,5.0,7.5425,5.0,4.7,5.2,5.0,-1,3.0,14.0,-0.020841667000000008,-3.5999999999999996,1.0999999999999996,-2.5,,0.40000000000000036,0.43150000000000066,0.0,1.0,0.0,0.0
RA-427,2022,M,0,6.245,8.0,8.5,7.5,,2.5,6.778,5.0,3.0,2.0,,-1,2.0,13.0,,,,,,,,,,,1.0
RA-428,2022,M,0,7.683,6.8,8.7,7.5,,9.5,7.111,5.0,10.0,9.0,,-1,2.0,13.0,,,,,,,,,,0.0,0.0
RA-428,2023,M,1,7.821816667,8.3,9.5,2.52,7.8125,7.2,8.0425,10.0,9.3,4.7,7.7,0,3.0,13.0,0.1388166670000004,1.5000000000000009,0.8000000000000007,-4.98,,-2.3,0.9315000000000007,5.0,1.0,0.0,0.0
RA-429,2022,M,3,5.811,10.0,5.3,7.5,,2.7,6.611,5.0,2.8,2.5,,-1,2.0,13.0,,,,,,,,,,,1.0
RA-43,2022,F,3,5.486,6.3,6.5,5.6,,4.3,5.958,5.0,4.0,5.8,3.2,-1,5.0,16.0,,,,,,,,,,0.0,0.0
RA-43,2023,F,4,6.4622,7.9,6.7,5.63,7.5,5.0,7.5875,5.0,4.0,5.0,6.0,-1,6.0,17.0,0.9762000000000004,1.6000000000000005,0.20000000000000018,0.03000000000000025,,0.7000000000000002,1.6295000000000002,0.0,0.0,,1.0
RA-430,2022,M,0,7.585,9.5,8.6,7.5,,8.5,6.611,5.0,7.5,9.5,,-1,2.0,13.0,,,,,,,,,,0.0,0.0
RA-430,2023,M,1,7.146716667,9.2,9.3,2.52,7.8125,6.4,7.75,5.0,7.3,5.5,6.5,-1,3.0,14.0,-0.4382833330000002,-0.3000000000000007,0.7000000000000011,-4.98,,-2.0999999999999996,1.1390000000000002,0.0,0.0,,1.0
RA-431,2022,M,0,7.175,9.0,8.1,7.5,,4.5,6.778,10.0,5.0,4.0,,0,2.0,11.0,,,,,,,,,,,1.0
RA-432,2022,F,3,6.34,10.0,6.8,5.0,,5.1,6.611,5.0,5.7,4.5,,-2,2.0,14.0,,,,,,,,,,0.0,0.0
RA-432,2023,F,4,6.850183333,8.8,9.0,2.52,7.8125,5.2,8.0425,5.0,5.0,6.3,4.2,-2,3.0,15.0,0.5101833330000005,-1.1999999999999993,2.2,-2.48,,0.10000000000000053,1.4315000000000007,0.0,0.0,0.0,0.0
RA-433,2022,M,0,5.557,8.5,7.3,5.0,,2.6,5.778,5.0,2.2,3.0,,-1,2.0,12.0,,,,,,,,,,0.0,0.0
RA-433,2023,M,1,6.5982,8.5,7.2,7.52,5.833333333,4.8,7.613333333,5.0,1.8,7.7,,-1,2.0,13.0,1.0412,0.0,-0.09999999999999964,2.5199999999999996,,2.1999999999999997,1.8353333330000003,0.0,0.0,0.0,0.0
RA-434,2022,M,0,7.403,9.0,8.1,7.5,,5.7,6.778,10.0,4.8,6.5,,0,2.0,11.0,,,,,,,,,,1.0,0.0
RA-434,2023,M,1,7.069766667,6.3,8.0,7.52,7.5,6.6,7.613333333,5.0,5.2,8.0,,-1,2.0,12.0,-0.3332333329999999,-2.7,-0.09999999999999964,0.019999999999999574,,0.8999999999999995,0.8353333330000003,-5.0,-1.0,0.0,0.0
RA-435,2022,F,0,6.599,7.9,6.2,7.5,,4.7,6.444,10.0,3.7,5.7,,0,2.0,10.0,,,,,,,,,,,1.0
RA-436,2022,M,0,6.687,9.5,8.1,7.5,,2.0,6.611,10.0,4.0,0.0,,0,2.0,11.0,,,,,,,,,,1.0,0.0
RA-436,2023,M,1,5.322366667,7.5,4.7,2.52,6.875,3.4,7.613333333,5.0,3.7,3.0,,-1,2.0,12.0,-1.3646333330000004,-2.0,-3.3999999999999995,-4.98,,1.4,1.0023333330000002,-5.0,-1.0,,1.0
RA-437,2022,M,0,6.875,8.5,8.3,7.5,,5.8,6.611,5.0,6.0,5.5,,-1,2.0,13.0,,,,,,,,,,1.0,0.0
RA-437,2023,M,1,6.947366667,8.0,8.4,7.52,7.291666667,4.7,7.78,5.0,2.5,6.8,,-2,2.0,14.0,0.07236666699999983,-0.5,0.09999999999999964,0.019999999999999574,,-1.0999999999999996,1.1690000000000005,0.0,-1.0,,1.0
RA-438,2022,M,0,7.764,8.0,8.7,7.5,,7.3,6.889,10.0,6.5,8.0,,0,2.0,10.0,,,,,,,,,,0.0,0.0
RA-438,2023,M,1,6.9883,6.9,7.5,6.26,6.458333333,5.4,7.223333333,10.0,3.5,7.3,,0,2.0,11.0,-0.7757000000000005,-1.0999999999999996,-1.1999999999999993,-1.2400000000000002,,-1.8999999999999995,0.334333333,0.0,0.0,1.0,0.0
RA-439,2022,M,0,5.519,9.0,4.9,7.5,,2.3,6.5,5.0,3.2,1.3,,-1,2.0,12.0,,,,,,,,,,,1.0
RA-44,2022,F,1,5.542,5.0,5.9,7.5,,3.0,7.292,5.0,2.3,3.5,3.2,-2,5.0,17.0,,,,,,,,,,0.0,0.0
RA-44,2023,F,2,6.258333333,0.0,8.5,5.01,7.5,6.9,7.17,5.0,7.3,5.8,7.5,-2,6.0,18.0,0.7163333330000006,-5.0,2.5999999999999996,-2.49,,3.9000000000000004,-0.12199999999999989,0.0,0.0,,1.0
RA-440,2022,M,0,7.329,9.5,9.0,6.9,,5.5,5.833,10.0,6.0,5.0,,0,2.0,11.0,,,,,,,,,,0.0,0.0
RA-440,2023,M,1,6.989208333,0.0,8.2,7.52,7.96875,6.2,7.835,10.0,7.3,7.0,4.2,0,3.0,12.0,-0.3397916670000001,-9.5,-0.8000000000000007,0.6199999999999992,,0.7000000000000002,2.002,0.0,0.0,,1.0
RA-441,2022,F,3,8.188,9.0,7.9,7.5,,8.0,8.333,10.0,8.0,8.0,,0,2.0,11.0,,,,,,,,,,,1.0
RA-442,2022,F,0,8.226,10.0,8.2,7.5,,7.5,8.222,10.0,9.0,6.0,,0,2.0,11.0,,,,,,,,,,0.0,0.0
RA-442,2023,F,1,6.814166667,0.0,7.6,7.52,7.5,5.8,8.1275,10.0,6.7,6.5,4.3,0,3.0,12.0,-1.4118333330000006,-10.0,-0.5999999999999996,0.019999999999999574,,-1.7000000000000002,-0.09450000000000003,0.0,0.0,0.0,0.0
RA-443,2022,F,3,7.482,9.0,9.1,7.5,,5.6,8.5,5.0,8.0,3.2,,-1,2.0,13.0,,,,,,,,,,0.0,0.0
RA-443,2023,F,4,6.895508333,7.1,7.5,2.52,7.96875,7.6,8.125,5.0,7.0,8.7,7.0,-1,3.0,14.0,-0.5864916669999998,-1.9000000000000004,-1.5999999999999996,-4.98,,2.0,-0.375,0.0,0.0,,1.0
RA-444,2022,M,4,6.665,9.0,7.2,5.0,,3.1,7.778,10.0,1.5,4.7,,0,2.0,11.0,,,,,,,,,,0.0,0.0
RA-444,2023,M,5,5.958791667,0.0,7.9,5.0,6.40625,4.7,6.4575,10.0,4.7,5.8,3.7,1,3.0,11.0,-0.7062083330000002,-9.0,0.7000000000000002,0.0,,1.6,-1.3205,0.0,1.0,1.0,0.0
RA-445,2022,M,0,6.924,9.0,9.4,7.5,,3.8,7.5,5.0,0.0,7.5,,-1,2.0,12.0,,,,,,,,,,0.0,0.0
RA-445,2023,M,1,7.9087,8.0,8.8,6.89,8.541666667,8.4,8.176666667,5.0,7.7,9.0,,-1,2.0,13.0,0.9846999999999992,-1.0,-0.5999999999999996,-0.6100000000000003,,4.6000000000000005,0.6766666669999992,0.0,0.0,0.0,0.0
RA-446,2022,F,4,7.367,9.5,8.9,5.0,,6.9,7.889,5.0,6.3,7.5,,-1,2.0,13.0,,,,,,,,,,,1.0
RA-447,2022,F,0,5.607,0.0,7.0,7.5,,3.5,5.556,10.0,7.0,0.0,,0,2.0,10.0,,,,,,,,,,,1.0
RA-448,2022,F,0,7.972,9.0,9.7,7.5,,5.5,8.111,10.0,5.0,6.0,,0,2.0,11.0,,,,,,,,,,,1.0
RA-449,2022,F,0,6.143,0.0,6.0,7.5,,7.0,8.111,5.0,6.0,8.0,,-1,2.0,12.0,,,,,,,,,,0.0,0.0
RA-449,2023,F,1,7.396508333,7.1,7.2,7.52,7.34375,7.0,6.8425,10.0,5.5,7.7,7.7,0,3.0,12.0,1.253508333,7.1,1.2000000000000002,0.019999999999999574,,0.0,-1.2685000000000004,5.0,1.0,,1.0
RA-45,2022,F,3,7.591,7.9,8.9,5.6,,6.8,7.417,10.0,6.3,5.2,8.8,0,5.0,15.0,,,,,,,,,,0.0,0.0
RA-45,2023,F,4,8.303591667,7.1,9.6,6.26,8.28125,7.9,8.1725,10.0,7.8,6.3,9.7,0,6.0,16.0,0.712591666999999,-0.8000000000000007,0.6999999999999993,0.6600000000000001,,1.1000000000000005,0.7554999999999996,0.0,0.0,0.0,0.0
RA-450,2022,M,1,7.843,10.0,9.1,7.5,,7.5,8.111,5.0,6.8,8.2,,-1,2.0,13.0,,,,,,,,,,0.0,0.0
RA-450,2023,M,2,6.819625,9.6,8.4,2.52,7.65625,5.4,7.9175,5.0,7.0,6.5,2.7,-1,3.0,14.0,-1.0233749999999997,-0.40000000000000036,-0.6999999999999993,-4.98,,-2.0999999999999996,-0.19350000000000023,0.0,0.0,0.0,0.0
RA-451,2022,F,3,6.434,9.0,6.0,6.3,,6.1,6.889,5.0,3.1,9.2,,-1,2.0,13.0,,,,,,,,,,1.0,0.0
RA-451,2023,F,4,8.386033333,8.5,9.5,4.39,9.375,8.9,9.896666667,5.0,7.8,10.0,,-2,2.0,14.0,1.9520333330000001,-0.5,3.5,-1.9100000000000001,,2.8000000000000007,3.0076666669999996,0.0,-1.0,,1.0
RA-452,2022,F,1,6.287,9.0,5.6,7.5,,4.8,7.167,5.0,5.0,4.5,,-1,2.0,13.0,,,,,,,,,,,1.0
RA-453,2022,F,0,7.845,9.0,8.7,7.5,,8.8,7.778,5.0,8.0,9.5,,-1,2.0,13.0,,,,,,,,,,,1.0
RA-454,2022,M,4,5.561,9.5,8.6,5.0,,2.3,5.444,5.0,0.0,4.7,,-2,2.0,14.0,,,,,,,,,,0.0,0.0
RA-454,2023,M,5,4.603416667,0.0,7.5,5.0,4.6875,2.6,5.54,5.0,4.2,1.2,2.5,-2,3.0,15.0,-0.9575833329999996,-9.5,-1.0999999999999996,0.0,,0.30000000000000027,0.09600000000000009,0.0,0.0,0.0,0.0
RA-455,2022,F,0,6.876,7.0,7.9,7.5,,6.3,7.278,5.0,6.0,6.5,,-1,2.0,12.0,,,,,,,,,,,0.0
RA-456,2022,F,0,7.193,6.4,8.2,6.3,,7.3,8.389,5.0,6.0,8.7,,-1,2.0,12.0,,,,,,,,,,0.0,0.0
RA-456,2023,F,1,7.518,0.0,8.3,4.39,9.583333333,9.9,9.953333333,5.0,9.7,10.0,,-1,2.0,12.0,0.3250000000000002,-6.4,0.10000000000000142,-1.9100000000000001,,2.6000000000000005,1.5643333330000004,0.0,0.0,0.0,0.0
RA-457,2022,F,0,7.68,8.0,8.8,7.5,,8.5,7.667,5.0,7.0,10.0,,-1,2.0,12.0,,,,,,,,,,0.0,0.0
RA-457,2023,F,1,8.256833333,7.5,8.6,7.52,8.125,8.1,8.045,10.0,6.7,8.5,9.0,0,3.0,13.0,0.5768333329999997,-0.5,-0.20000000000000107,0.019999999999999574,,-0.40000000000000036,0.3780000000000001,5.0,1.0,0.0,0.0
RA-458,2022,M,3,6.512,8.0,7.7,7.5,,5.6,5.833,5.0,4.7,6.5,,-1,2.0,13.0,,,,,,,,,,0.0,0.0
RA-458,2023,M,4,6.312083333,9.6,6.9,7.52,7.1875,3.8,6.2475,5.0,4.3,4.8,2.2,-1,3.0,14.0,-0.19991666699999922,1.5999999999999996,-0.7999999999999998,0.019999999999999574,,-1.7999999999999998,0.4144999999999994,0.0,0.0,0.0,0.0
RA-459,2022,M,3,7.28,7.0,9.1,8.1,,7.3,7.222,5.0,5.3,9.2,,-1,2.0,12.0,,,,,,,,,,0.0,0.0
RA-459,2023,M,4,8.240016667,6.7,9.3,7.52,7.1875,8.3,7.88,10.0,8.3,9.2,7.5,0,3.0,13.0,0.9600166670000005,-0.2999999999999998,0.20000000000000107,-0.5800000000000001,,1.0000000000000009,0.6579999999999995,5.0,1.0,0.0,0.0
RA-46,2022,F,0,6.048,8.8,8.4,6.3,,2.1,7.083,5.0,2.8,2.8,0.7,-2,5.0,17.0,,,,,,,,,,1.0,0.0
RA-46,2023,F,1,5.545383333,7.1,7.4,2.52,6.5625,4.4,6.6275,2.5,2.8,3.0,7.3,-3,5.0,18.0,-0.5026166669999999,-1.700000000000001,-1.0,-3.78,,2.3000000000000003,-0.4554999999999998,-2.5,-1.0,,1.0
RA-460,2022,M,0,5.711,6.8,8.1,7.5,,3.3,5.056,5.0,0.5,6.0,,-1,2.0,12.0,,,,,,,,,,,1.0
RA-461,2022,F,4,5.451,0.0,6.7,7.5,,3.8,7.222,5.0,1.5,6.2,,-1,2.0,12.0,,,,,,,,,,0.0,0.0
RA-461,2023,F,5,7.2379,7.3,7.9,3.77,8.541666667,7.4,8.616666667,5.0,5.7,9.0,,-1,2.0,12.0,1.7869000000000002,7.3,1.2000000000000002,-3.73,,3.6000000000000005,1.394666667,0.0,0.0,0.0,0.0
RA-462,2022,M,0,6.626,10.0,8.5,7.5,,3.6,6.778,5.0,2.0,5.2,,-2,2.0,14.0,,,,,,,,,,0.0,0.0
RA-462,2023,F,1,6.2267,10.0,8.1,5.0,7.5,2.7,6.5825,5.0,4.0,2.8,1.3,-2,3.0,15.0,-0.3993000000000002,0.0,-0.40000000000000036,-2.5,,-0.8999999999999999,-0.1955,0.0,0.0,,1.0
RA-463,2022,F,2,6.41,10.0,7.8,7.5,,2.5,7.389,5.0,2.0,3.0,,-1,2.0,12.0,,,,,,,,,,0.0,0.0
RA-463,2023,F,3,6.382383333,9.2,5.4,2.52,7.8125,4.0,7.795,10.0,6.3,4.3,1.3,0,3.0,13.0,-0.027616667000000206,-0.8000000000000007,-2.3999999999999995,-4.98,,1.5,0.4059999999999997,5.0,1.0,,1.0
RA-464,2022,F,0,6.745,7.5,8.0,7.5,,4.8,7.722,5.0,2.7,7.0,,-1,2.0,13.0,,,,,,,,,,0.0,0.0
RA-464,2023,F,1,6.081675,9.2,7.7,2.52,7.96875,3.0,7.38,5.0,4.8,3.7,0.5,-1,3.0,14.0,-0.6633250000000004,1.6999999999999993,-0.2999999999999998,-4.98,,-1.7999999999999998,-0.3420000000000005,0.0,0.0,0.0,0.0
RA-465,2022,M,3,8.012,8.0,7.9,7.5,,7.8,8.444,10.0,9.3,6.3,,0,2.0,11.0,,,,,,,,,,0.0,0.0
RA-465,2023,M,4,8.012875,7.5,9.4,2.52,7.96875,8.5,8.17,10.0,8.3,8.2,9.0,0,3.0,12.0,0.0008749999999988489,-0.5,1.5,-4.98,,0.7000000000000002,-0.2740000000000009,0.0,0.0,,1.0
RA-466,2022,M,0,6.826,8.5,9.7,7.5,,3.3,7.556,5.0,0.5,6.0,,-1,2.0,13.0,,,,,,,,,,1.0,0.0
RA-466,2023,M,1,6.595533333,9.5,7.6,6.89,6.25,4.5,7.056666667,5.0,2.5,6.5,,-2,2.0,14.0,-0.23046666699999996,1.0,-2.0999999999999996,-0.6100000000000003,,1.2000000000000002,-0.49933333300000005,0.0,-1.0,0.0,0.0
RA-467,2022,F,0,6.38,5.8,8.4,5.0,,5.5,7.111,5.0,5.0,6.0,,-1,2.0,13.0,,,,,,,,,,0.0,0.0
RA-467,2023,F,1,6.552916667,6.3,9.2,3.14,7.1875,5.2,7.5425,5.0,6.0,6.0,3.7,-1,3.0,14.0,0.17291666699999997,0.5,0.7999999999999989,-1.8599999999999999,,-0.2999999999999998,0.43150000000000066,0.0,0.0,0.0,0.0
RA-468,2022,M,0,6.313,9.5,6.7,7.5,,4.1,6.722,5.0,4.5,3.7,,-1,2.0,13.0,,,,,,,,,,0.0,0.0
RA-468,2023,M,1,5.911108333,8.3,6.0,6.27,7.34375,3.4,6.715,5.0,4.8,3.0,2.3,-1,3.0,14.0,-0.4018916670000001,-1.1999999999999993,-0.7000000000000002,-1.2300000000000004,,-0.6999999999999997,-0.007000000000000561,0.0,0.0,,1.0
RA-469,2022,F,0,7.624,9.0,9.6,5.0,,5.7,7.833,10.0,6.2,5.2,,0,2.0,11.0,,,,,,,,,,1.0,0.0
RA-469,2023,F,1,7.482533333,7.5,9.3,2.52,7.916666667,7.8,8.843333333,5.0,6.8,8.8,,-1,2.0,12.0,-0.14146666699999955,-1.5,-0.29999999999999893,-2.48,,2.0999999999999996,1.0103333330000002,-5.0,-1.0,0.0,0.0
RA-47,2022,F,0,5.677,7.9,6.3,7.5,,2.1,7.042,5.0,2.5,2.2,1.5,-2,5.0,17.0,,,,,,,,,,,1.0
RA-470,2022,F,3,7.378,8.0,9.7,7.5,,6.3,7.5,5.0,5.3,7.3,,-1,2.0,13.0,,,,,,,,,,0.0,0.0
RA-470,2023,F,4,6.993766667,8.8,9.2,5.0,7.5,4.9,7.71,5.0,6.0,4.3,4.5,-1,3.0,14.0,-0.38423333300000007,0.8000000000000007,-0.5,-2.5,,-1.3999999999999995,0.20999999999999996,0.0,0.0,0.0,0.0
RA-471,2022,F,2,6.535,3.5,8.5,5.0,,6.3,8.056,5.0,5.7,6.8,,-1,2.0,13.0,,,,,,,,,,0.0,0.0
RA-471,2023,F,3,6.855541667,0.0,9.0,6.27,7.96875,5.0,8.125,10.0,6.3,4.0,4.8,0,3.0,13.0,0.32054166699999964,-3.5,0.5,1.2699999999999996,,-1.2999999999999998,0.06900000000000084,5.0,1.0,0.0,0.0
RA-472,2022,F,0,5.93,9.0,7.0,7.5,,2.0,7.056,5.0,1.8,2.2,,-1,2.0,12.0,,,,,,,,,,0.0,0.0
RA-472,2023,F,1,6.6858,5.1,7.1,7.52,7.708333333,5.5,8.223333333,5.0,3.7,7.2,,-1,2.0,13.0,0.7558000000000007,-3.9000000000000004,0.09999999999999964,0.019999999999999574,,3.5,1.1673333329999993,0.0,0.0,0.0,0.0
RA-473,2022,M,3,5.915,8.0,6.1,7.5,,4.3,5.889,5.0,4.5,4.0,,-1,2.0,12.0,,,,,,,,,,,1.0
RA-474,2022,M,3,6.446,9.5,9.1,7.5,,3.0,6.0,5.0,1.3,4.7,,-1,2.0,13.0,,,,,,,,,,0.0,0.0
RA-474,2023,M,4,5.283583333,0.0,7.8,5.0,7.1875,3.3,6.7575,5.0,4.8,3.8,1.2,-1,3.0,14.0,-1.1624166669999996,-9.5,-1.2999999999999998,-2.5,,0.2999999999999998,0.7575000000000003,0.0,0.0,0.0,0.0
RA-475,2022,F,0,7.199,8.5,9.2,7.5,,5.8,7.667,5.0,3.3,8.3,,-1,2.0,12.0,,,,,,,,,,,1.0
RA-476,2022,F,3,6.931,9.0,9.3,4.4,,5.5,7.556,5.0,5.0,6.0,,-1,2.0,12.0,,,,,,,,,,0.0,0.0
RA-476,2023,F,4,6.492408333,7.9,7.0,2.52,7.34375,4.1,7.505,10.0,5.0,4.5,2.7,0,3.0,13.0,-0.43859166699999985,-1.0999999999999996,-2.3000000000000007,-1.8800000000000003,,-1.4000000000000004,-0.051000000000000156,5.0,1.0,0.0,0.0
RA-477,2022,M,0,3.633,0.0,5.0,5.6,,0.7,4.5,5.0,0.3,1.0,,-1,2.0,13.0,,,,,,,,,,,1.0
RA-478,2022,F,3,6.709,8.5,9.1,5.6,,4.9,7.056,5.0,3.8,6.0,,-1,2.0,12.0,,,,,,,,,,0.0,0.0
RA-478,2023,F,4,6.443616667,6.7,7.3,2.52,7.1875,4.4,7.2975,10.0,4.3,4.7,4.3,0,3.0,12.0,-0.26538333299999994,-1.7999999999999998,-1.7999999999999998,-3.0799999999999996,,-0.5,0.24150000000000027,5.0,1.0,,1.0
RA-479,2022,M,2,8.465,8.0,9.2,7.5,,9.8,9.5,5.0,10.0,9.7,,-1,1.0,10.0,,,,,,,,,,0.0,0.0
RA-479,2023,M,3,8.988866667,9.0,10.0,2.52,9.791666667,9.7,9.6375,10.0,9.3,10.0,,0,2.0,11.0,0.5238666670000001,1.0,0.8000000000000007,-4.98,,-0.10000000000000142,0.1374999999999993,5.0,1.0,0.0,0.0
RA-48,2022,F,5,8.006,6.7,8.4,7.5,,8.1,8.5,10.0,6.7,8.0,9.5,0,5.0,15.0,,,,,,,,,,0.0,0.0
RA-48,2023,F,6,7.797058333,6.7,8.4,6.26,7.65625,7.7,7.6275,10.0,8.3,5.7,9.0,0,6.0,16.0,-0.2089416670000004,0.0,0.0,-1.2400000000000002,,-0.39999999999999947,-0.8724999999999996,0.0,0.0,0.0,0.0
RA-480,2022,F,1,7.502,9.0,8.8,7.5,,6.3,8.444,5.0,6.8,5.7,,-1,1.0,10.0,,,,,,,,,,0.0,0.0
RA-480,2023,F,2,8.226408333,10.0,9.7,7.52,7.96875,7.9,8.336666667,5.0,7.2,8.5,,-1,1.0,11.0,0.7244083330000004,1.0,0.8999999999999986,0.019999999999999574,,1.6000000000000005,-0.10733333300000147,0.0,0.0,0.0,0.0
RA-481,2022,M,1,7.21,9.0,8.0,7.5,,5.2,6.889,10.0,5.7,4.7,,0,1.0,9.0,,,,,,,,,,,1.0
RA-482,2022,M,1,6.866,10.0,7.9,7.5,,5.5,6.833,5.0,4.3,6.7,,-1,1.0,11.0,,,,,,,,,,,1.0
RA-483,2022,F,3,5.263,9.0,4.8,5.0,,2.4,6.833,5.0,2.0,2.8,,-1,1.0,11.0,,,,,,,,,,1.0,0.0
RA-483,2023,F,4,6.3972,9.0,6.0,2.52,7.916666667,5.6,8.166666667,5.0,5.0,6.2,,-2,1.0,12.0,1.1341999999999999,0.0,1.2000000000000002,-2.48,,3.1999999999999997,1.3336666669999993,0.0,-1.0,0.0,0.0
RA-484,2022,M,0,6.71,9.5,8.7,5.0,,6.5,6.389,5.0,8.0,5.0,,-1,1.0,11.0,,,,,,,,,,0.0,0.0
RA-484,2023,M,1,5.515466667,6.4,7.5,2.52,5.416666667,3.6,6.8,5.0,3.2,4.0,,-1,2.0,12.0,-1.1945333329999999,-3.0999999999999996,-1.1999999999999993,-2.48,,-2.9,0.4109999999999996,0.0,0.0,0.0,0.0
RA-485,2022,M,2,4.742,9.5,4.0,7.5,,1.2,5.444,5.0,1.0,1.3,,-1,1.0,10.0,,,,,,,,,,,1.0
RA-486,2022,F,2,7.621,10.0,9.9,7.5,,7.3,7.222,5.0,6.7,7.8,,-1,1.0,10.0,,,,,,,,,,0.0,0.0
RA-486,2023,F,3,7.1043,8.4,6.4,2.52,7.5,6.2,8.7525,10.0,3.3,9.0,,0,2.0,11.0,-0.5167000000000002,-1.5999999999999996,-3.5,-4.98,,-1.0999999999999996,1.530499999999999,5.0,1.0,,1.0
RA-487,2022,F,3,8.417,7.5,9.7,7.5,,9.6,9.333,5.0,9.7,9.5,,-1,1.0,10.0,,,,,,,,,,0.0,0.0
RA-487,2023,F,4,8.988866667,8.5,9.9,5.0,9.166666667,9.5,9.26,10.0,9.2,9.7,,0,2.0,11.0,0.5718666670000001,1.0,0.20000000000000107,-2.5,,-0.09999999999999964,-0.0730000000000004,5.0,1.0,0.0,0.0
RA-488,2022,F,0,7.413,8.5,8.8,7.5,,7.3,7.722,5.0,6.0,8.5,,-1,1.0,10.0,,,,,,,,,,,1.0
RA-489,2022,F,0,5.853,9.0,7.2,7.5,,0.0,6.5,10.0,0.0,0.0,,0,1.0,9.0,,,,,,,,,,,1.0
RA-49,2022,F,0,6.304,7.5,7.4,7.5,,3.9,7.042,5.0,1.5,4.2,6.2,-2,5.0,17.0,,,,,,,,,,0.0,0.0
RA-49,2023,F,1,,,,,,,,10.0,,,,0,8.0,18.0,,,,,,,,5.0,2.0,0.0,0.0
RA-490,2022,F,0,7.576,7.9,8.2,7.5,,7.7,8.722,5.0,6.0,9.3,,-1,1.0,10.0,,,,,,,,,,0.0,0.0
RA-490,2023,F,1,7.429466667,7.9,7.9,2.52,8.541666667,5.8,9.0075,10.0,2.8,8.7,,0,2.0,11.0,-0.14653333299999982,0.0,-0.29999999999999893,-4.98,,-1.9000000000000004,0.28550000000000075,5.0,1.0,0.0,0.0
RA-491,2022,M,0,7.461,7.5,9.7,7.5,,7.0,7.722,5.0,6.0,8.0,,-1,1.0,11.0,,,,,,,,,,0.0,0.0
RA-491,2023,M,1,7.560533333,9.5,9.6,2.52,7.708333333,5.0,8.3375,10.0,3.3,6.7,,0,2.0,11.0,0.09953333300000011,2.0,-0.09999999999999964,-4.98,,-2.0,0.6154999999999999,5.0,1.0,1.0,0.0
RA-492,2022,F,0,7.678,10.0,8.8,7.5,,7.1,8.278,5.0,8.2,6.0,,-1,1.0,11.0,,,,,,,,,,,1.0
RA-493,2022,F,2,8.306,10.0,9.4,7.5,,7.2,8.278,10.0,7.3,7.0,,0,1.0,9.0,,,,,,,,,,0.0,0.0
RA-493,2023,F,3,7.934366667,9.5,9.6,2.52,8.541666667,6.0,8.84,10.0,4.7,7.2,,0,2.0,10.0,-0.37163333299999923,-0.5,0.1999999999999993,-4.98,,-1.2000000000000002,0.5619999999999994,0.0,0.0,0.0,0.0
RA-494,2022,F,0,6.407,6.4,8.3,5.0,,5.8,6.944,5.0,6.3,5.2,,-1,1.0,11.0,,,,,,,,,,0.0,0.0
RA-494,2023,F,1,7.116633333,6.9,9.0,2.52,7.708333333,6.8,8.71,5.0,6.3,7.3,,-1,2.0,12.0,0.7096333330000002,0.5,0.6999999999999993,-2.48,,1.0,1.766000000000001,0.0,0.0,0.0,0.0
RA-495,2022,M,0,7.857,9.0,8.9,7.5,,8.4,8.056,5.0,8.0,8.8,,-1,1.0,11.0,,,,,,,,,,0.0,0.0
RA-495,2023,M,1,7.417366667,9.0,8.4,2.52,8.541666667,7.4,8.755,5.0,6.0,8.8,,-1,2.0,12.0,-0.4396333330000006,0.0,-0.5,-4.98,,-1.0,0.6990000000000016,0.0,0.0,,1.0
RA-496,2022,M,4,6.683,8.5,6.8,7.5,,5.7,7.556,5.0,5.8,5.5,,-1,1.0,11.0,,,,,,,,,,0.0,0.0
RA-496,2023,M,5,6.603666667,0.0,7.1,5.0,7.916666667,8.3,8.71,5.0,7.5,9.0,,-1,2.0,12.0,-0.07933333300000012,-8.5,0.2999999999999998,-2.5,,2.6000000000000005,1.1540000000000008,0.0,0.0,0.0,0.0
RA-497,2022,F,6,6.323,6.9,9.2,5.0,,5.1,5.833,5.0,4.2,6.0,,-2,1.0,13.0,,,,,,,,,,0.0,0.0
RA-497,2023,F,7,5.7191,5.3,8.7,2.52,6.25,3.5,6.885,5.0,1.7,5.3,,-2,2.0,14.0,-0.6039000000000003,-1.6000000000000005,-0.5,-2.48,,-1.5999999999999996,1.0519999999999996,0.0,0.0,0.0,0.0
RA-498,2022,F,4,7.7,8.5,8.8,7.5,,8.8,7.556,5.0,8.0,9.5,,-1,1.0,11.0,,,,,,,,,,,1.0
RA-499,2022,M,2,7.826,8.5,10.0,7.5,,8.2,7.444,5.0,8.2,8.2,,-1,1.0,10.0,,,,,,,,,,0.0,0.0
RA-499,2023,M,3,7.8883,7.9,10.0,2.52,8.75,6.6,8.2975,10.0,5.3,7.8,,0,2.0,11.0,0.062300000000000466,-0.5999999999999996,0.0,-4.98,,-1.5999999999999996,0.8534999999999995,5.0,1.0,0.0,0.0
RA-5,2022,F,6,7.427,7.9,8.6,5.6,,5.2,7.389,10.0,7.0,2.9,5.7,0,7.0,17.0,,,,,,,,,,0.0,0.0
RA-5,2023,F,7,,,,,,,,10.0,,,,0,8.0,18.0,,,,,,,,0.0,0.0,,0.0
RA-50,2022,F,0,7.138,7.5,8.4,7.5,,7.8,7.542,2.5,6.5,7.3,9.7,-3,5.0,18.0,,,,,,,,,,,1.0
RA-500,2022,F,2,8.232,9.0,10.0,7.5,,9.5,7.889,5.0,9.5,9.5,,-1,1.0,10.0,,,,,,,,,,0.0,0.0
RA-500,2023,F,3,8.427533333,9.5,10.0,2.52,8.958333333,7.9,8.7975,10.0,8.5,7.2,,0,2.0,11.0,0.1955333330000002,0.5,0.0,-4.98,,-1.5999999999999996,0.9084999999999992,5.0,1.0,0.0,0.0
RA-501,2022,M,1,7.794,8.5,8.8,7.5,,6.8,7.333,10.0,8.0,5.7,,0,1.0,9.0,,,,,,,,,,1.0,0.0
RA-501,2023,M,2,8.1357,7.0,8.4,7.52,8.541666667,8.9,9.396666667,5.0,9.2,8.5,,-1,1.0,10.0,0.34170000000000034,-1.5,-0.40000000000000036,0.019999999999999574,,2.1000000000000005,2.0636666669999997,-5.0,-1.0,0.0,0.0
RA-502,2022,F,1,8.287,9.5,9.7,7.5,,7.4,7.778,10.0,6.7,8.2,,1,1.0,8.0,,,,,,,,,,1.0,0.0
RA-502,2023,F,2,8.749075,8.5,9.8,7.52,7.96875,8.0,8.95,10.0,6.7,9.3,,0,1.0,9.0,0.4620749999999987,-1.0,0.10000000000000142,0.019999999999999574,,0.5999999999999996,1.1719999999999997,0.0,-1.0,0.0,0.0
RA-503,2022,M,2,7.95,8.5,10.0,7.5,,8.8,7.5,5.0,8.7,9.0,,-1,1.0,10.0,,,,,,,,,,0.0,0.0
RA-503,2023,M,3,8.4682,9.5,10.0,2.52,8.75,8.7,8.255,10.0,8.7,8.7,,0,2.0,11.0,0.5181999999999993,1.0,0.0,-4.98,,-0.10000000000000142,0.7550000000000008,5.0,1.0,0.0,0.0
RA-504,2022,F,1,8.072,8.5,8.9,7.5,,8.0,7.556,10.0,7.8,8.2,,0,1.0,9.0,,,,,,,,,,0.0,0.0
RA-504,2023,F,2,8.299533333,8.0,8.3,7.52,7.5,7.9,8.836666667,10.0,6.5,9.2,,0,1.0,9.0,0.22753333300000023,-0.5,-0.5999999999999996,0.019999999999999574,,-0.09999999999999964,1.2806666669999993,0.0,0.0,,1.0
RA-505,2022,F,3,7.591,9.5,8.0,7.5,,8.4,7.556,5.0,8.2,8.7,,-1,1.0,11.0,,,,,,,,,,,1.0
RA-506,2022,M,2,7.132,9.5,7.3,7.5,,7.2,7.278,5.0,8.3,6.0,,-2,1.0,12.0,,,,,,,,,,0.0,0.0
RA-506,2023,M,3,7.750033333,9.5,8.1,5.0,8.958333333,8.5,7.92,5.0,7.3,9.7,,-1,2.0,13.0,0.6180333330000005,0.0,0.7999999999999998,-2.5,,1.2999999999999998,0.6420000000000003,0.0,1.0,,1.0
RA-507,2022,F,1,7.653,8.5,10.0,7.5,,7.4,7.222,5.0,7.3,7.5,,-1,1.0,11.0,,,,,,,,,,,1.0
RA-508,2022,M,0,6.575,8.0,7.4,7.5,,4.5,7.556,5.0,0.0,9.0,,-1,1.0,10.0,,,,,,,,,,0.0,0.0
RA-508,2023,M,1,7.671633333,6.4,8.6,2.52,8.333333333,7.5,8.6725,10.0,6.2,8.7,,0,2.0,10.0,1.0966333329999998,-1.5999999999999996,1.1999999999999993,-4.98,,3.0,1.1164999999999994,5.0,1.0,0.0,0.0
RA-509,2022,F,4,7.808,9.0,8.2,7.5,,9.2,7.833,5.0,9.3,9.0,,-2,1.0,12.0,,,,,,,,,,0.0,0.0
RA-509,2023,F,5,7.606033333,8.5,8.1,2.52,8.958333333,8.6,8.84,5.0,8.2,9.0,,-1,2.0,12.0,-0.20196666699999977,-0.5,-0.09999999999999964,-4.98,,-0.5999999999999996,1.0069999999999997,0.0,1.0,0.0,0.0
RA-51,2022,F,0,6.488,8.8,7.6,7.5,,5.0,6.5,5.0,4.5,4.5,6.0,-2,5.0,17.0,,,,,,,,,,,1.0
RA-510,2022,M,0,7.336,8.0,9.3,7.5,,7.1,7.056,5.0,5.8,8.3,,-2,1.0,12.0,,,,,,,,,,,1.0
RA-511,2022,F,0,7.094,8.0,10.0,7.5,,5.3,7.056,5.0,2.0,8.5,,-1,1.0,10.0,,,,,,,,,,,1.0
RA-512,2022,F,0,7.365,9.0,9.3,7.5,,6.2,7.722,5.0,5.3,7.0,,-1,1.0,10.0,,,,,,,,,,,1.0
RA-513,2022,M,1,8.229,9.0,9.6,5.6,,8.3,7.778,10.0,8.2,8.5,,0,1.0,9.0,,,,,,,,,,0.0,0.0
RA-513,2023,M,2,8.297866667,9.5,9.7,2.52,8.541666667,7.5,9.0075,10.0,7.2,7.8,,0,2.0,10.0,0.06886666699999999,0.5,0.09999999999999964,-3.0799999999999996,,-0.8000000000000007,1.2295000000000007,0.0,0.0,0.0,0.0
RA-514,2022,F,0,7.039,8.0,9.7,7.5,,4.8,5.889,10.0,2.0,7.5,,0,1.0,9.0,,,,,,,,,,1.0,0.0
RA-514,2023,F,1,5.823133333,7.9,7.5,2.52,5.0,5.5,5.896666667,5.0,4.2,6.8,,-1,1.0,10.0,-1.2158666669999993,-0.09999999999999964,-2.1999999999999993,-4.98,,0.7000000000000002,0.007666666999999627,-5.0,-1.0,0.0,0.0
RA-515,2022,M,0,6.582,8.0,6.3,7.5,,5.8,7.556,5.0,8.5,3.2,,-2,1.0,12.0,,,,,,,,,,,1.0
RA-516,2022,M,3,8.903,10.0,9.7,7.5,,9.9,8.056,10.0,10.0,9.8,,0,1.0,9.0,,,,,,,,,,0.0,0.0
RA-516,2023,M,4,8.6807,10.0,9.8,2.52,8.75,9.3,8.7175,10.0,9.0,9.5,,0,2.0,10.0,-0.2223000000000006,0.0,0.10000000000000142,-4.98,,-0.5999999999999996,0.6615000000000002,0.0,0.0,0.0,0.0
RA-517,2022,F,5,7.604,6.9,9.5,7.5,,7.7,7.833,5.0,7.8,7.5,,-2,1.0,12.0,,,,,,,,,,0.0,0.0
RA-517,2023,F,6,6.3104,4.1,9.0,2.52,6.875,6.6,6.7125,5.0,4.5,8.7,,-1,2.0,13.0,-1.2936000000000005,-2.8000000000000007,-0.5,-4.98,,-1.1000000000000005,-1.1204999999999998,0.0,1.0,0.0,0.0
RA-518,2022,M,0,7.661,9.0,9.4,7.5,,7.5,7.5,5.0,6.0,9.0,,-1,1.0,10.0,,,,,,,,,,0.0,0.0
RA-518,2023,M,1,7.5762,8.5,8.5,5.0,8.125,6.7,6.9175,10.0,5.5,7.8,,0,2.0,11.0,-0.08479999999999954,-0.5,-0.9000000000000004,-2.5,,-0.7999999999999998,-0.5824999999999996,5.0,1.0,0.0,0.0
RA-519,2022,M,0,8.0,7.4,9.6,7.5,,7.5,7.333,10.0,7.0,8.0,,0,1.0,9.0,,,,,,,,,,1.0,0.0
RA-519,2023,M,1,8.0177,9.0,9.9,7.52,7.708333333,7.4,8.223333333,5.0,7.5,7.2,,-1,1.0,10.0,0.017699999999999605,1.5999999999999996,0.3000000000000007,0.019999999999999574,,-0.09999999999999964,0.8903333329999992,-5.0,-1.0,,1.0
RA-52,2022,M,4,7.861,9.6,8.9,7.5,,6.2,7.5,10.0,3.3,6.3,8.8,2,5.0,13.0,,,,,,,,,,1.0,0.0
RA-52,2023,M,5,7.9642,10.0,9.8,2.52,8.125,6.4,8.2975,10.0,7.7,4.8,6.7,1,5.0,14.0,0.10320000000000018,0.40000000000000036,0.9000000000000004,-4.98,,0.20000000000000018,0.7974999999999994,0.0,-1.0,0.0,0.0
RA-520,2022,F,0,7.035,10.0,6.8,7.5,,6.8,7.278,5.0,5.0,8.5,,-1,1.0,11.0,,,,,,,,,,,1.0
RA-521,2022,M,0,7.725,9.0,10.0,5.0,,6.0,7.5,10.0,5.0,7.0,,0,1.0,9.0,,,,,,,,,,1.0,0.0
RA-521,2023,M,1,6.768666667,0.0,9.9,3.77,7.083333333,7.9,8.166666667,5.0,7.0,8.7,,-1,1.0,10.0,-0.9563333329999999,-9.0,-0.09999999999999964,-1.23,,1.9000000000000004,0.6666666669999994,-5.0,-1.0,0.0,0.0
RA-522,2022,M,1,8.306,9.5,9.1,7.5,,7.5,8.167,10.0,7.0,8.0,,0,1.0,9.0,,,,,,,,,,1.0,0.0
RA-522,2023,M,2,7.890533333,7.5,9.2,7.52,7.083333333,8.3,8.45,5.0,8.3,8.2,,-1,1.0,10.0,-0.41546666699999957,-2.0,0.09999999999999964,0.019999999999999574,,0.8000000000000007,0.2829999999999995,-5.0,-1.0,0.0,0.0
RA-523,2022,F,0,7.591,10.0,9.5,7.5,,6.5,7.556,5.0,5.0,8.0,,-1,1.0,11.0,,,,,,,,,,,1.0
RA-524,2022,M,3,6.947,0.0,9.4,5.0,,9.1,8.056,5.0,9.0,9.2,,-1,1.0,11.0,,,,,,,,,,0.0,0.0
RA-524,2023,M,4,7.331133333,6.4,9.2,2.52,8.333333333,8.9,7.42,5.0,9.0,8.8,,-1,2.0,12.0,0.3841333330000003,6.4,-0.20000000000000107,-2.48,,-0.1999999999999993,-0.6359999999999992,0.0,0.0,0.0,0.0
RA-525,2022,F,1,8.013,9.0,9.3,7.5,,8.6,8.167,5.0,8.3,8.8,,-1,1.0,11.0,,,,,,,,,,0.0,0.0
RA-525,2023,F,2,7.911366667,8.0,8.6,2.52,8.958333333,9.2,9.566666667,5.0,8.8,9.5,,-1,2.0,12.0,-0.10163333299999966,-1.0,-0.7000000000000011,-4.98,,0.5999999999999996,1.399666667,0.0,0.0,,1.0
RA-526,2022,M,0,8.079,10.0,9.9,7.5,,8.0,8.167,5.0,7.7,8.3,,-2,1.0,12.0,,,,,,,,,,0.0,0.0
RA-526,2023,M,1,8.0957,9.5,9.8,5.0,8.75,8.8,7.7525,5.0,8.3,9.3,,-1,2.0,13.0,0.01670000000000016,-0.5,-0.09999999999999964,-2.5,,0.8000000000000007,-0.4144999999999994,0.0,1.0,0.0,0.0
RA-527,2022,F,0,8.025,8.5,10.0,7.5,,6.5,7.5,10.0,5.0,8.0,,0,1.0,9.0,,,,,,,,,,1.0,0.0
RA-527,2023,F,1,7.5682,9.0,9.1,7.52,7.5,6.5,7.78,5.0,5.7,7.2,,-1,1.0,10.0,-0.4568000000000003,0.5,-0.9000000000000004,0.019999999999999574,,0.0,0.28000000000000025,-5.0,-1.0,0.0,0.0
RA-528,2022,M,1,5.335,0.0,6.2,7.5,,4.0,6.944,5.0,5.3,2.7,,-1,1.0,11.0,,,,,,,,,,0.0,0.0
RA-528,2023,M,2,7.6892,9.0,8.5,5.0,8.75,8.2,7.92,5.0,7.5,8.8,,-1,2.0,12.0,2.3541999999999996,9.0,2.3,-2.5,,4.199999999999999,0.976,0.0,0.0,0.0,0.0
RA-529,2022,M,2,6.51,8.5,8.9,5.0,,5.2,6.556,5.0,3.3,7.0,,-2,1.0,12.0,,,,,,,,,,0.0,0.0
RA-529,2023,M,3,7.278991667,8.0,9.6,7.52,5.78125,6.8,6.893333333,5.0,4.8,8.7,,-2,1.0,13.0,0.7689916669999999,-0.5,0.6999999999999993,2.5199999999999996,,1.5999999999999996,0.3373333330000001,0.0,0.0,0.0,0.0
RA-53,2022,M,0,6.725,9.2,7.0,7.5,,7.0,6.458,5.0,6.0,8.0,,-2,5.0,17.0,,,,,,,,,,0.0,0.0
RA-53,2023,M,1,7.600633333,9.2,9.1,5.63,7.5,7.7,7.5875,5.0,7.3,6.5,9.2,-2,6.0,18.0,0.8756333330000006,0.0,2.0999999999999996,-1.87,,0.7000000000000002,1.1295000000000002,0.0,0.0,,1.0
RA-530,2022,M,3,8.338,10.0,9.0,7.5,,8.9,9.056,5.0,9.0,8.8,,-1,1.0,10.0,,,,,,,,,,0.0,0.0
RA-530,2023,M,4,7.653033333,10.0,8.8,5.0,7.708333333,5.7,7.46,10.0,5.8,5.5,,0,2.0,11.0,-0.6849666669999994,0.0,-0.1999999999999993,-2.5,,-3.2,-1.5959999999999992,5.0,1.0,0.0,0.0
RA-531,2022,M,0,8.057,9.5,9.8,7.5,,7.8,8.167,5.0,8.7,7.0,,-1,1.0,10.0,,,,,,,,,,0.0,0.0
RA-531,2023,M,1,8.3252,9.5,10.0,2.52,8.75,7.7,8.59,10.0,6.3,9.0,,0,2.0,11.0,0.2682000000000002,0.0,0.1999999999999993,-4.98,,-0.09999999999999964,0.42300000000000004,5.0,1.0,0.0,0.0
RA-532,2022,F,0,7.792,9.5,9.7,7.5,,5.5,7.167,10.0,4.0,7.0,,0,1.0,9.0,,,,,,,,,,,1.0
RA-533,2022,M,0,6.962,8.5,8.8,5.6,,6.0,7.333,5.0,5.0,7.0,,-1,1.0,10.0,,,,,,,,,,0.0,0.0
RA-533,2023,M,1,7.434866667,9.0,9.3,7.52,7.5,5.8,7.613333333,5.0,4.8,6.7,,-1,1.0,11.0,0.4728666669999999,0.5,0.5,1.92,,-0.20000000000000018,0.28033333299999974,0.0,0.0,,1.0
RA-534,2022,F,1,7.131,9.0,7.4,7.5,,7.1,7.333,5.0,6.5,7.7,,-2,1.0,12.0,,,,,,,,,,0.0,0.0
RA-534,2023,M,2,5.8385,0.0,8.1,2.52,8.125,5.4,7.92,5.0,3.7,7.0,,-1,2.0,13.0,-1.2925000000000004,-9.0,0.6999999999999993,-4.98,,-1.6999999999999993,0.5869999999999997,0.0,1.0,0.0,0.0
RA-535,2022,F,3,6.953,9.0,9.2,7.5,,5.1,6.917,5.0,4.7,5.5,,-1,1.0,10.0,,,,,,,,,,0.0,0.0
RA-535,2023,F,4,8.0027,9.0,9.4,5.0,8.125,5.6,8.95,10.0,4.7,6.5,,0,2.0,11.0,1.0497000000000005,0.0,0.20000000000000107,-2.5,,0.5,2.0329999999999995,5.0,1.0,0.0,0.0
RA-536,2022,F,2,7.106,9.5,8.9,5.6,,6.0,7.75,5.0,6.3,5.7,,-1,1.0,10.0,,,,,,,,,,0.0,0.0
RA-536,2023,F,3,7.759533333,8.0,9.3,2.52,8.333333333,5.9,9.17,10.0,5.0,6.8,,0,2.0,10.0,0.6535333330000004,-1.5,0.40000000000000036,-3.0799999999999996,,-0.09999999999999964,1.42,5.0,1.0,0.0,0.0
RA-537,2022,M,0,6.641,9.5,9.0,4.4,,4.8,7.167,5.0,2.5,7.0,,-1,1.0,10.0,,,,,,,,,,,1.0
RA-538,2022,M,0,6.309,8.5,7.5,5.6,,6.8,5.583,5.0,4.5,9.0,,-2,1.0,13.0,,,,,,,,,,0.0,0.0
RA-538,2023,M,1,6.413466667,7.4,8.6,2.52,7.916666667,4.7,7.39,5.0,3.5,5.8,,-1,2.0,13.0,0.10446666699999962,-1.0999999999999996,1.0999999999999996,-3.0799999999999996,,-2.0999999999999996,1.8069999999999995,0.0,1.0,0.0,0.0
RA-539,2022,F,0,7.665,8.5,9.3,6.9,,7.5,8.417,5.0,6.8,8.2,,-1,1.0,11.0,,,,,,,,,,0.0,0.0
RA-539,2023,F,1,7.796866667,9.5,8.6,2.52,9.166666667,8.5,8.84,5.0,7.2,9.7,,-1,2.0,12.0,0.13186666699999972,1.0,-0.7000000000000011,-4.380000000000001,,1.0,0.42300000000000004,0.0,0.0,0.0,0.0
RA-54,2022,F,0,6.058,7.9,6.9,7.5,,4.8,6.125,5.0,3.0,6.5,,-1,5.0,16.0,,,,,,,,,,,1.0
RA-540,2022,F,3,7.303,8.5,9.5,5.6,,7.0,7.5,5.0,6.8,7.2,,-1,1.0,10.0,,,,,,,,,,0.0,0.0
RA-540,2023,F,4,8.216033333,8.5,8.8,5.0,8.958333333,7.1,8.95,10.0,6.5,7.7,,0,2.0,11.0,0.9130333330000004,0.0,-0.6999999999999993,-0.5999999999999996,,0.09999999999999964,1.4499999999999993,5.0,1.0,,1.0
RA-541,2022,M,0,5.427,10.0,7.8,6.9,,2.5,5.0,2.5,0.0,5.0,,-3,1.0,14.0,,,,,,,,,,,1.0
RA-542,2022,F,3,7.221,8.0,9.8,6.3,,6.5,7.417,5.0,5.3,7.7,,-1,1.0,11.0,,,,,,,,,,0.0,0.0
RA-542,2023,F,4,7.816533333,9.5,9.7,5.0,8.75,6.3,9.006666667,5.0,5.2,7.3,,-1,2.0,12.0,0.5955333329999997,1.5,-0.10000000000000142,-1.2999999999999998,,-0.20000000000000018,1.5896666669999995,0.0,0.0,0.0,0.0
RA-543,2022,F,0,7.05,8.5,9.8,4.4,,6.5,7.167,5.0,5.0,8.0,,-1,1.0,10.0,,,,,,,,,,0.0,0.0
RA-543,2023,F,1,7.971833333,7.8,9.8,2.52,8.75,6.5,9.006666667,10.0,5.5,7.5,,0,2.0,11.0,0.9218333330000004,-0.7000000000000002,0.0,-1.8800000000000003,,0.0,1.8396666669999995,5.0,1.0,0.0,0.0
RA-544,2022,M,0,6.307,9.5,9.7,5.6,,3.3,6.0,5.0,1.0,5.5,,-1,1.0,10.0,,,,,,,,,,,1.0
RA-545,2022,M,4,6.723,9.5,6.6,7.5,,5.5,7.5,5.0,4.3,6.7,,-2,1.0,13.0,,,,,,,,,,,1.0
RA-546,2022,F,1,6.77,9.0,7.9,5.0,,5.6,7.917,5.0,3.3,7.8,,-1,1.0,11.0,,,,,,,,,,0.0,0.0
RA-546,2023,F,2,6.031666667,0.0,7.2,2.52,8.75,5.7,9.173333333,5.0,3.5,7.8,,-1,2.0,12.0,-0.7383333329999999,-9.0,-0.7000000000000002,-2.48,,0.10000000000000053,1.2563333330000006,0.0,0.0,0.0,0.0
RA-547,2022,F,3,7.745,9.5,9.7,5.0,,7.6,8.833,5.0,7.3,7.8,,-1,1.0,11.0,,,,,,,,,,0.0,0.0
RA-547,2023,F,4,6.467,0.0,9.1,2.52,8.75,6.2,8.95,5.0,5.0,7.3,,-1,2.0,12.0,-1.2780000000000005,-9.5,-0.5999999999999996,-2.48,,-1.3999999999999995,0.1169999999999991,0.0,0.0,0.0,0.0
RA-548,2022,M,3,7.292,8.0,9.1,6.9,,7.2,7.583,5.0,5.7,8.7,,-2,1.0,12.0,,,,,,,,,,0.0,0.0
RA-548,2023,M,4,7.4322,9.0,9.1,2.52,8.333333333,7.4,8.283333333,5.0,6.2,8.5,,-1,2.0,12.0,0.1402000000000001,1.0,0.0,-4.380000000000001,,0.20000000000000018,0.7003333329999997,0.0,1.0,0.0,0.0
RA-549,2022,M,1,6.301,10.0,7.9,6.9,,4.2,6.167,5.0,2.2,6.2,,-1,1.0,10.0,,,,,,,,,,0.0,0.0
RA-549,2023,M,2,7.0297,9.5,8.1,5.02,6.875,6.4,7.5,5.0,5.5,7.2,,-1,1.0,11.0,0.7286999999999999,-0.5,0.1999999999999993,-1.8800000000000008,,2.2,1.3330000000000002,0.0,0.0,0.0,0.0
RA-55,2022,F,5,6.576,7.1,7.6,5.6,,7.5,6.5,5.0,6.7,7.8,7.9,-1,5.0,16.0,,,,,,,,,,0.0,0.0
RA-55,2023,F,6,6.898033333,7.9,8.1,3.14,7.5,7.1,7.545,5.0,8.7,6.5,6.0,-1,6.0,17.0,0.32203333300000025,0.8000000000000007,0.5,-2.4599999999999995,,-0.40000000000000036,1.045,0.0,0.0,,1.0
RA-550,2022,F,0,6.026,9.0,9.0,6.9,,1.9,6.25,5.0,2.0,1.8,,-2,1.0,12.0,,,,,,,,,,,1.0
RA-551,2022,F,4,6.853,8.5,7.3,6.9,,6.6,7.333,5.0,5.0,8.2,,-2,1.0,12.0,,,,,,,,,,0.0,0.0
RA-551,2023,F,5,7.075033333,10.0,8.6,2.52,8.541666667,5.4,8.393333333,5.0,4.5,6.2,,-1,2.0,12.0,0.2220333330000006,1.5,1.2999999999999998,-4.380000000000001,,-1.1999999999999993,1.060333332999999,0.0,1.0,,1.0
RA-552,2022,M,0,6.625,9.5,8.8,5.0,,5.5,7.167,5.0,6.0,5.0,,-1,1.0,11.0,,,,,,,,,,1.0,0.0
RA-552,2023,M,1,5.248666667,0.0,5.6,3.14,6.666666667,6.4,6.89,5.0,6.5,6.2,,-2,1.0,12.0,-1.3763333329999998,-9.5,-3.200000000000001,-1.8599999999999999,,0.9000000000000004,-0.27700000000000014,0.0,-1.0,,1.0
RA-553,2022,F,3,6.39,9.5,6.9,6.9,,3.3,8.167,5.0,1.0,5.7,,-1,1.0,11.0,,,,,,,,,,,1.0
RA-554,2022,M,5,5.588,7.9,6.0,6.9,,4.0,5.75,5.0,1.7,6.3,,-2,1.0,12.0,,,,,,,,,,,1.0
RA-555,2022,M,3,5.949,9.5,8.1,5.0,,4.4,5.167,5.0,1.8,7.0,,-2,1.0,12.0,,,,,,,,,,0.0,0.0
RA-555,2023,M,4,5.898133333,7.4,8.1,2.52,6.25,3.9,6.946666667,5.0,1.5,6.2,,-1,2.0,13.0,-0.0508666670000002,-2.0999999999999996,0.0,-2.48,,-0.5000000000000004,1.7796666669999999,0.0,1.0,0.0,0.0
RA-556,2022,F,4,7.181,9.0,8.8,5.0,,6.4,8.25,5.0,4.8,8.0,,-1,1.0,11.0,,,,,,,,,,0.0,0.0
RA-556,2023,F,5,7.7482,8.5,9.6,2.52,9.166666667,7.2,9.396666667,5.0,6.5,7.8,,-1,2.0,12.0,0.5671999999999997,-0.5,0.7999999999999989,-2.48,,0.7999999999999998,1.1466666669999999,0.0,0.0,0.0,0.0
RA-557,2022,M,3,8.334,10.0,8.4,7.5,,9.4,9.333,5.0,10.0,8.8,,-1,1.0,10.0,,,,,,,,,,0.0,0.0
RA-557,2023,M,4,8.7717,10.0,8.2,5.0,9.375,8.9,9.62,10.0,8.0,9.7,,0,2.0,11.0,0.43769999999999953,0.0,-0.20000000000000107,-2.5,,-0.5,0.28699999999999903,5.0,1.0,0.0,0.0
RA-558,2022,M,0,5.539,9.0,8.5,5.0,,4.3,4.5,2.5,0.5,8.0,,-3,1.0,14.0,,,,,,,,,,0.0,0.0
RA-558,2023,M,1,6.615333333,7.8,9.4,5.0,6.458333333,6.0,6.78,2.5,5.7,6.3,,-3,2.0,15.0,1.076333333,-1.2000000000000002,0.9000000000000004,0.0,,1.7000000000000002,2.2800000000000002,0.0,0.0,0.0,0.0
RA-559,2022,M,1,7.634,9.5,9.2,7.5,,7.1,8.083,5.0,7.2,7.0,,-1,1.0,11.0,,,,,,,,,,0.0,0.0
RA-559,2023,M,2,7.947366667,10.0,9.4,5.0,8.958333333,7.4,8.506666667,5.0,6.5,8.2,,-1,2.0,12.0,0.3133666669999995,0.5,0.20000000000000107,-2.5,,0.3000000000000007,0.4236666669999991,0.0,0.0,0.0,0.0
RA-56,2022,F,3,8.404,10.0,10.0,7.5,,7.0,8.25,10.0,4.5,6.5,10.0,0,5.0,15.0,,,,,,,,,,0.0,0.0
RA-56,2023,F,4,8.284333333,9.6,9.5,5.0,8.125,7.8,7.8,10.0,7.8,5.5,10.0,0,6.0,16.0,-0.11966666700000061,-0.40000000000000036,-0.5,-2.5,,0.7999999999999998,-0.4500000000000002,0.0,0.0,0.0,0.0
RA-560,2022,M,2,4.949,6.9,7.2,5.0,,3.8,3.75,5.0,3.2,4.3,,-1,1.0,11.0,,,,,,,,,,0.0,0.0
RA-560,2023,M,3,4.932,0.0,8.4,2.52,5.0,4.0,6.0,5.0,2.3,5.7,,-1,2.0,12.0,-0.01699999999999946,-6.9,1.2000000000000002,-2.48,,0.20000000000000018,2.25,0.0,0.0,,1.0
RA-561,2022,M,0,7.856,9.0,9.0,7.5,,7.4,8.833,5.0,9.5,5.3,,-1,1.0,11.0,,,,,,,,,,,1.0
RA-562,2022,F,1,7.855,8.0,9.0,7.5,,8.0,8.75,5.0,8.3,7.7,,-1,1.0,11.0,,,,,,,,,,0.0,0.0
RA-562,2023,F,2,6.824833333,0.0,8.5,2.52,8.541666667,8.7,8.893333333,5.0,7.7,9.7,,-1,2.0,12.0,-1.0301666670000005,-8.0,-0.5,-4.98,,0.6999999999999993,0.14333333299999929,0.0,0.0,0.0,0.0
RA-563,2022,F,2,8.22,10.0,9.2,7.5,,8.5,8.833,5.0,9.0,8.0,,-1,1.0,11.0,,,,,,,,,,0.0,0.0
RA-563,2023,F,3,7.684133333,6.4,9.7,2.52,8.75,6.2,8.726666667,10.0,6.0,6.3,,0,2.0,11.0,-0.5358666670000005,-3.5999999999999996,0.5,-4.98,,-2.3,-0.10633333300000025,5.0,1.0,0.0,0.0
RA-564,2022,M,3,4.972,9.5,3.8,5.0,,2.3,6.833,5.0,2.5,2.0,,-2,1.0,13.0,,,,,,,,,,,1.0
RA-565,2022,M,0,5.233,9.0,4.1,7.5,,2.9,5.917,5.0,4.0,1.8,,-2,1.0,13.0,,,,,,,,,,,1.0
RA-566,2022,F,0,7.729,9.5,8.4,7.5,,8.5,7.917,5.0,9.5,7.5,,-2,1.0,12.0,,,,,,,,,,0.0,0.0
RA-566,2023,F,1,7.7227,9.0,8.8,2.52,8.958333333,8.4,8.673333333,5.0,8.8,8.0,,-1,2.0,12.0,-0.006300000000000416,-0.5,0.40000000000000036,-4.98,,-0.09999999999999964,0.7563333330000006,0.0,1.0,,1.0
RA-567,2022,M,3,6.281,9.5,6.0,7.5,,4.8,6.833,5.0,4.3,5.2,,-1,1.0,11.0,,,,,,,,,,,1.0
RA-568,2022,M,4,7.306,8.0,8.6,6.9,,8.3,7.944,2.5,8.0,8.5,,-3,1.0,14.0,,,,,,,,,,0.0,0.0
RA-568,2023,M,5,6.9647,7.0,7.9,5.0,8.125,7.6,8.01,2.5,8.5,6.7,,-3,2.0,15.0,-0.3413000000000004,-1.0,-0.6999999999999993,-1.9000000000000004,,-0.7000000000000011,0.06599999999999984,0.0,0.0,0.0,0.0
RA-569,2022,F,2,7.074,9.5,8.7,5.0,,6.8,7.333,5.0,6.3,7.3,,-2,1.0,12.0,,,,,,,,,,,1.0
RA-57,2022,M,5,7.305,7.1,8.1,5.6,,8.4,7.875,5.0,9.0,7.0,9.3,-1,5.0,16.0,,,,,,,,,,0.0,0.0
RA-57,2023,M,6,6.450875,0.0,8.0,5.63,7.96875,7.2,7.755,5.0,7.8,6.8,7.0,-1,6.0,17.0,-0.8541249999999998,-7.1,-0.09999999999999964,0.03000000000000025,,-1.2000000000000002,-0.1200000000000001,0.0,0.0,0.0,0.0
RA-570,2022,F,3,5.722,9.0,7.0,7.5,,1.3,6.778,5.0,0.7,2.0,,-1,1.0,10.0,,,,,,,,,,0.0,0.0
RA-570,2023,F,4,6.781033333,8.5,7.3,3.77,8.125,5.9,8.056666667,5.0,5.7,6.0,,-1,1.0,11.0,1.0590333329999995,-0.5,0.2999999999999998,-3.73,,4.6000000000000005,1.2786666670000004,0.0,0.0,0.0,0.0
RA-571,2022,F,3,6.589,8.5,8.8,7.5,,3.7,6.944,5.0,3.3,4.0,,-1,1.0,11.0,,,,,,,,,,1.0,0.0
RA-571,2023,F,4,6.6097,9.0,7.9,3.77,7.291666667,5.0,7.616666667,5.0,3.8,6.2,,-2,1.0,12.0,0.02069999999999972,0.5,-0.9000000000000004,-3.73,,1.2999999999999998,0.6726666669999997,0.0,-1.0,0.0,0.0
RA-572,2022,M,0,7.48,8.5,8.0,7.5,,6.8,6.833,10.0,4.5,9.0,,0,1.0,9.0,,,,,,,,,,,1.0
RA-573,2022,M,2,8.261,9.5,9.9,7.5,,8.2,8.944,5.0,8.3,8.0,,-1,1.0,11.0,,,,,,,,,,0.0,0.0
RA-573,2023,M,3,7.774366667,9.5,9.8,5.0,8.541666667,6.6,8.45,5.0,5.7,7.5,,-1,2.0,12.0,-0.48663333299999945,0.0,-0.09999999999999964,-2.5,,-1.5999999999999996,-0.49400000000000155,0.0,0.0,0.0,0.0
RA-574,2022,M,0,6.86,9.5,7.2,5.0,,7.5,6.944,5.0,5.5,9.5,,-1,1.0,10.0,,,,,,,,,,0.0,0.0
RA-574,2023,M,1,7.878133333,6.9,8.2,5.0,7.916666667,8.1,8.173333333,10.0,7.7,8.5,,0,2.0,11.0,1.0181333329999998,-2.5999999999999996,0.9999999999999991,0.0,,0.5999999999999996,1.2293333330000005,5.0,1.0,,1.0
RA-575,2022,M,3,5.889,8.0,6.1,7.5,,2.8,7.0,5.0,2.7,3.0,,-2,1.0,12.0,,,,,,,,,,,1.0
RA-576,2022,F,0,7.59,9.5,9.1,7.5,,7.8,7.111,5.0,7.5,8.0,,-1,1.0,10.0,,,,,,,,,,0.0,0.0
RA-576,2023,F,1,7.984741667,9.0,9.3,5.02,9.21875,8.0,8.503333333,5.0,6.5,9.5,,-1,1.0,11.0,0.3947416669999999,-0.5,0.20000000000000107,-2.4800000000000004,,0.20000000000000018,1.3923333330000007,0.0,0.0,0.0,0.0
RA-577,2022,F,0,7.862,9.5,9.3,7.5,,9.0,7.111,5.0,8.3,9.7,,-1,1.0,10.0,,,,,,,,,,0.0,0.0
RA-577,2023,F,1,7.219366667,10.0,8.2,3.77,6.875,7.4,7.673333333,5.0,6.5,8.3,,-1,1.0,11.0,-0.642633333,0.5,-1.1000000000000014,-3.73,,-1.5999999999999996,0.5623333330000007,0.0,0.0,0.0,0.0
RA-578,2022,M,3,8.814,9.5,10.0,8.8,,9.5,9.611,5.0,9.3,9.7,,-1,1.0,10.0,,,,,,,,,,0.0,0.0
RA-578,2023,M,4,9.013866667,9.0,10.0,2.52,9.791666667,9.7,9.7625,10.0,9.8,9.5,,0,2.0,11.0,0.19986666700000022,-0.5,0.0,-6.280000000000001,,0.1999999999999993,0.15149999999999864,5.0,1.0,0.0,0.0
RA-579,2022,F,0,6.067,8.5,5.8,7.5,,3.8,7.222,5.0,0.0,7.5,,-1,1.0,10.0,,,,,,,,,,,1.0
RA-58,2022,M,5,8.136,9.6,9.2,6.3,,7.2,8.125,10.0,4.5,8.0,9.0,0,5.0,15.0,,,,,,,,,,0.0,0.0
RA-58,2023,M,6,7.70625,0.0,9.7,6.26,8.4375,8.1,8.3825,10.0,7.8,6.5,10.0,0,6.0,16.0,-0.4297499999999994,-9.6,0.5,-0.040000000000000036,,0.8999999999999995,0.2575000000000003,0.0,0.0,0.0,0.0
RA-580,2022,F,2,7.525,8.0,9.6,7.5,,7.6,7.167,5.0,6.3,8.8,,-1,1.0,10.0,,,,,,,,,,0.0,0.0
RA-580,2023,F,3,8.4712,8.5,9.8,7.52,8.75,9.0,8.67,5.0,8.7,9.3,,-1,1.0,11.0,0.9461999999999993,0.5,0.20000000000000107,0.019999999999999574,,1.4000000000000004,1.5030000000000001,0.0,0.0,0.0,0.0
RA-581,2022,M,3,6.464,7.5,8.9,7.5,,5.0,5.889,5.0,5.3,4.7,,-1,1.0,10.0,,,,,,,,,,0.0,0.0
RA-581,2023,M,4,7.7167,8.0,9.8,7.52,6.458333333,7.9,7.393333333,5.0,7.0,8.8,,-1,1.0,11.0,1.2527,0.5,0.9000000000000004,0.019999999999999574,,2.9000000000000004,1.504333333,0.0,0.0,0.0,0.0
RA-582,2022,F,0,7.064,10.0,9.0,7.5,,4.9,7.222,5.0,4.3,5.5,,-1,1.0,10.0,,,,,,,,,,,1.0
RA-583,2022,F,3,7.456,8.5,9.4,7.5,,7.1,7.333,5.0,6.2,8.0,,-2,1.0,12.0,,,,,,,,,,0.0,0.0
RA-583,2023,F,4,7.838866667,9.0,9.4,7.52,8.333333333,6.3,8.616666667,5.0,5.5,7.0,,-1,2.0,13.0,0.38286666699999916,0.5,0.0,0.019999999999999574,,-0.7999999999999998,1.2836666670000003,0.0,1.0,0.0,0.0
RA-584,2022,F,3,6.714,8.0,8.5,7.5,,4.6,7.333,5.0,4.5,4.7,,-1,1.0,10.0,,,,,,,,,,0.0,0.0
RA-584,2023,F,4,7.697533333,9.5,9.0,2.52,8.333333333,5.8,8.56,10.0,5.0,6.5,,0,2.0,11.0,0.9835333329999996,1.5,0.5,-4.98,,1.2000000000000002,1.2270000000000003,5.0,1.0,0.0,0.0
RA-585,2022,F,2,7.398,8.5,9.1,7.5,,5.0,6.889,10.0,3.7,6.3,,0,1.0,9.0,,,,,,,,,,,1.0
RA-586,2022,F,1,7.988,10.0,9.6,5.6,,8.2,8.778,5.0,8.2,8.2,,-1,1.0,10.0,,,,,,,,,,0.0,0.0
RA-586,2023,F,2,8.4242,8.0,10.0,2.52,8.333333333,8.4,9.343333333,10.0,7.5,9.2,,0,2.0,10.0,0.43620000000000037,-2.0,0.40000000000000036,-3.0799999999999996,,0.20000000000000107,0.5653333329999999,5.0,1.0,0.0,0.0
RA-587,2022,M,0,6.632,9.5,9.3,7.5,,3.8,6.167,5.0,1.0,6.5,,-1,1.0,10.0,,,,,,,,,,0.0,0.0
RA-587,2023,M,1,6.032033333,8.5,7.0,7.52,6.458333333,2.7,6.72,5.0,2.2,3.2,,-1,1.0,11.0,-0.5999666669999995,-1.0,-2.3000000000000007,0.019999999999999574,,-1.0999999999999996,0.5529999999999999,0.0,0.0,1.0,0.0
RA-588,2022,F,1,8.622,9.5,10.0,5.6,,9.3,8.278,10.0,9.3,9.2,,0,1.0,9.0,,,,,,,,,,0.0,0.0
RA-588,2023,F,2,8.3527,8.0,9.6,2.52,8.958333333,7.8,9.673333333,10.0,7.5,8.0,,0,2.0,10.0,-0.26929999999999943,-1.5,-0.40000000000000036,-3.0799999999999996,,-1.5000000000000009,1.395333333,0.0,0.0,0.0,0.0
RA-589,2022,F,0,7.744,9.5,9.4,7.5,,5.8,7.056,10.0,3.0,8.5,,0,1.0,9.0,,,,,,,,,,,1.0
RA-59,2022,M,0,7.642,9.2,9.3,7.5,,7.2,7.917,5.0,7.0,5.7,8.8,-2,5.0,17.0,,,,,,,,,,0.0,0.0
RA-59,2023,M,1,7.692291667,7.5,9.6,5.63,8.28125,7.2,8.4225,5.0,7.7,6.8,7.2,-2,6.0,18.0,0.05029166699999976,-1.6999999999999993,0.29999999999999893,-1.87,,0.0,0.5054999999999996,0.0,0.0,0.0,0.0
RA-590,2022,F,2,7.435,8.5,8.6,7.5,,7.4,7.611,5.0,5.7,9.2,,-1,1.0,10.0,,,,,,,,,,0.0,0.0
RA-590,2023,F,3,7.647666667,6.3,9.7,3.77,7.291666667,6.5,8.34,10.0,5.7,7.3,,0,2.0,11.0,0.2126666670000006,-2.2,1.0999999999999996,-3.73,,-0.9000000000000004,0.7290000000000001,5.0,1.0,1.0,0.0
RA-591,2022,M,1,7.507,9.5,9.3,7.5,,7.1,7.389,5.0,7.8,6.3,,-1,1.0,11.0,,,,,,,,,,0.0,0.0
RA-591,2023,M,2,7.1472,9.0,8.5,6.27,5.833333333,6.9,7.333333333,5.0,6.2,7.5,,-1,2.0,12.0,-0.3597999999999999,-0.5,-0.8000000000000007,-1.2300000000000004,,-0.1999999999999993,-0.05566666700000056,0.0,0.0,0.0,0.0
RA-592,2022,F,2,7.381,8.0,8.5,5.6,,8.4,7.778,5.0,7.2,9.7,,-1,1.0,10.0,,,,,,,,,,0.0,0.0
RA-592,2023,F,3,7.935466667,6.2,9.2,3.77,7.916666667,7.6,8.95,10.0,5.5,9.7,,0,2.0,11.0,0.5544666669999998,-1.7999999999999998,0.6999999999999993,-1.8299999999999996,,-0.8000000000000007,1.1719999999999997,5.0,1.0,0.0,0.0
RA-593,2022,F,1,6.254,7.5,7.4,7.5,,4.6,6.278,5.0,3.0,6.2,,-1,1.0,10.0,,,,,,,,,,,1.0
RA-594,2022,M,0,7.392,8.0,9.4,7.5,,7.8,6.889,5.0,6.0,9.5,,-1,1.0,10.0,,,,,,,,,,0.0,0.0
RA-594,2023,M,1,6.702033333,8.5,7.1,6.27,6.875,5.8,7.336666667,5.0,6.2,5.3,,-1,1.0,11.0,-0.6899666670000002,0.5,-2.3000000000000007,-1.2300000000000004,,-2.0,0.447666667,0.0,0.0,0.0,0.0
RA-595,2022,M,4,5.18,8.5,5.5,7.5,,1.0,6.0,5.0,2.0,0.0,,-2,1.0,12.0,,,,,,,,,,0.0,0.0
RA-595,2023,M,5,5.078666667,0.0,7.0,7.52,6.666666667,3.3,5.55,5.0,3.2,3.3,,-1,2.0,13.0,-0.10133333299999947,-8.5,1.5,0.019999999999999574,,2.3,-0.4500000000000002,0.0,1.0,,1.0
RA-596,2022,F,1,8.971,9.5,10.0,7.5,,9.3,9.0,10.0,8.8,9.8,,0,1.0,9.0,,,,,,,,,,,1.0
RA-597,2022,M,0,8.265,9.0,10.0,7.5,,8.0,7.056,10.0,6.5,9.5,,0,1.0,9.0,,,,,,,,,,1.0,0.0
RA-597,2023,M,1,8.49045,10.0,9.6,7.52,9.0625,8.5,8.56,5.0,7.8,9.2,,-1,1.0,10.0,0.2254499999999986,1.0,-0.40000000000000036,0.019999999999999574,,0.5,1.5040000000000004,-5.0,-1.0,0.0,0.0
RA-598,2022,F,0,6.35,9.5,7.2,7.5,,3.7,6.944,5.0,4.7,2.7,,-1,1.0,11.0,,,,,,,,,,,1.0
RA-599,2022,M,0,8.2,9.5,9.2,7.5,,9.1,8.556,5.0,8.3,9.8,,-1,1.0,10.0,,,,,,,,,,0.0,0.0
RA-599,2023,M,1,8.532866667,10.0,9.5,2.52,8.333333333,8.5,9.286666667,10.0,8.2,8.7,,0,2.0,10.0,0.3328666670000011,0.5,0.3000000000000007,-4.98,,-0.5999999999999996,0.7306666670000013,5.0,1.0,0.0,0.0
RA-6,2022,F,1,5.848,7.9,4.5,7.5,,3.3,7.222,5.0,2.3,5.3,2.3,-1,7.0,18.0,,,,,,,,,,0.0,0.0
RA-6,2023,F,2,,,,,,,,10.0,,,,0,8.0,19.0,,,,,,,,5.0,1.0,0.0,0.0
RA-60,2022,F,1,5.537,6.7,6.0,7.5,,4.9,6.167,2.5,5.0,6.2,3.5,-3,5.0,18.0,,,,,,,,,,,1.0
RA-600,2022,F,1,7.011,8.5,8.4,7.5,,3.9,6.833,10.0,2.8,5.0,,0,1.0,9.0,,,,,,,,,,1.0,0.0
RA-600,2023,F,2,7.651658333,8.5,8.4,7.52,8.28125,7.2,8.056666667,5.0,6.5,7.8,,-1,1.0,10.0,0.6406583330000002,0.0,0.0,0.019999999999999574,,3.3000000000000003,1.2236666669999998,-5.0,-1.0,0.0,0.0
RA-601,2022,M,1,7.713,9.0,9.7,7.5,,5.7,7.167,10.0,5.3,6.0,,1,1.0,8.0,,,,,,,,,,1.0,0.0
RA-601,2023,M,2,8.955783333,9.0,10.0,7.52,9.0625,8.7,8.336666667,10.0,8.0,9.3,,0,1.0,9.0,1.2427833329999993,0.0,0.3000000000000007,0.019999999999999574,,2.999999999999999,1.1696666669999995,0.0,-1.0,1.0,0.0
RA-602,2022,M,3,8.041,10.0,9.7,7.5,,8.6,7.667,5.0,8.3,8.8,,-1,1.0,11.0,,,,,,,,,,0.0,0.0
RA-602,2023,M,4,8.5592,10.0,9.6,7.52,8.75,8.1,9.51,5.0,7.3,8.8,,-1,2.0,12.0,0.5182000000000002,0.0,-0.09999999999999964,0.019999999999999574,,-0.5,1.843,0.0,0.0,0.0,0.0
RA-603,2022,F,0,7.78,9.0,9.5,7.5,,7.5,8.0,5.0,6.7,8.3,,-1,1.0,11.0,,,,,,,,,,0.0,0.0
RA-603,2023,M,1,6.748833333,0.0,8.9,2.52,7.708333333,7.0,7.78,10.0,5.7,8.2,,0,2.0,11.0,-1.031166667,-9.0,-0.5999999999999996,-4.98,,-0.5,-0.21999999999999975,5.0,1.0,0.0,0.0
RA-604,2022,F,1,8.018,9.0,9.0,7.5,,8.8,8.333,5.0,8.0,9.7,,-1,1.0,10.0,,,,,,,,,,0.0,0.0
RA-604,2023,F,2,8.548033333,9.0,9.3,7.52,8.125,7.5,8.616666667,10.0,6.0,9.0,,0,2.0,11.0,0.5300333329999987,0.0,0.3000000000000007,0.019999999999999574,,-1.3000000000000007,0.2836666670000003,5.0,1.0,0.0,0.0
RA-605,2022,F,1,7.276,6.9,9.3,6.9,,7.1,7.556,5.0,6.2,8.0,,-2,1.0,12.0,,,,,,,,,,0.0,0.0
RA-605,2023,F,2,7.709366667,9.0,9.5,7.52,7.291666667,6.8,7.84,5.0,4.8,8.8,,-1,2.0,12.0,0.4333666670000005,2.0999999999999996,0.1999999999999993,0.6199999999999992,,-0.2999999999999998,0.2839999999999998,0.0,1.0,0.0,0.0
RA-606,2022,M,0,6.127,9.5,9.0,7.5,,1.8,6.111,5.0,2.0,1.5,,-1,1.0,10.0,,,,,,,,,,0.0,0.0
RA-606,2023,M,1,7.402491667,8.5,8.5,7.52,7.65625,6.0,8.223333333,5.0,4.7,7.2,,-1,1.0,10.0,1.2754916669999998,-1.0,-0.5,0.019999999999999574,,4.2,2.1123333329999996,0.0,0.0,0.0,0.0
RA-607,2022,M,0,6.44,6.8,8.1,7.5,,4.0,7.444,5.0,3.0,5.0,,-1,1.0,10.0,,,,,,,,,,0.0,0.0
RA-607,2023,M,1,7.333075,8.0,7.5,7.52,7.96875,6.8,8.17,5.0,4.8,8.7,,-1,1.0,11.0,0.8930749999999996,1.2000000000000002,-0.5999999999999996,0.019999999999999574,,2.8,0.726,0.0,0.0,0.0,0.0
RA-608,2022,M,0,7.216,7.8,9.6,7.5,,6.3,7.222,5.0,3.0,9.5,,-1,1.0,10.0,,,,,,,,,,0.0,0.0
RA-608,2023,M,1,7.401741667,10.0,7.5,7.52,7.96875,6.2,8.113333333,5.0,6.0,6.3,,-1,1.0,10.0,0.1857416669999994,2.2,-2.0999999999999996,0.019999999999999574,,-0.09999999999999964,0.8913333329999995,0.0,0.0,0.0,0.0
RA-609,2022,M,3,6.794,8.5,7.6,7.5,,6.0,7.056,5.0,6.5,5.5,,-1,1.0,11.0,,,,,,,,,,0.0,0.0
RA-609,2023,M,4,6.463033333,9.5,6.4,7.52,6.875,5.3,6.216666667,5.0,3.2,7.3,,-1,2.0,12.0,-0.3309666669999993,1.0,-1.1999999999999993,0.019999999999999574,,-0.7000000000000002,-0.8393333329999999,0.0,0.0,,1.0
RA-61,2022,M,1,7.533,9.2,7.4,7.5,,5.8,7.875,10.0,1.7,6.3,9.3,0,5.0,15.0,,,,,,,,,,0.0,0.0
RA-61,2023,M,2,7.382108333,8.3,7.0,6.26,7.96875,6.2,7.4625,10.0,6.7,4.3,7.5,0,6.0,16.0,-0.15089166700000067,-0.8999999999999986,-0.40000000000000036,-1.2400000000000002,,0.40000000000000036,-0.41249999999999964,0.0,0.0,,1.0
RA-610,2022,F,0,8.18,9.0,9.6,7.5,,6.5,8.5,10.0,6.0,7.0,,0,1.0,9.0,,,,,,,,,,0.0,0.0
RA-610,2023,F,1,8.2857,10.0,10.0,2.52,8.541666667,7.0,8.896666667,10.0,6.3,7.7,,0,2.0,10.0,0.10570000000000057,1.0,0.40000000000000036,-4.98,,0.5,0.39666666699999986,0.0,0.0,0.0,0.0
RA-611,2022,M,1,7.756,9.5,7.6,7.5,,9.5,7.556,5.0,10.0,9.0,,-2,1.0,12.0,,,,,,,,,,,1.0
RA-612,2022,F,1,7.594,9.0,9.2,7.5,,7.9,7.167,5.0,9.7,6.2,,-1,1.0,10.0,,,,,,,,,,0.0,0.0
RA-612,2023,F,2,8.410783333,9.0,9.7,3.77,9.0625,9.7,9.286666667,5.0,9.3,10.0,,-1,1.0,11.0,0.8167833329999992,0.0,0.5,-3.73,,1.799999999999999,2.1196666670000006,0.0,0.0,0.0,0.0
RA-613,2022,M,2,8.121,9.0,9.2,7.5,,9.2,8.556,5.0,9.2,9.2,,-2,1.0,13.0,,,,,,,,,,0.0,0.0
RA-613,2023,M,3,6.864508333,9.2,9.4,5.0,6.71875,4.8,7.2125,5.0,4.3,6.2,3.8,-1,3.0,14.0,-1.2564916670000006,0.1999999999999993,0.20000000000000107,-2.5,,-4.3999999999999995,-1.3434999999999988,0.0,1.0,0.0,0.0
RA-614,2022,M,1,8.339,9.5,9.7,7.5,,9.6,8.278,5.0,9.8,9.3,,-2,1.0,12.0,,,,,,,,,,0.0,0.0
RA-614,2023,M,2,8.2282,9.0,9.1,7.52,8.333333333,8.6,8.563333333,5.0,8.8,8.3,,-1,2.0,13.0,-0.11080000000000112,-0.5,-0.5999999999999996,0.019999999999999574,,-1.0,0.28533333299999875,0.0,1.0,0.0,0.0
RA-615,2022,F,2,8.086,9.5,9.7,7.5,,7.3,6.889,10.0,7.8,6.7,,0,1.0,9.0,,,,,,,,,,1.0,0.0
RA-615,2023,F,3,7.815658333,10.0,9.7,3.14,8.28125,7.6,8.616666667,5.0,6.8,8.3,,-1,1.0,10.0,-0.2703416670000003,0.5,0.0,-4.359999999999999,,0.2999999999999998,1.7276666670000003,-5.0,-1.0,,1.0
RA-616,2022,M,3,7.303,7.4,7.4,7.5,,8.8,7.278,5.0,9.2,8.5,,-2,1.0,12.0,,,,,,,,,,0.0,0.0
RA-616,2023,M,4,5.612,0.0,6.6,5.02,5.833333333,6.8,6.783333333,5.0,5.5,8.0,,-1,2.0,13.0,-1.6909999999999998,-7.4,-0.8000000000000007,-2.4800000000000004,,-2.000000000000001,-0.4946666669999997,0.0,1.0,0.0,0.0
RA-617,2022,F,1,7.107,8.5,8.9,7.5,,6.3,6.778,5.0,4.5,8.0,,-1,1.0,11.0,,,,,,,,,,0.0,0.0
RA-617,2023,F,2,6.816166667,0.0,9.0,7.52,7.708333333,6.9,8.116666667,5.0,5.5,8.2,,-1,1.0,11.0,-0.29083333300000014,-8.5,0.09999999999999964,0.019999999999999574,,0.6000000000000005,1.338666667000001,0.0,0.0,,1.0
RA-618,2022,M,2,7.18,8.9,8.3,7.5,,6.7,7.333,5.0,6.8,6.5,,-2,1.0,13.0,,,,,,,,,,0.0,0.0
RA-618,2023,M,3,6.4745,0.0,9.2,5.02,8.125,6.2,7.95,5.0,4.5,7.8,,-2,2.0,14.0,-0.7054999999999998,-8.9,0.8999999999999986,-2.4800000000000004,,-0.5,0.617,0.0,0.0,0.0,0.0
RA-619,2022,F,1,7.693,9.5,8.0,7.5,,9.0,7.333,5.0,9.2,8.8,,-1,1.0,11.0,,,,,,,,,,0.0,0.0
RA-619,2023,F,2,7.891366667,9.0,7.1,3.77,7.708333333,9.0,8.116666667,10.0,8.5,9.5,,0,2.0,11.0,0.19836666700000016,-0.5,-0.9000000000000004,-3.73,,0.0,0.7836666670000003,5.0,1.0,,1.0
RA-62,2022,M,0,7.891,8.8,9.4,7.5,,9.3,7.25,5.0,8.5,10.0,,-2,5.0,17.0,,,,,,,,,,0.0,0.0
RA-62,2023,F,1,7.610333333,0.0,9.8,6.89,8.25,7.5,8.215,10.0,9.3,6.8,6.3,0,7.0,17.0,-0.2806666670000002,-8.8,0.40000000000000036,-0.6100000000000003,,-1.8000000000000007,0.9649999999999999,5.0,2.0,0.0,0.0
RA-620,2022,M,1,6.018,0.0,7.5,7.5,,6.8,6.833,5.0,8.5,5.0,,-2,1.0,12.0,,,,,,,,,,0.0,0.0
RA-620,2023,M,2,7.043666667,6.8,8.4,7.52,6.875,6.2,7.503333333,5.0,5.2,7.2,,-1,2.0,13.0,1.0256666670000003,6.8,0.9000000000000004,0.019999999999999574,,-0.5999999999999996,0.6703333329999994,0.0,1.0,0.0,0.0
RA-621,2022,M,2,7.448,9.5,7.7,7.5,,7.5,8.222,5.0,6.8,8.2,,-1,1.0,10.0,,,,,,,,,,,1.0
RA-622,2022,F,3,4.934,3.5,3.8,7.5,,3.8,6.0,5.0,4.8,2.7,,-2,1.0,12.0,,,,,,,,,,,1.0
RA-623,2022,M,0,7.524,7.5,9.0,7.5,,8.3,7.389,5.0,9.3,7.2,,-2,1.0,13.0,,,,,,,,,,0.0,0.0
RA-623,2023,M,1,7.8307,10.0,9.5,7.52,7.291666667,7.3,7.446666667,5.0,5.8,8.8,,-2,2.0,14.0,0.3067000000000002,2.5,0.5,0.019999999999999574,,-1.0000000000000009,0.05766666699999945,0.0,0.0,0.0,0.0
RA-624,2022,M,0,7.425,9.0,8.9,7.5,,6.8,7.722,5.0,8.0,5.5,,-1,1.0,10.0,,,,,,,,,,0.0,0.0
RA-624,2023,M,1,8.270825,9.0,9.2,7.52,8.90625,8.6,8.39,5.0,8.3,8.8,,-1,1.0,11.0,0.8458250000000005,0.0,0.29999999999999893,0.019999999999999574,,1.7999999999999998,0.6680000000000001,0.0,0.0,0.0,0.0
RA-625,2022,M,0,7.483,8.0,9.2,7.5,,7.8,7.333,5.0,8.5,7.0,,-1,1.0,11.0,,,,,,,,,,,1.0
RA-626,2022,M,1,5.818,7.4,7.6,7.5,,1.3,7.278,5.0,2.5,0.0,,-1,1.0,11.0,,,,,,,,,,0.0,0.0
RA-626,2023,M,2,7.231033333,9.0,9.2,4.39,7.291666667,6.5,7.613333333,5.0,4.7,8.3,,-1,2.0,12.0,1.4130333330000004,1.5999999999999996,1.5999999999999996,-3.1100000000000003,,5.2,0.33533333300000034,0.0,0.0,0.0,0.0
RA-627,2022,F,0,6.621,7.0,6.7,7.5,,6.5,7.0,5.0,6.2,6.8,,-1,1.0,10.0,,,,,,,,,,,1.0
RA-628,2022,M,0,7.577,9.5,7.6,7.5,,9.2,7.333,5.0,9.3,9.0,,-1,1.0,11.0,,,,,,,,,,1.0,0.0
RA-628,2023,M,1,8.370325,9.5,8.9,7.52,8.28125,9.4,8.45,5.0,9.0,9.7,,-2,1.0,12.0,0.7933249999999994,0.0,1.3000000000000007,0.019999999999999574,,0.20000000000000107,1.116999999999999,0.0,-1.0,0.0,0.0
RA-629,2022,M,0,8.11,9.0,10.0,7.5,,7.0,7.278,10.0,5.0,9.0,,0,1.0,9.0,,,,,,,,,,1.0,0.0
RA-629,2023,F,1,8.013866667,10.0,9.4,7.52,7.916666667,7.5,7.95,5.0,7.0,8.0,,-1,1.0,10.0,-0.09613333299999915,1.0,-0.5999999999999996,0.019999999999999574,,0.5,0.6720000000000006,-5.0,-1.0,0.0,0.0
RA-63,2022,M,4,8.282,8.3,9.1,8.8,,8.7,9.417,5.0,8.2,8.2,9.7,-1,5.0,16.0,,,,,,,,,,0.0,0.0
RA-63,2023,M,5,8.0641,6.7,9.0,6.89,8.75,8.7,8.9675,5.0,9.3,7.3,9.5,-1,6.0,17.0,-0.2179000000000002,-1.6000000000000005,-0.09999999999999964,-1.910000000000001,,0.0,-0.44950000000000045,0.0,0.0,,1.0
RA-630,2022,M,0,8.064,9.5,9.2,7.5,,7.3,7.278,10.0,6.5,8.0,,0,1.0,9.0,,,,,,,,,,1.0,0.0
RA-630,2023,M,1,7.199991667,9.0,8.6,3.77,8.28125,5.7,8.673333333,5.0,4.2,7.2,,-1,1.0,10.0,-0.8640083330000001,-0.5,-0.5999999999999996,-3.73,,-1.5999999999999996,1.3953333330000008,-5.0,-1.0,0.0,0.0
RA-631,2022,M,0,6.928,8.5,6.8,7.5,,7.0,7.222,5.0,7.3,6.7,,-2,1.0,12.0,,,,,,,,,,0.0,0.0
RA-631,2023,M,1,5.954666667,0.0,6.4,6.27,7.916666667,7.0,6.78,5.0,6.0,8.0,,-1,2.0,13.0,-0.9733333330000002,-8.5,-0.39999999999999947,-1.2300000000000004,,0.0,-0.44200000000000017,0.0,1.0,0.0,0.0
RA-632,2022,F,0,6.996,8.5,9.3,6.9,,6.3,6.722,5.0,5.5,7.2,,-1,1.0,10.0,,,,,,,,,,0.0,0.0
RA-632,2023,F,1,7.8768,4.7,9.1,5.64,8.333333333,7.4,8.563333333,10.0,6.8,8.0,,0,2.0,11.0,0.8807999999999998,-3.8,-0.20000000000000107,-1.2600000000000007,,1.1000000000000005,1.8413333329999988,5.0,1.0,0.0,0.0
RA-633,2022,F,2,7.476,7.3,8.9,7.5,,7.7,7.833,5.0,6.8,8.5,,-1,1.0,11.0,,,,,,,,,,0.0,0.0
RA-633,2023,F,3,6.6552,1.7,8.1,6.27,8.541666667,7.2,7.286666667,5.0,5.3,9.0,,-1,2.0,12.0,-0.8208000000000002,-5.6,-0.8000000000000007,-1.2300000000000004,,-0.5,-0.5463333329999998,0.0,0.0,0.0,0.0
RA-634,2022,F,0,7.619,9.5,9.4,7.5,,6.5,8.222,5.0,8.0,5.0,,-1,1.0,11.0,,,,,,,,,,,1.0
RA-635,2022,M,0,5.313,10.0,4.9,6.9,,1.5,6.444,5.0,0.5,2.5,,-1,1.0,10.0,,,,,,,,,,,1.0
RA-636,2022,M,0,7.189,8.5,8.0,6.9,,7.3,7.389,5.0,7.3,7.3,,-1,1.0,10.0,,,,,,,,,,0.0,0.0
RA-636,2023,M,1,6.836666667,0.0,8.3,5.64,8.333333333,9.0,7.446666667,5.0,9.2,8.7,,-1,1.0,11.0,-0.3523333329999998,-8.5,0.3000000000000007,-1.2600000000000007,,1.7000000000000002,0.05766666699999945,0.0,0.0,0.0,0.0
RA-637,2022,F,1,7.039,8.5,9.0,7.5,,5.8,7.0,5.0,4.8,6.8,,-1,1.0,10.0,,,,,,,,,,0.0,0.0
RA-637,2023,F,2,8.109533333,8.0,9.5,7.52,8.333333333,8.5,8.17,5.0,8.7,8.2,,-1,1.0,11.0,1.0705333330000002,-0.5,0.5,0.019999999999999574,,2.7,1.17,0.0,0.0,0.0,0.0
RA-638,2022,F,2,7.059,8.5,9.3,7.5,,3.9,6.278,10.0,2.0,5.8,,0,1.0,9.0,,,,,,,,,,1.0,0.0
RA-638,2023,F,3,7.754866667,9.0,9.4,7.52,8.333333333,6.5,7.946666667,5.0,6.8,6.2,,-1,1.0,10.0,0.6958666669999998,0.5,0.09999999999999964,0.019999999999999574,,2.6,1.668666667,-5.0,-1.0,0.0,0.0
RA-639,2022,F,1,6.613,8.5,7.4,7.5,,5.5,6.611,5.0,3.2,7.8,,-1,1.0,10.0,,,,,,,,,,0.0,0.0
RA-639,2023,F,2,7.5853,7.4,8.1,6.27,8.125,6.3,7.62,10.0,4.8,7.8,,0,2.0,11.0,0.9722999999999997,-1.0999999999999996,0.6999999999999993,-1.2300000000000004,,0.7999999999999998,1.0090000000000003,5.0,1.0,0.0,0.0
RA-64,2022,M,3,7.368,7.1,8.1,8.1,,7.5,8.25,5.0,4.8,8.2,9.4,-1,5.0,16.0,,,,,,,,,,0.0,0.0
RA-64,2023,F,4,7.452541667,7.5,9.2,6.89,7.34375,6.7,7.9625,5.0,7.0,6.0,7.2,-1,6.0,17.0,0.08454166699999988,0.40000000000000036,1.0999999999999996,-1.21,,-0.7999999999999998,-0.28749999999999964,0.0,0.0,0.0,0.0
RA-640,2022,F,0,6.73,9.0,8.4,7.5,,4.8,6.778,5.0,2.5,7.0,,-1,1.0,11.0,,,,,,,,,,1.0,0.0
RA-640,2023,F,1,6.1105,0.0,7.3,7.52,7.291666667,4.9,8.446666667,5.0,4.0,5.8,,-2,1.0,12.0,-0.6195000000000004,-9.0,-1.1000000000000005,0.019999999999999574,,0.10000000000000053,1.668666667000001,0.0,-1.0,,1.0
RA-641,2022,F,0,7.776,9.0,9.3,7.5,,6.5,6.778,10.0,4.5,8.5,,0,1.0,9.0,,,,,,,,,,,1.0
RA-642,2022,F,1,7.75,10.0,9.7,6.9,,7.3,7.778,5.0,7.0,7.7,,-1,1.0,10.0,,,,,,,,,,0.0,0.0
RA-642,2023,F,2,8.416866667,9.5,9.2,6.27,8.75,6.5,9.173333333,10.0,5.7,7.2,,0,2.0,11.0,0.6668666670000007,-0.5,-0.5,-0.6300000000000008,,-0.7999999999999998,1.3953333330000008,5.0,1.0,0.0,0.0
RA-643,2022,M,0,6.763,9.0,8.0,7.5,,6.2,6.722,5.0,6.3,6.0,,-1,1.0,10.0,,,,,,,,,,0.0,0.0
RA-643,2023,M,1,7.389033333,9.5,8.2,7.52,6.041666667,7.1,7.613333333,5.0,7.0,7.2,,-1,1.0,11.0,0.6260333330000005,0.5,0.1999999999999993,0.019999999999999574,,0.8999999999999995,0.8913333329999995,0.0,0.0,0.0,0.0
RA-644,2022,F,1,7.83,9.5,8.0,7.5,,8.8,8.278,5.0,9.7,8.0,,-1,1.0,11.0,,,,,,,,,,0.0,0.0
RA-644,2023,F,2,6.897033333,10.0,5.6,7.52,8.541666667,5.9,7.503333333,5.0,4.0,7.7,,-1,2.0,12.0,-0.9329666669999996,0.5,-2.4000000000000004,0.019999999999999574,,-2.9000000000000004,-0.7746666670000009,0.0,0.0,,1.0
RA-645,2022,F,0,6.086,8.5,8.1,7.5,,2.0,6.833,5.0,4.0,0.0,,-1,1.0,10.0,,,,,,,,,,0.0,0.0
RA-645,2023,F,1,7.613033333,9.0,8.5,6.27,8.125,7.3,8.116666667,5.0,6.5,8.0,,-1,1.0,11.0,1.5270333329999994,0.5,0.40000000000000036,-1.2300000000000004,,5.3,1.2836666670000003,0.0,0.0,0.0,0.0
RA-646,2022,M,3,8.181,8.5,9.8,8.1,,8.4,8.389,5.0,8.8,8.0,,-2,1.0,13.0,,,,,,,,,,0.0,0.0
RA-646,2023,M,4,8.3547,10.0,8.9,7.52,8.958333333,8.4,8.783333333,5.0,8.2,8.5,,-1,2.0,13.0,0.1737000000000002,1.5,-0.9000000000000004,-0.5800000000000001,,0.0,0.3943333330000005,0.0,1.0,0.0,0.0
RA-647,2022,M,0,6.606,9.5,8.6,7.5,,3.3,7.278,5.0,1.5,5.2,,-1,1.0,10.0,,,,,,,,,,0.0,0.0
RA-647,2023,F,1,7.100566667,7.3,8.7,6.27,7.708333333,5.2,8.446666667,5.0,4.7,5.7,,-1,1.0,10.0,0.49456666699999996,-2.2,0.09999999999999964,-1.2300000000000004,,1.9000000000000004,1.168666667000001,0.0,0.0,,1.0
RA-648,2022,M,3,6.736,9.0,7.5,6.9,,5.3,7.5,5.0,5.0,5.5,,-2,1.0,12.0,,,,,,,,,,,1.0
RA-649,2022,F,3,7.302,8.5,8.9,5.6,,7.4,7.611,5.0,6.3,8.5,,-2,1.0,12.0,,,,,,,,,,0.0,0.0
RA-649,2023,F,4,7.579533333,9.0,9.3,3.77,8.75,6.5,8.836666667,5.0,3.8,9.2,,-1,2.0,13.0,0.27753333300000005,0.5,0.40000000000000036,-1.8299999999999996,,-0.9000000000000004,1.2256666669999996,0.0,1.0,0.0,0.0
RA-65,2022,F,0,7.712,8.3,7.7,7.5,,9.3,7.875,5.0,9.0,9.5,9.5,-2,5.0,17.0,,,,,,,,,,,1.0
RA-650,2022,F,1,7.004,6.9,8.7,5.6,,6.9,7.5,5.0,5.5,8.3,,-1,1.0,11.0,,,,,,,,,,,1.0
RA-651,2022,F,0,7.866,8.5,9.3,7.5,,7.8,8.333,5.0,7.7,7.8,,-1,1.0,10.0,,,,,,,,,,0.0,0.0
RA-651,2023,F,1,7.332,0.0,8.2,3.77,8.75,9.3,7.95,10.0,9.8,8.7,,0,2.0,11.0,-0.5339999999999998,-8.5,-1.1000000000000014,-3.73,,1.5000000000000009,-0.383,5.0,1.0,0.0,0.0
RA-652,2022,F,0,8.151,8.0,9.6,7.5,,7.8,7.5,10.0,7.0,8.5,,0,1.0,9.0,,,,,,,,,,1.0,0.0
RA-652,2023,F,1,7.871033333,9.0,9.4,6.89,8.125,7.0,8.446666667,5.0,6.2,7.8,,-1,1.0,10.0,-0.27996666700000006,1.0,-0.1999999999999993,-0.6100000000000003,,-0.7999999999999998,0.9466666670000006,-5.0,-1.0,0.0,0.0
RA-653,2022,F,0,8.101,9.5,9.6,7.5,,9.3,7.5,5.0,9.5,9.0,,-1,1.0,11.0,,,,,,,,,,0.0,0.0
RA-653,2023,F,1,7.385666667,0.0,9.8,6.27,9.166666667,7.9,9.06,5.0,7.7,8.0,,-1,2.0,12.0,-0.7153333330000011,-9.5,0.20000000000000107,-1.2300000000000004,,-1.4000000000000004,1.5600000000000005,0.0,0.0,0.0,0.0
RA-654,2022,F,0,7.308,8.5,8.6,7.5,,6.8,7.556,5.0,5.5,8.0,,-2,1.0,12.0,,,,,,,,,,,1.0
RA-655,2022,F,3,7.785,7.5,9.2,7.5,,8.3,8.389,5.0,8.3,8.2,,-2,1.0,12.0,,,,,,,,,,0.0,0.0
RA-655,2023,F,4,8.3198,7.4,9.9,7.52,9.166666667,8.3,8.896666667,5.0,7.2,9.3,,-1,2.0,13.0,0.5348000000000006,-0.09999999999999964,0.7000000000000011,0.019999999999999574,,0.0,0.5076666670000005,0.0,1.0,0.0,0.0
RA-656,2022,F,2,6.652,7.4,7.5,5.6,,6.3,7.5,5.0,5.0,7.5,,-1,1.0,11.0,,,,,,,,,,0.0,0.0
RA-656,2023,F,3,6.780833333,0.0,8.9,7.52,8.541666667,7.3,7.173333333,5.0,5.8,8.8,,-1,2.0,12.0,0.12883333300000022,-7.4,1.4000000000000004,1.92,,1.0,-0.3266666669999996,0.0,0.0,0.0,0.0
RA-657,2022,F,1,8.093,9.5,9.8,7.5,,9.0,7.5,5.0,9.0,9.0,,-2,1.0,12.0,,,,,,,,,,0.0,0.0
RA-657,2023,F,2,8.3532,8.5,10.0,7.52,8.75,8.2,8.73,5.0,7.0,9.3,,-1,2.0,12.0,0.2601999999999993,-1.0,0.1999999999999993,0.019999999999999574,,-0.8000000000000007,1.2300000000000004,0.0,1.0,0.0,0.0
RA-658,2022,F,0,7.407,10.0,9.3,7.5,,5.6,7.917,5.0,4.7,6.5,,-1,1.0,10.0,,,,,,,,,,0.0,0.0
RA-658,2023,F,1,8.438533333,9.5,9.5,7.52,7.916666667,6.1,9.173333333,10.0,5.3,6.8,,0,2.0,10.0,1.0315333330000005,-0.5,0.1999999999999993,0.019999999999999574,,0.5,1.2563333330000006,5.0,1.0,0.0,0.0
RA-659,2022,F,0,7.783,8.0,7.8,7.5,,9.3,8.333,5.0,9.5,9.0,,-1,1.0,10.0,,,,,,,,,,,1.0
RA-66,2022,F,0,5.665,7.5,5.6,7.5,,4.5,5.917,5.0,3.0,6.0,,-2,5.0,17.0,,,,,,,,,,,1.0
RA-660,2022,F,1,8.363,9.5,9.0,7.5,,6.9,9.083,10.0,5.8,8.0,,0,1.0,9.0,,,,,,,,,,,1.0
RA-661,2022,M,0,7.593,9.0,8.3,7.5,,7.8,7.917,5.0,8.3,7.3,,-1,1.0,11.0,,,,,,,,,,0.0,0.0
RA-661,2023,M,1,6.846333333,0.0,7.7,6.89,7.5,6.5,7.836666667,10.0,4.3,8.7,,0,2.0,11.0,-0.7466666670000004,-9.0,-0.6000000000000005,-0.6100000000000003,,-1.2999999999999998,-0.08033333299999956,5.0,1.0,,1.0
RA-662,2022,F,0,7.044,9.0,8.8,7.5,,6.8,6.083,5.0,5.7,7.8,,-1,1.0,11.0,,,,,,,,,,0.0,0.0
RA-662,2023,F,1,6.733566667,6.8,7.6,6.27,7.291666667,6.7,6.72,5.0,4.3,9.0,,-1,2.0,12.0,-0.31043333299999976,-2.2,-1.200000000000001,-1.2300000000000004,,-0.09999999999999964,0.6369999999999996,0.0,0.0,0.0,0.0
RA-663,2022,M,0,6.376,6.9,8.7,7.5,,5.8,5.25,5.0,5.0,6.5,,-1,1.0,10.0,,,,,,,,,,0.0,0.0
RA-663,2023,M,1,6.969133333,6.9,7.4,7.52,6.666666667,7.0,7.393333333,5.0,6.7,7.3,,-1,1.0,11.0,0.5931333329999999,0.0,-1.299999999999999,0.019999999999999574,,1.2000000000000002,2.143333333,0.0,0.0,0.0,0.0
RA-664,2022,F,0,7.277,9.5,8.8,7.5,,6.3,7.167,5.0,5.0,7.5,,-1,1.0,10.0,,,,,,,,,,0.0,0.0
RA-664,2023,F,1,8.0872,9.0,9.6,7.52,7.916666667,8.0,8.116666667,5.0,8.0,8.0,,-1,1.0,11.0,0.8101999999999991,-0.5,0.7999999999999989,0.019999999999999574,,1.7000000000000002,0.9496666670000007,0.0,0.0,0.0,0.0
RA-665,2022,F,0,6.996,9.0,7.4,7.5,,6.8,7.25,5.0,6.5,7.0,,-1,1.0,11.0,,,,,,,,,,0.0,0.0
RA-665,2023,F,1,6.185658333,9.5,4.9,2.52,8.28125,5.2,8.226666667,5.0,5.0,5.3,,-1,1.0,11.0,-0.8103416670000003,0.5,-2.5,-4.98,,-1.5999999999999996,0.9766666669999999,0.0,0.0,0.0,0.0
RA-666,2022,M,0,7.929,9.5,9.1,7.5,,7.8,8.833,5.0,8.0,7.5,,-1,1.0,10.0,,,,,,,,,,0.0,0.0
RA-666,2023,M,1,8.720366667,9.5,9.1,7.52,8.541666667,7.1,9.62,10.0,6.7,7.5,,0,2.0,11.0,0.7913666670000001,0.0,0.0,0.019999999999999574,,-0.7000000000000002,0.786999999999999,5.0,1.0,0.0,0.0
RA-667,2022,M,1,5.844,8.5,5.6,7.5,,4.5,5.833,5.0,3.7,5.3,,-1,1.0,11.0,,,,,,,,,,0.0,0.0
RA-667,2023,M,2,6.774866667,9.0,6.9,6.89,7.083333333,5.2,7.836666667,5.0,3.0,7.3,,-1,2.0,12.0,0.9308666670000001,0.5,1.3000000000000007,-0.6100000000000003,,0.7000000000000002,2.003666667,0.0,0.0,0.0,0.0
RA-668,2022,M,0,4.365,6.9,3.3,7.5,,2.8,3.75,5.0,2.8,2.8,,-1,1.0,11.0,,,,,,,,,,0.0,0.0
RA-668,2023,M,1,6.017933333,6.3,6.3,7.52,6.875,3.4,7.616666667,5.0,2.7,4.0,,-1,2.0,12.0,1.652933333,-0.6000000000000005,3.0,0.019999999999999574,,0.6000000000000001,3.8666666669999996,0.0,0.0,,1.0
RA-669,2022,M,0,7.475,9.0,9.7,7.5,,6.0,7.833,5.0,5.0,7.0,,-1,1.0,11.0,,,,,,,,,,0.0,0.0
RA-669,2023,M,1,7.345033333,8.5,7.8,7.52,7.708333333,5.0,7.06,10.0,3.3,6.7,,0,2.0,11.0,-0.1299666669999997,-0.5,-1.8999999999999995,0.019999999999999574,,-1.0,-0.7730000000000006,5.0,1.0,0.0,0.0
RA-67,2022,F,3,5.195,5.8,3.0,7.5,,3.6,6.889,5.0,3.0,4.2,3.5,-1,5.0,16.0,,,,,,,,,,,1.0
RA-670,2022,F,0,7.451,8.0,8.8,7.5,,6.9,8.167,5.0,6.5,7.3,,-1,1.0,10.0,,,,,,,,,,0.0,0.0
RA-670,2023,F,1,8.6067,9.5,8.7,7.52,8.958333333,7.0,9.343333333,10.0,5.8,8.2,,0,2.0,11.0,1.1557000000000004,1.5,-0.10000000000000142,0.019999999999999574,,0.09999999999999964,1.1763333330000005,5.0,1.0,0.0,0.0
RA-671,2022,M,1,7.617,8.5,8.2,8.1,,8.8,7.417,5.0,8.8,8.8,,-1,0.0,9.0,,,,,,,,,,1.0,0.0
RA-671,2023,M,2,6.5143,7.9,8.3,3.14,5.625,7.8,5.68,5.0,8.0,7.5,,-2,0.0,10.0,-1.1026999999999996,-0.5999999999999996,0.10000000000000142,-4.959999999999999,,-1.0000000000000009,-1.737,0.0,-1.0,,1.0
RA-672,2022,F,1,7.48,8.5,8.5,8.1,,8.8,6.75,5.0,8.5,9.1,,-1,0.0,9.0,,,,,,,,,,1.0,0.0
RA-672,2023,F,2,6.5623,7.9,9.5,2.52,5.625,6.4,6.43,5.0,6.0,6.7,,-2,0.0,10.0,-0.9177000000000008,-0.5999999999999996,1.0,-5.58,,-2.4000000000000004,-0.3200000000000003,0.0,-1.0,0.0,0.0
RA-673,2022,F,0,8.65,8.5,9.2,8.1,,9.2,8.583,10.0,9.4,8.9,,0,0.0,8.0,,,,,,,,,,,1.0
RA-674,2022,M,0,7.862,9.5,8.7,8.1,,8.0,6.333,10.0,8.9,7.0,,0,0.0,8.0,,,,,,,,,,1.0,0.0
RA-674,2023,M,1,6.6328,7.9,8.5,3.77,5.0,5.2,8.67,5.0,5.3,5.0,,-1,0.0,9.0,-1.2292000000000005,-1.5999999999999996,-0.1999999999999993,-4.33,,-2.8,2.3369999999999997,-5.0,-1.0,,1.0
RA-675,2022,M,0,7.576,10.0,6.6,8.1,,7.4,7.083,10.0,8.8,5.9,,0,0.0,8.0,,,,,,,,,,0.0,0.0
RA-675,2023,M,1,8.3577,10.0,8.0,7.52,6.875,8.3,8.34,10.0,8.5,8.0,,0,0.0,8.0,0.7816999999999998,0.0,1.4000000000000004,-0.5800000000000001,,0.9000000000000004,1.2569999999999997,0.0,0.0,,1.0
RA-676,2022,M,1,7.911,8.5,8.6,8.1,,9.3,8.167,5.0,9.5,9.1,,-1,0.0,9.0,,,,,,,,,,,1.0
RA-677,2022,F,1,8.358,10.0,9.4,7.5,,7.3,8.583,10.0,7.7,6.8,,0,0.0,8.0,,,,,,,,,,1.0,0.0
RA-677,2023,F,2,8.5257,10.0,8.2,10.0,6.875,8.7,9.84,5.0,9.0,8.3,,-1,0.0,9.0,0.16769999999999996,0.0,-1.200000000000001,2.5,,1.3999999999999995,1.2569999999999997,-5.0,-1.0,,1.0
RA-678,2022,M,0,8.0,9.0,10.0,6.9,,7.3,9.5,5.0,7.5,7.0,,-1,0.0,9.0,,,,,,,,,,0.0,0.0
RA-678,2023,M,1,7.570158333,8.0,8.8,6.27,7.65625,7.3,8.336666667,5.0,6.8,7.7,,-1,1.0,10.0,-0.4298416669999998,-1.0,-1.1999999999999993,-0.6300000000000008,,0.0,-1.1633333330000006,0.0,0.0,,1.0
RA-679,2022,M,2,7.172,9.0,8.2,7.5,,6.3,7.833,5.0,6.7,5.8,,-2,0.0,10.0,,,,,,,,,,0.0,0.0
RA-679,2023,M,3,6.138366667,7.5,7.5,5.02,6.875,3.6,7.393333333,5.0,2.0,5.2,,-1,1.0,11.0,-1.033633333,-1.5,-0.6999999999999993,-2.4800000000000004,,-2.6999999999999997,-0.439666667,0.0,1.0,,1.0
RA-68,2022,M,3,6.438,8.3,6.0,7.5,,4.0,7.944,5.0,4.7,4.8,2.7,-1,5.0,16.0,,,,,,,,,,,1.0
RA-680,2022,F,3,7.518,9.5,8.8,7.5,,7.4,7.75,5.0,8.0,6.8,,-2,0.0,10.0,,,,,,,,,,0.0,0.0
RA-680,2023,F,4,6.5855,0.0,9.1,7.52,6.875,6.4,7.78,5.0,5.2,7.5,,-1,1.0,11.0,-0.9325000000000001,-9.5,0.29999999999999893,0.019999999999999574,,-1.0,0.03000000000000025,0.0,1.0,0.0,0.0
RA-681,2022,M,0,7.204,8.5,8.5,6.9,,6.5,8.0,5.0,6.5,6.5,,-2,0.0,10.0,,,,,,,,,,0.0,0.0
RA-681,2023,M,1,6.2955,0.0,7.8,3.77,5.625,8.3,8.18,5.0,8.8,7.8,,-2,0.0,10.0,-0.9085000000000001,-8.5,-0.7000000000000002,-3.1300000000000003,,1.8000000000000007,0.17999999999999972,0.0,0.0,0.0,0.0
RA-682,2022,M,0,7.625,9.5,9.1,7.5,,7.0,8.083,5.0,7.0,7.0,,-2,0.0,11.0,,,,,,,,,,,1.0
RA-683,2022,M,0,6.011,7.9,5.0,7.5,,4.0,8.083,5.0,8.0,0.0,,-2,0.0,10.0,,,,,,,,,,,1.0
RA-684,2022,M,0,8.26,9.5,7.5,8.1,,9.3,7.917,10.0,9.0,9.6,,0,0.0,7.0,,,,,,,,,,0.0,0.0
RA-684,2023,M,1,7.4277,9.0,8.1,7.52,6.875,6.5,5.84,10.0,8.3,4.7,,0,0.0,8.0,-0.8323,-0.5,0.5999999999999996,-0.5800000000000001,,-2.8000000000000007,-2.077,0.0,0.0,0.0,0.0
RA-685,2022,M,0,6.864,9.0,6.2,5.0,,8.0,7.833,5.0,8.0,8.0,,-1,0.0,9.0,,,,,,,,,,,1.0
RA-686,2022,F,0,7.729,7.5,8.6,8.1,,8.8,8.083,5.0,9.2,8.5,,-1,0.0,9.0,,,,,,,,,,0.0,0.0
RA-686,2023,F,1,7.9642,8.5,9.0,7.52,7.5,8.0,8.56,5.0,7.3,8.7,,-1,1.0,10.0,0.23519999999999985,1.0,0.40000000000000036,-0.5800000000000001,,-0.8000000000000007,0.4770000000000003,0.0,0.0,0.0,0.0
RA-687,2022,M,0,7.703,8.5,9.0,8.1,,8.3,8.0,5.0,9.0,7.5,,-1,0.0,9.0,,,,,,,,,,0.0,0.0
RA-687,2023,M,1,7.617533333,8.0,9.0,7.52,7.5,6.9,8.226666667,5.0,6.7,7.0,,-1,1.0,10.0,-0.08546666700000038,-0.5,0.0,-0.5800000000000001,,-1.4000000000000004,0.22666666699999993,0.0,0.0,0.0,0.0
RA-688,2022,M,0,7.771,8.5,9.7,7.5,,7.9,7.917,5.0,8.0,7.8,,-1,0.0,9.0,,,,,,,,,,0.0,0.0
RA-688,2023,M,1,8.0442,8.5,9.3,7.52,7.5,8.6,8.06,5.0,8.2,9.0,,-1,1.0,10.0,0.2732000000000001,0.0,-0.3999999999999986,0.019999999999999574,,0.6999999999999993,0.14300000000000068,0.0,0.0,0.0,0.0
RA-689,2022,F,0,6.433,7.4,7.9,5.6,,5.8,6.667,5.0,6.0,5.5,,-1,0.0,9.0,,,,,,,,,,,1.0
RA-69,2022,M,4,5.718,8.3,6.1,7.5,,2.5,6.167,5.0,4.7,2.6,0.3,-1,5.0,16.0,,,,,,,,,,,1.0
RA-690,2022,F,0,7.541,9.5,9.5,7.5,,7.0,7.417,5.0,7.2,6.8,,-1,0.0,9.0,,,,,,,,,,1.0,0.0
RA-690,2023,F,1,8.6112,9.0,9.8,6.89,7.5,9.1,10.01,5.0,9.3,8.8,,-2,0.0,10.0,1.0701999999999998,-0.5,0.3000000000000007,-0.6100000000000003,,2.0999999999999996,2.593,0.0,-1.0,0.0,0.0
RA-691,2022,F,0,8.68,10.0,9.2,8.1,,9.4,7.917,10.0,9.6,9.3,,0,0.0,8.0,,,,,,,,,,,1.0
RA-692,2022,F,1,7.569,9.5,8.9,8.1,,6.9,7.917,5.0,7.0,6.8,,-1,0.0,9.0,,,,,,,,,,0.0,0.0
RA-692,2023,F,2,6.588466667,7.4,7.7,7.52,6.666666667,4.6,7.39,5.0,2.8,6.3,,-1,1.0,10.0,-0.9805333330000003,-2.0999999999999996,-1.2000000000000002,-0.5800000000000001,,-2.3000000000000007,-0.5270000000000001,0.0,0.0,,1.0
RA-693,2022,F,0,7.944,9.5,9.8,8.1,,5.7,7.667,10.0,5.0,6.3,,0,0.0,7.0,,,,,,,,,,0.0,0.0
RA-693,2023,F,1,9.0112,10.0,9.4,6.89,7.5,8.5,10.01,10.0,8.2,8.7,,0,0.0,8.0,1.0672000000000006,0.5,-0.40000000000000036,-1.21,,2.8,2.343,0.0,0.0,0.0,0.0
RA-694,2022,M,0,8.378,10.0,9.0,8.1,,8.1,7.917,10.0,8.2,8.0,,0,0.0,8.0,,,,,,,,,,,1.0
RA-695,2022,F,1,4.28,9.0,3.1,7.5,,2.5,2.5,10.0,2.2,2.8,,0,0.0,8.0,,,,,,,,,,,1.0
RA-696,2022,F,1,7.441,8.5,9.0,7.5,,6.6,8.167,5.0,6.5,6.7,,-1,0.0,9.0,,,,,,,,,,0.0,0.0
RA-696,2023,F,2,7.172666667,0.0,9.4,5.02,7.5,6.7,8.503333333,10.0,5.2,8.2,,0,1.0,9.0,-0.2683333330000002,-8.5,0.40000000000000036,-2.4800000000000004,,0.10000000000000053,0.3363333330000007,5.0,1.0,0.0,0.0
RA-697,2022,M,1,7.675,7.0,9.3,7.5,,8.4,8.083,5.0,8.8,8.0,,-2,0.0,11.0,,,,,,,,,,,1.0
RA-698,2022,M,1,7.44,9.0,9.8,2.5,,8.1,8.083,5.0,8.0,8.2,,-1,0.0,9.0,,,,,,,,,,0.0,0.0
RA-698,2023,M,2,7.553616667,8.5,9.9,2.52,7.1875,5.7,8.113333333,10.0,4.3,7.0,,0,1.0,9.0,0.11361666699999962,-0.5,0.09999999999999964,0.020000000000000018,,-2.3999999999999995,0.03033333299999974,5.0,1.0,0.0,0.0
RA-699,2022,M,0,6.658,5.2,9.2,7.5,,7.1,6.0,5.0,7.5,6.7,,-1,0.0,9.0,,,,,,,,,,0.0,0.0
RA-699,2023,M,1,6.389991667,8.5,8.3,3.77,5.78125,6.0,6.173333333,5.0,5.7,6.2,,-1,1.0,10.0,-0.26800833300000004,3.3,-0.8999999999999986,-3.73,,-1.0999999999999996,0.17333333300000042,0.0,0.0,0.0,0.0
RA-7,2022,M,5,6.818,0.0,8.4,7.5,,7.6,7.667,5.0,8.2,5.7,9.0,-1,7.0,18.0,,,,,,,,,,0.0,0.0
RA-7,2023,M,6,,,,,,,,10.0,,,,0,8.0,19.0,,,,,,,,5.0,1.0,0.0,0.0
RA-70,2022,F,5,5.712,8.8,6.6,5.0,,2.9,6.111,5.0,5.7,2.9,0.2,-1,5.0,16.0,,,,,,,,,,1.0,0.0
RA-70,2023,F,6,6.869133333,9.2,9.2,5.0,7.5,4.3,7.545,5.0,3.0,3.5,6.3,-2,5.0,17.0,1.157133333,0.3999999999999986,2.5999999999999996,0.0,,1.4,1.4340000000000002,0.0,-1.0,,1.0
RA-700,2022,F,0,7.738,9.0,8.7,7.5,,9.2,7.083,5.0,9.2,9.2,,-1,0.0,9.0,,,,,,,,,,0.0,0.0
RA-700,2023,F,1,8.2852,9.5,9.7,7.52,6.25,7.8,9.84,5.0,7.5,8.0,,-1,0.0,9.0,0.5471999999999992,0.5,1.0,0.019999999999999574,,-1.3999999999999995,2.7569999999999997,0.0,0.0,0.0,0.0
RA-701,2022,M,1,7.755,9.0,9.3,7.5,,8.7,7.417,5.0,8.7,8.7,,-2,0.0,10.0,,,,,,,,,,0.0,0.0
RA-701,2023,M,2,7.3982,9.5,9.9,3.77,6.25,7.2,7.68,5.0,7.3,7.0,,-2,0.0,11.0,-0.3567999999999998,0.5,0.5999999999999996,-3.73,,-1.4999999999999991,0.2629999999999999,0.0,0.0,,1.0
RA-702,2022,F,0,7.387,10.0,8.6,5.0,,6.8,7.0,10.0,7.0,6.7,,0,0.0,8.0,,,,,,,,,,1.0,0.0
RA-702,2023,F,1,8.239866667,10.0,10.0,5.63,7.5,9.3,7.833333333,5.0,9.3,9.3,,-1,0.0,9.0,0.8528666669999998,0.0,1.4000000000000004,0.6299999999999999,,2.500000000000001,0.8333333329999997,-5.0,-1.0,1.0,0.0
RA-703,2022,M,1,6.099,7.5,7.4,5.0,,5.1,6.833,5.0,5.3,4.8,,-2,0.0,10.0,,,,,,,,,,0.0,0.0
RA-703,2023,M,2,6.2737,9.5,8.4,3.14,6.875,4.6,6.16,5.0,4.8,4.3,,-2,0.0,11.0,0.17469999999999963,2.0,1.0,-1.8599999999999999,,-0.5,-0.673,0.0,0.0,,1.0
RA-704,2022,M,0,6.741,9.0,8.6,5.0,,7.2,6.583,5.0,7.7,6.6,,-2,0.0,10.0,,,,,,,,,,0.0,0.0
RA-704,2023,M,1,6.8297,10.0,9.9,3.14,5.625,6.1,6.265,5.0,6.5,5.7,,-2,0.0,11.0,0.08870000000000022,1.0,1.3000000000000007,-1.8599999999999999,,-1.1000000000000005,-0.3180000000000005,0.0,0.0,0.0,0.0
RA-705,2022,M,0,6.634,9.5,6.2,7.5,,7.1,6.333,5.0,7.0,7.2,,-2,0.0,10.0,,,,,,,,,,0.0,0.0
RA-705,2023,M,1,6.982,0.0,8.3,6.89,7.5,8.8,8.165,5.0,8.9,8.6,,-2,0.0,10.0,0.34799999999999986,-9.5,2.1000000000000005,-0.6100000000000003,,1.700000000000001,1.831999999999999,0.0,0.0,0.0,0.0
RA-706,2022,F,1,7.659,9.5,6.7,7.5,,9.1,8.417,5.0,9.1,9.1,,-2,0.0,10.0,,,,,,,,,,0.0,0.0
RA-706,2023,F,2,7.1527,9.0,7.8,4.39,6.875,7.3,8.08,5.0,6.7,7.8,,-2,0.0,10.0,-0.5062999999999995,-0.5,1.0999999999999996,-3.1100000000000003,,-1.7999999999999998,-0.33699999999999974,0.0,0.0,0.0,0.0
RA-707,2022,F,2,7.679,10.0,8.1,6.9,,8.5,8.083,5.0,8.8,8.2,,-2,0.0,10.0,,,,,,,,,,0.0,0.0
RA-707,2023,F,3,6.518,0.0,9.8,3.77,7.916666667,6.5,7.946666667,5.0,5.5,7.5,,-1,1.0,11.0,-1.1610000000000005,-10.0,1.700000000000001,-3.1300000000000003,,-2.0,-0.1363333330000005,0.0,1.0,0.0,0.0
RA-708,2022,M,0,7.282,8.0,8.4,7.5,,7.3,7.583,5.0,7.1,7.6,,-1,0.0,9.0,,,,,,,,,,0.0,0.0
RA-708,2023,M,1,7.5105,0.0,9.8,7.52,8.125,9.2,8.28,5.0,8.8,9.5,,-1,0.0,9.0,0.22850000000000037,-8.0,1.4000000000000004,0.019999999999999574,,1.8999999999999995,0.6969999999999992,0.0,0.0,,1.0
RA-709,2022,F,0,5.313,9.5,3.5,7.5,,2.3,7.083,5.0,2.3,2.3,,-2,0.0,10.0,,,,,,,,,,0.0,0.0
RA-709,2023,F,1,6.6927,10.0,7.9,7.52,5.625,4.9,6.59,5.0,5.5,4.3,,-2,0.0,11.0,1.3797000000000006,0.5,4.4,0.019999999999999574,,2.6000000000000005,-0.4930000000000003,0.0,0.0,0.0,0.0
RA-71,2022,F,3,4.332,7.9,2.0,7.5,,1.2,5.833,5.0,1.3,2.2,0.0,-2,5.0,17.0,,,,,,,,,,0.0,0.0
RA-71,2023,F,4,7.3651,6.7,9.8,6.26,7.5,6.6,7.7125,5.0,7.3,5.5,7.0,-2,6.0,18.0,3.0331,-1.2000000000000002,7.800000000000001,-1.2400000000000002,,5.3999999999999995,1.8795000000000002,0.0,0.0,,1.0
RA-710,2022,M,2,7.285,9.5,8.9,5.0,,6.9,8.0,5.0,7.0,6.8,,-2,0.0,10.0,,,,,,,,,,0.0,0.0
RA-710,2023,M,3,7.0582,9.5,9.0,3.77,7.083333333,6.5,7.113333333,5.0,5.7,7.3,,-1,1.0,11.0,-0.2267999999999999,0.0,0.09999999999999964,-1.23,,-0.40000000000000036,-0.8866666670000001,0.0,1.0,0.0,0.0
RA-711,2022,M,0,6.04,9.0,7.9,6.3,,3.5,6.0,5.0,4.0,3.0,,-1,0.0,9.0,,,,,,,,,,,1.0
RA-712,2022,M,3,6.026,8.0,5.1,5.0,,8.0,5.833,5.0,8.7,7.3,,-2,0.0,11.0,,,,,,,,,,0.0,0.0
RA-712,2023,M,4,6.331533333,9.5,5.6,3.14,7.5,6.7,6.836666667,5.0,5.5,7.8,,-2,1.0,12.0,0.3055333330000005,1.5,0.5,-1.8599999999999999,,-1.2999999999999998,1.003666667,0.0,0.0,0.0,0.0
RA-713,2022,M,1,7.42,10.0,8.7,7.5,,7.8,7.25,5.0,8.0,7.7,,-1,0.0,9.0,,,,,,,,,,0.0,0.0
RA-713,2023,M,2,7.408033333,8.0,9.6,3.77,6.875,7.5,8.166666667,5.0,6.7,8.2,,-1,1.0,10.0,-0.011966667000000264,-2.0,0.9000000000000004,-3.73,,-0.2999999999999998,0.9166666669999994,0.0,0.0,0.0,0.0
RA-714,2022,M,3,6.953,9.0,6.9,5.6,,8.0,7.25,5.0,8.5,7.5,,-2,0.0,11.0,,,,,,,,,,0.0,0.0
RA-714,2023,M,4,6.078666667,0.0,8.0,3.14,7.5,7.4,7.223333333,5.0,6.7,8.0,,-2,1.0,12.0,-0.874333333,-9.0,1.0999999999999996,-2.4599999999999995,,-0.5999999999999996,-0.026666666999999755,0.0,0.0,0.0,0.0
RA-715,2022,F,0,6.656,8.5,8.7,4.4,,4.9,7.917,5.0,4.8,5.0,,-1,0.0,9.0,,,,,,,,,,1.0,0.0
RA-715,2023,F,1,5.8915,0.0,9.5,3.14,5.625,5.4,7.675,5.0,4.5,6.3,,-2,0.0,10.0,-0.7645,-8.5,0.8000000000000007,-1.2600000000000002,,0.5,-0.242,0.0,-1.0,0.0,0.0
RA-716,2022,M,0,6.525,8.9,8.1,7.5,,6.7,5.417,5.0,7.3,6.0,,-1,0.0,9.0,,,,,,,,,,0.0,0.0
RA-716,2023,M,1,6.813366667,9.0,8.7,3.77,6.875,5.6,7.443333333,5.0,5.0,6.2,,-1,1.0,10.0,0.288366667,0.09999999999999964,0.5999999999999996,-3.73,,-1.1000000000000005,2.026333333,0.0,0.0,0.0,0.0
RA-717,2022,F,1,6.832,9.0,7.3,7.5,,5.4,7.917,5.0,5.0,5.8,,-2,0.0,10.0,,,,,,,,,,0.0,0.0
RA-717,2023,F,2,6.633833333,0.0,8.5,7.52,8.125,5.9,8.446666667,5.0,5.5,6.3,,-1,1.0,11.0,-0.19816666699999974,-9.0,1.2000000000000002,0.019999999999999574,,0.5,0.5296666670000008,0.0,1.0,,1.0
RA-718,2022,F,0,8.093,8.0,8.9,6.3,,9.2,7.417,10.0,9.2,9.2,,0,0.0,8.0,,,,,,,,,,0.0,0.0
RA-718,2023,F,1,8.166866667,9.5,9.1,3.77,7.916666667,7.8,8.39,10.0,6.3,9.2,,0,1.0,9.0,0.07386666700000077,1.5,0.1999999999999993,-2.53,,-1.3999999999999995,0.9730000000000008,0.0,0.0,0.0,0.0
RA-719,2022,F,1,5.552,9.0,4.6,7.5,,4.2,6.083,5.0,5.0,3.3,,-2,0.0,10.0,,,,,,,,,,0.0,0.0
RA-719,2023,M,2,6.4137,9.5,5.3,7.52,5.625,5.9,7.095,5.0,7.0,4.7,,-2,0.0,11.0,0.8617000000000008,0.5,0.7000000000000002,0.019999999999999574,,1.7000000000000002,1.0119999999999996,0.0,0.0,0.0,0.0
RA-72,2022,F,0,7.64,8.3,7.5,7.5,,7.8,8.667,5.0,7.5,7.8,8.0,-2,5.0,17.0,,,,,,,,,,,1.0
RA-720,2022,F,1,6.731,8.0,5.9,7.5,,7.6,7.083,5.0,7.3,7.8,,-1,0.0,9.0,,,,,,,,,,,1.0
RA-721,2022,F,1,7.973,9.5,8.1,7.5,,7.6,7.917,10.0,8.2,7.0,,0,0.0,8.0,,,,,,,,,,0.0,0.0
RA-721,2023,F,2,8.683366667,8.5,9.5,7.52,8.125,8.4,8.443333333,10.0,7.5,9.3,,0,1.0,9.0,0.7103666669999997,-1.0,1.4000000000000004,0.019999999999999574,,0.8000000000000007,0.5263333330000002,0.0,0.0,0.0,0.0
RA-722,2022,F,1,7.41,10.0,8.1,4.4,,8.1,8.333,5.0,7.8,8.3,,-1,0.0,9.0,,,,,,,,,,0.0,0.0
RA-722,2023,F,2,7.3387,8.5,9.6,2.52,8.125,6.4,8.67,5.0,4.5,8.2,,-1,1.0,10.0,-0.07129999999999992,-1.5,1.5,-1.8800000000000003,,-1.6999999999999993,0.33699999999999974,0.0,0.0,,1.0
RA-723,2022,F,0,7.426,10.0,6.6,8.1,,5.5,8.167,10.0,5.3,5.7,,0,0.0,8.0,,,,,,,,,,,1.0
RA-724,2022,F,0,6.931,9.5,5.9,5.6,,5.6,8.0,10.0,2.9,8.3,,0,0.0,8.0,,,,,,,,,,,1.0
RA-725,2022,M,0,6.33,8.0,5.9,8.1,,5.0,5.5,10.0,4.0,6.0,,0,0.0,8.0,,,,,,,,,,1.0,0.0
RA-725,2023,M,1,8.117366667,9.5,9.0,7.52,8.125,8.4,8.113333333,5.0,8.1,8.7,,-1,0.0,9.0,1.7873666670000006,1.5,3.0999999999999996,-0.5800000000000001,,3.4000000000000004,2.613333333,-5.0,-1.0,0.0,0.0
RA-726,2022,F,0,6.985,10.0,7.5,7.5,,4.4,6.583,10.0,5.8,3.0,,0,0.0,7.0,,,,,,,,,,0.0,0.0
RA-726,2023,F,1,7.3687,10.0,6.1,7.52,5.625,6.0,8.17,10.0,6.2,5.8,,0,0.0,8.0,0.38369999999999926,0.0,-1.4000000000000004,0.019999999999999574,,1.5999999999999996,1.5869999999999997,0.0,0.0,,1.0
RA-727,2022,M,0,7.736,9.0,7.7,8.1,,8.4,6.75,10.0,9.3,7.4,,0,0.0,8.0,,,,,,,,,,1.0,0.0
RA-727,2023,M,1,7.6802,9.5,8.8,2.52,7.5,8.0,9.34,5.0,8.3,7.7,,-1,0.0,9.0,-0.05579999999999963,0.5,1.1000000000000005,-5.58,,-0.40000000000000036,2.59,-5.0,-1.0,0.0,0.0
RA-728,2022,F,0,8.244,9.5,7.3,8.1,,9.1,8.167,10.0,9.3,8.9,,0,0.0,8.0,,,,,,,,,,,1.0
RA-729,2022,F,0,8.155,10.0,8.7,8.1,,8.1,7.25,10.0,8.5,7.8,,0,0.0,8.0,,,,,,,,,,1.0,0.0
RA-729,2023,F,1,7.26545,8.0,9.1,3.77,6.5625,8.6,7.01,5.0,8.2,8.9,,-1,0.0,9.0,-0.889549999999999,-2.0,0.40000000000000036,-4.33,,0.5,-0.2400000000000002,-5.0,-1.0,0.0,0.0
RA-73,2022,F,0,5.271,7.1,3.0,7.5,,3.3,7.278,5.0,4.5,3.0,2.3,-2,5.0,17.0,,,,,,,,,,,1.0
RA-730,2022,F,1,7.902,10.0,8.2,8.8,,8.3,8.25,5.0,8.7,8.0,,-2,0.0,10.0,,,,,,,,,,0.0,0.0
RA-730,2023,F,2,7.979325,10.0,8.7,5.02,9.53125,7.8,8.67,5.0,7.8,7.7,,-1,1.0,10.0,0.07732500000000009,0.0,0.5,-3.780000000000001,,-0.5000000000000009,0.41999999999999993,0.0,1.0,0.0,0.0
RA-731,2022,F,3,7.151,9.0,8.5,6.9,,7.3,7.083,5.0,7.3,7.2,,-2,0.0,10.0,,,,,,,,,,0.0,0.0
RA-731,2023,F,4,6.7742,8.5,7.6,3.14,7.5,6.8,7.45,5.0,6.2,7.3,,-1,1.0,11.0,-0.37679999999999936,-0.5,-0.9000000000000004,-3.7600000000000002,,-0.5,0.367,0.0,1.0,0.0,0.0
RA-732,2022,M,0,7.347,9.0,7.9,8.8,,7.2,7.5,5.0,7.5,6.8,,-1,0.0,9.0,,,,,,,,,,,1.0
RA-733,2022,F,0,6.684,9.5,8.5,5.6,,5.1,6.917,5.0,6.0,4.2,,-1,0.0,9.0,,,,,,,,,,0.0,0.0
RA-733,2023,F,1,8.3342,10.0,8.7,7.52,8.333333333,6.2,8.893333333,10.0,4.3,8.0,,0,1.0,9.0,1.650199999999999,0.5,0.1999999999999993,1.92,,1.1000000000000005,1.9763333329999995,5.0,1.0,1.0,0.0
RA-734,2022,F,0,6.952,9.5,7.2,5.6,,7.3,7.417,5.0,8.0,6.5,,-2,0.0,10.0,,,,,,,,,,0.0,0.0
RA-734,2023,F,1,7.305908333,8.5,8.0,7.52,7.34375,6.9,7.446666667,5.0,6.8,7.0,,-1,1.0,11.0,0.3539083329999997,-1.0,0.7999999999999998,1.92,,-0.39999999999999947,0.02966666699999987,0.0,1.0,,1.0
RA-735,2022,F,1,7.485,9.0,9.0,5.6,,7.3,8.583,5.0,7.8,6.7,,-2,0.0,10.0,,,,,,,,,,0.0,0.0
RA-735,2023,F,2,7.184,0.0,9.0,7.52,8.333333333,8.1,8.393333333,5.0,7.7,8.5,,-1,1.0,11.0,-0.30100000000000016,-9.0,0.0,1.92,,0.7999999999999998,-0.1896666670000009,0.0,1.0,0.0,0.0
RA-736,2022,M,0,6.707,9.0,8.5,5.6,,5.4,7.0,5.0,4.7,6.2,,-2,0.0,10.0,,,,,,,,,,0.0,0.0
RA-736,2023,M,1,7.600033333,8.5,9.5,6.27,7.708333333,6.7,8.11,5.0,4.8,8.5,,-1,1.0,10.0,0.893033333,-0.5,1.0,0.6699999999999999,,1.2999999999999998,1.1099999999999994,0.0,1.0,,1.0
RA-737,2022,F,0,8.058,9.5,9.2,5.6,,9.0,9.167,5.0,8.5,9.5,,-1,0.0,9.0,,,,,,,,,,0.0,0.0
RA-737,2023,F,1,8.048033333,9.5,7.8,7.52,7.291666667,7.5,7.783333333,10.0,7.0,8.0,,0,1.0,9.0,-0.009966667000000484,0.0,-1.3999999999999995,1.92,,-1.5,-1.383666667,5.0,1.0,0.0,0.0
RA-738,2022,F,0,7.227,8.5,8.1,5.6,,5.7,7.5,10.0,7.7,3.7,,0,0.0,8.0,,,,,,,,,,0.0,0.0
RA-738,2023,F,1,8.123283333,8.0,9.3,7.52,8.4375,6.0,8.336666667,10.0,4.2,7.8,,0,1.0,9.0,0.8962833329999995,-0.5,1.200000000000001,1.92,,0.2999999999999998,0.8366666669999994,0.0,0.0,1.0,0.0
RA-739,2022,M,0,6.82,6.4,7.3,5.6,,5.9,7.083,10.0,6.0,5.8,,0,0.0,8.0,,,,,,,,,,1.0,0.0
RA-739,2023,M,1,7.5972,9.0,8.3,7.52,6.25,7.6,8.25,5.0,7.3,7.8,,-1,0.0,9.0,0.7771999999999997,2.5999999999999996,1.0000000000000009,1.92,,1.6999999999999993,1.1669999999999998,-5.0,-1.0,,1.0
RA-74,2022,M,0,4.989,9.6,3.3,7.5,,2.0,5.833,5.0,6.0,0.0,0.0,-1,5.0,16.0,,,,,,,,,,,1.0
RA-740,2022,F,0,7.218,8.5,9.0,5.6,,7.2,7.5,5.0,7.3,7.0,,-1,0.0,9.0,,,,,,,,,,1.0,0.0
RA-740,2023,F,1,7.2845,0.0,8.7,7.52,6.875,9.1,8.925,5.0,9.0,9.2,,-2,0.0,10.0,0.06650000000000045,-8.5,-0.3000000000000007,1.92,,1.8999999999999995,1.4250000000000007,0.0,-1.0,0.0,0.0
RA-741,2022,F,0,6.896,9.5,8.4,5.6,,6.3,7.417,5.0,7.3,5.2,,-2,0.0,10.0,,,,,,,,,,0.0,0.0
RA-741,2023,F,1,6.2707,9.5,6.9,4.39,5.625,5.1,7.095,5.0,4.2,6.0,,-2,0.0,11.0,-0.6253000000000002,0.0,-1.5,-1.21,,-1.2000000000000002,-0.32200000000000006,0.0,0.0,0.0,0.0
RA-742,2022,F,0,7.097,8.5,8.7,5.0,,7.3,7.5,5.0,8.3,6.2,,-1,0.0,9.0,,,,,,,,,,1.0,0.0
RA-742,2023,F,1,7.024,0.0,7.6,7.52,7.5,7.5,10.01,5.0,6.2,8.8,,-2,0.0,10.0,-0.0730000000000004,-8.5,-1.0999999999999996,2.5199999999999996,,0.20000000000000018,2.51,0.0,-1.0,,1.0
RA-743,2022,F,0,6.672,10.0,7.9,5.6,,4.8,7.5,5.0,4.8,4.8,,-1,0.0,9.0,,,,,,,,,,1.0,0.0
RA-743,2023,F,1,6.659,0.0,9.1,3.77,7.5,7.1,9.01,5.0,7.3,6.8,,-2,0.0,10.0,-0.0129999999999999,-10.0,1.1999999999999993,-1.8299999999999996,,2.3,1.5099999999999998,0.0,-1.0,0.0,0.0
RA-744,2022,F,0,7.742,9.5,9.7,5.6,,6.2,7.5,10.0,6.0,6.3,,0,0.0,8.0,,,,,,,,,,,1.0
RA-745,2022,M,1,7.382,9.0,8.5,5.6,,8.1,7.75,5.0,8.5,7.7,,-1,0.0,9.0,,,,,,,,,,0.0,0.0
RA-745,2023,M,2,7.668366667,9.5,9.3,3.77,8.125,7.0,8.893333333,5.0,5.7,8.2,,-1,1.0,10.0,0.28636666700000024,0.5,0.8000000000000007,-1.8299999999999996,,-1.0999999999999996,1.1433333329999993,0.0,0.0,0.0,0.0
RA-746,2022,M,0,7.656,8.0,9.1,5.6,,7.2,7.417,10.0,7.7,6.7,,0,0.0,8.0,,,,,,,,,,0.0,0.0
RA-746,2023,M,1,6.517166667,0.0,8.0,3.77,6.875,7.2,7.113333333,10.0,6.0,8.3,,0,1.0,9.0,-1.138833333,-8.0,-1.0999999999999996,-1.8299999999999996,,0.0,-0.3036666669999999,0.0,0.0,0.0,0.0
RA-747,2022,F,0,7.676,10.0,7.6,7.5,,8.8,7.917,5.0,8.2,9.4,,-2,0.0,11.0,,,,,,,,,,0.0,0.0
RA-747,2023,F,1,6.026366667,10.0,8.0,3.14,6.041666667,3.1,6.94,5.0,1.2,5.0,,-1,1.0,11.0,-1.6496333330000006,0.0,0.40000000000000036,-4.359999999999999,,-5.700000000000001,-0.9769999999999994,0.0,1.0,1.0,0.0
RA-748,2022,M,0,8.084,10.0,9.0,7.5,,9.1,8.25,5.0,9.6,8.6,,-1,0.0,9.0,,,,,,,,,,1.0,0.0
RA-748,2023,M,1,8.7142,9.5,9.7,7.52,7.5,9.1,10.01,5.0,9.0,9.2,,-2,0.0,10.0,0.6302000000000003,-0.5,0.6999999999999993,0.019999999999999574,,0.0,1.7599999999999998,0.0,-1.0,0.0,0.0
RA-749,2022,M,0,7.484,9.5,7.7,7.5,,8.8,7.25,5.0,9.5,8.1,,-1,0.0,9.0,,,,,,,,,,0.0,0.0
RA-749,2023,M,1,7.7597,10.0,9.0,7.52,5.625,7.3,8.425,5.0,7.3,7.3,,-1,0.0,9.0,0.2756999999999996,0.5,1.2999999999999998,0.019999999999999574,,-1.5000000000000009,1.1750000000000007,0.0,0.0,1.0,0.0
RA-75,2022,F,0,3.915,5.4,3.8,6.3,,0.0,4.625,5.0,0.0,0.0,,-1,5.0,16.0,,,,,,,,,,,1.0
RA-750,2022,M,3,6.344,9.5,8.9,4.4,,6.8,5.167,5.0,7.1,6.4,,-2,0.0,10.0,,,,,,,,,,0.0,0.0
RA-750,2023,M,4,5.6857,9.5,7.7,3.14,4.375,3.4,6.32,5.0,3.3,3.5,,-2,0.0,11.0,-0.6583000000000006,0.0,-1.2000000000000002,-1.2600000000000002,,-3.4,1.1530000000000005,0.0,0.0,0.0,0.0
RA-751,2022,M,0,5.246,8.5,5.8,7.5,,3.8,6.167,5.0,2.7,4.9,,-2,0.0,11.0,,,,,,,,,,,1.0
RA-752,2022,F,0,8.197,10.0,9.0,7.5,,9.5,8.417,5.0,9.6,9.4,,-2,0.0,11.0,,,,,,,,,,0.0,0.0
RA-752,2023,F,1,8.073825,9.5,9.9,7.52,7.65625,6.4,9.23,5.0,4.8,8.0,,-1,1.0,11.0,-0.12317499999999981,-0.5,0.9000000000000004,0.019999999999999574,,-3.0999999999999996,0.8130000000000006,0.0,1.0,0.0,0.0
RA-753,2022,F,0,8.481,9.5,8.6,7.5,,9.1,8.417,10.0,9.4,8.8,,0,0.0,8.0,,,,,,,,,,1.0,0.0
RA-753,2023,F,1,8.6672,9.0,9.9,7.52,7.5,9.0,9.925,5.0,9.0,9.0,,-1,0.0,9.0,0.18619999999999948,-0.5,1.3000000000000007,0.019999999999999574,,-0.09999999999999964,1.508000000000001,-5.0,-1.0,0.0,0.0
RA-754,2022,M,0,6.602,10.0,5.8,4.4,,7.9,6.917,5.0,7.8,8.1,,-1,0.0,9.0,,,,,,,,,,1.0,0.0
RA-754,2023,M,1,6.0537,9.5,6.1,2.52,6.875,5.6,6.67,5.0,5.7,5.4,,-2,0.0,10.0,-0.5483000000000002,-0.5,0.2999999999999998,-1.8800000000000003,,-2.3000000000000007,-0.2469999999999999,0.0,-1.0,0.0,0.0
RA-755,2022,M,0,8.566,9.5,9.2,6.9,,9.5,8.083,10.0,9.8,9.3,,0,0.0,8.0,,,,,,,,,,1.0,0.0
RA-755,2023,M,1,8.7442,10.0,9.5,7.52,7.5,9.2,10.01,5.0,9.2,9.2,,-1,0.0,9.0,0.17819999999999858,0.5,0.3000000000000007,0.6199999999999992,,-0.3000000000000007,1.9269999999999996,-5.0,-1.0,0.0,0.0
RA-756,2022,M,0,6.976,10.0,7.9,7.5,,5.7,7.25,5.0,5.6,5.8,,-1,0.0,9.0,,,,,,,,,,1.0,0.0
RA-756,2023,M,1,7.0927,10.0,8.7,7.52,5.625,6.1,6.59,5.0,5.4,6.8,,-2,0.0,10.0,0.1166999999999998,0.0,0.7999999999999989,0.019999999999999574,,0.39999999999999947,-0.6600000000000001,0.0,-1.0,0.0,0.0
RA-757,2022,F,0,8.26,9.5,9.3,7.5,,9.7,8.5,5.0,9.9,9.6,,-1,0.0,9.0,,,,,,,,,,1.0,0.0
RA-757,2023,F,1,8.6742,9.0,9.6,7.52,7.5,9.3,10.01,5.0,9.5,9.0,,-2,0.0,10.0,0.414200000000001,-0.5,0.29999999999999893,0.019999999999999574,,-0.3999999999999986,1.5099999999999998,0.0,-1.0,0.0,0.0
RA-758,2022,M,0,7.911,9.0,9.1,7.5,,8.1,8.333,5.0,8.0,8.2,,-1,0.0,9.0,,,,,,,,,,,1.0
RA-759,2022,F,1,7.563,9.0,8.6,7.5,,7.5,7.833,5.0,8.3,6.7,,-2,0.0,10.0,,,,,,,,,,,1.0
RA-76,2022,F,5,9.105,10.0,9.1,8.1,,8.7,9.292,10.0,9.3,8.3,8.4,0,5.0,15.0,,,,,,,,,,0.0,0.0
RA-76,2023,F,6,,10.0,,2.52,,,,10.0,,,,2,7.0,15.0,,0.0,,-5.58,,,,0.0,2.0,0.0,0.0
RA-760,2022,M,1,8.172,9.0,9.2,7.5,,8.8,8.917,5.0,9.3,8.2,,-2,0.0,11.0,,,,,,,,,,0.0,0.0
RA-760,2023,M,2,6.548333333,0.0,8.8,7.52,7.083333333,6.3,7.84,5.0,5.8,6.8,,-1,2.0,12.0,-1.6236666670000002,-9.0,-0.3999999999999986,0.019999999999999574,,-2.500000000000001,-1.077,0.0,1.0,0.0,0.0
RA-761,2022,M,0,8.06,10.0,9.4,7.5,,8.2,8.25,5.0,8.8,7.5,,-1,0.0,9.0,,,,,,,,,,0.0,0.0
RA-761,2023,M,1,8.219533333,9.0,9.7,7.52,8.333333333,8.4,8.12,5.0,8.7,8.0,,-1,1.0,10.0,0.15953333299999883,-1.0,0.29999999999999893,0.019999999999999574,,0.20000000000000107,-0.13000000000000078,0.0,0.0,0.0,0.0
RA-762,2022,M,0,7.28,10.0,9.7,7.5,,6.7,7.083,2.5,7.3,6.0,,-3,0.0,12.0,,,,,,,,,,0.0,0.0
RA-762,2023,M,1,7.09945,10.0,9.1,3.14,7.8125,5.8,7.67,5.0,6.2,5.3,,-2,1.0,13.0,-0.1805500000000002,0.0,-0.5999999999999996,-4.359999999999999,,-0.9000000000000004,0.5869999999999997,2.5,1.0,0.0,0.0
RA-763,2022,F,1,7.402,9.5,9.7,7.5,,6.5,7.167,5.0,6.3,6.7,,-2,0.0,10.0,,,,,,,,,,0.0,0.0
RA-763,2023,F,2,6.7215,0.0,9.2,3.14,6.875,7.9,9.0,5.0,7.8,8.0,,-2,0.0,10.0,-0.6805000000000003,-9.5,-0.5,-4.359999999999999,,1.4000000000000004,1.8330000000000002,0.0,0.0,0.0,0.0
RA-764,2022,M,0,8.004,9.0,8.8,7.5,,7.5,7.667,10.0,7.2,7.8,,0,0.0,8.0,,,,,,,,,,0.0,0.0
RA-764,2023,M,1,7.682125,0.0,9.2,7.52,8.28125,7.8,8.56,10.0,6.0,9.5,,0,1.0,9.0,-0.32187499999999947,-9.0,0.3999999999999986,0.019999999999999574,,0.2999999999999998,0.8930000000000007,0.0,0.0,0.0,0.0
RA-765,2022,M,0,6.902,8.5,9.3,7.5,,4.3,7.417,5.0,5.0,3.7,,-1,0.0,9.0,,,,,,,,,,,1.0
RA-766,2022,F,2,8.185,10.0,9.5,7.5,,8.7,8.333,5.0,8.5,8.8,,-2,0.0,11.0,,,,,,,,,,0.0,0.0
RA-766,2023,F,3,8.008408333,10.0,8.7,4.39,9.21875,8.7,8.336666667,5.0,9.2,8.2,,-1,1.0,11.0,-0.17659166700000029,0.0,-0.8000000000000007,-3.1100000000000003,,0.0,0.0036666669999991797,0.0,1.0,,1.0
RA-767,2022,M,1,7.511,9.5,9.0,7.5,,7.0,7.583,5.0,7.3,6.7,,-2,0.0,10.0,,,,,,,,,,0.0,0.0
RA-767,2023,M,2,7.3807,10.0,8.3,7.52,7.291666667,6.3,7.446666667,5.0,6.5,6.0,,-1,1.0,11.0,-0.13030000000000008,0.5,-0.6999999999999993,0.019999999999999574,,-0.7000000000000002,-0.1363333330000005,0.0,1.0,1.0,0.0
RA-768,2022,F,1,7.646,9.0,10.0,7.5,,7.1,7.583,5.0,7.0,7.2,,-2,0.0,10.0,,,,,,,,,,0.0,0.0
RA-768,2023,F,2,8.4042,10.0,9.1,7.52,7.5,7.9,10.01,5.0,8.0,7.8,,-2,0.0,11.0,0.7581999999999995,1.0,-0.9000000000000004,0.019999999999999574,,0.8000000000000007,2.4269999999999996,0.0,0.0,0.0,0.0
RA-769,2022,F,0,7.598,10.0,7.5,7.5,,7.9,8.5,5.0,9.6,6.2,,-1,0.0,9.0,,,,,,,,,,1.0,0.0
RA-769,2023,F,1,7.85345,10.0,9.3,3.77,7.8125,8.0,8.675,5.0,8.2,7.8,,-2,0.0,10.0,0.25544999999999973,0.0,1.8000000000000007,-3.73,,0.09999999999999964,0.1750000000000007,0.0,-1.0,0.0,0.0
RA-77,2022,M,3,3.846,7.1,2.7,5.0,,0.7,4.625,5.0,0.3,1.8,0.0,-1,5.0,16.0,,,,,,,,,,,1.0
RA-770,2022,M,0,8.143,9.5,8.9,7.5,,8.3,7.333,10.0,8.5,8.1,,0,0.0,7.0,,,,,,,,,,0.0,0.0
RA-770,2023,M,1,6.6785,0.0,8.3,3.77,6.875,5.9,8.92,10.0,6.0,5.7,,0,0.0,8.0,-1.464500000000001,-9.5,-0.5999999999999996,-3.73,,-2.4000000000000004,1.5869999999999997,0.0,0.0,1.0,0.0
RA-771,2022,F,0,7.873,10.0,8.3,7.5,,7.0,7.5,10.0,7.2,6.9,,0,0.0,7.0,,,,,,,,,,0.0,0.0
RA-771,2023,F,1,7.056,0.0,8.8,3.14,6.25,8.2,8.585,10.0,8.2,8.2,,0,0.0,7.0,-0.8170000000000002,-10.0,0.5,-4.359999999999999,,1.1999999999999993,1.0850000000000009,0.0,0.0,1.0,0.0
RA-772,2022,M,1,6.994,9.0,5.4,7.5,,9.2,7.25,5.0,9.3,9.2,,-2,0.0,11.0,,,,,,,,,,0.0,0.0
RA-772,2023,M,2,5.930166667,0.0,7.2,7.52,6.875,4.8,8.003333333,5.0,5.2,4.3,,-2,1.0,12.0,-1.0638333329999998,-9.0,1.7999999999999998,0.019999999999999574,,-4.3999999999999995,0.7533333330000005,0.0,0.0,,1.0
RA-773,2022,F,0,6.922,10.0,6.8,5.0,,8.1,7.083,5.0,9.3,6.8,,-1,0.0,9.0,,,,,,,,,,0.0,0.0
RA-773,2023,F,1,6.9287,10.0,7.5,2.52,5.625,7.9,7.67,5.0,8.0,7.8,,-1,0.0,9.0,0.006700000000000372,0.0,0.7000000000000002,-2.48,,-0.1999999999999993,0.5869999999999997,0.0,0.0,1.0,0.0
RA-774,2022,F,0,7.587,10.0,7.8,7.5,,6.1,7.417,10.0,7.8,4.4,,0,0.0,8.0,,,,,,,,,,1.0,0.0
RA-774,2023,F,1,5.852,0.0,9.5,3.14,5.0,6.9,6.34,5.0,7.7,6.0,,-1,0.0,9.0,-1.7349999999999994,-10.0,1.7000000000000002,-4.359999999999999,,0.8000000000000007,-1.077,-5.0,-1.0,0.0,0.0
RA-775,2022,M,1,5.79,7.9,5.7,4.4,,5.7,6.417,5.0,5.5,5.8,,-2,0.0,10.0,,,,,,,,,,,1.0
RA-776,2022,F,0,3.898,0.0,4.3,4.4,,1.7,6.333,5.0,0.0,3.3,,-1,0.0,9.0,,,,,,,,,,0.0,0.0
RA-776,2023,F,1,5.567916667,0.0,7.0,7.52,7.8125,3.5,7.223333333,5.0,4.2,2.7,,-1,1.0,10.0,1.6699166670000003,0.0,2.7,3.119999999999999,,1.8,0.8903333330000001,0.0,0.0,0.0,0.0
RA-777,2022,M,0,7.096,8.0,7.7,7.5,,5.3,7.0,10.0,6.5,4.0,,0,0.0,8.0,,,,,,,,,,0.0,0.0
RA-777,2023,F,1,7.468125,0.0,9.3,7.52,8.28125,6.3,8.84,10.0,5.3,7.3,,0,1.0,9.0,0.3721249999999996,-8.0,1.6000000000000005,0.019999999999999574,,1.0,1.8399999999999999,0.0,0.0,0.0,0.0
RA-778,2022,F,1,7.432,10.0,6.7,7.5,,7.1,8.833,5.0,6.0,8.2,,-1,0.0,9.0,,,,,,,,,,0.0,0.0
RA-778,2023,F,2,7.926825,8.5,7.9,7.52,8.90625,8.2,8.62,5.0,7.3,9.0,,-1,1.0,10.0,0.4948249999999996,-1.5,1.2000000000000002,0.019999999999999574,,1.0999999999999996,-0.21300000000000097,0.0,0.0,0.0,0.0
RA-779,2022,M,0,5.702,9.5,5.0,7.5,,2.6,7.083,5.0,2.2,3.0,,-2,0.0,10.0,,,,,,,,,,,1.0
RA-78,2022,M,4,7.04,8.3,6.6,5.6,,7.2,8.0,5.0,8.7,5.7,7.3,-2,5.0,17.0,,,,,,,,,,0.0,0.0
RA-78,2023,F,5,6.434625,0.0,7.7,6.26,8.28125,6.7,8.0025,5.0,8.5,4.8,6.8,-2,6.0,18.0,-0.6053750000000004,-8.3,1.1000000000000005,0.6600000000000001,,-0.5,0.0024999999999995026,0.0,0.0,0.0,0.0
RA-780,2022,F,0,6.955,8.0,7.6,7.5,,6.9,7.167,5.0,6.3,7.5,,-1,0.0,9.0,,,,,,,,,,1.0,0.0
RA-780,2023,F,1,7.7842,9.5,8.8,3.14,8.75,8.3,8.675,5.0,8.0,8.5,,-2,0.0,10.0,0.8292000000000002,1.5,1.200000000000001,-4.359999999999999,,1.4000000000000004,1.508000000000001,0.0,-1.0,0.0,0.0
RA-781,2022,F,1,7.786,10.0,8.9,7.5,,8.3,7.75,5.0,8.0,8.5,,-1,0.0,9.0,,,,,,,,,,0.0,0.0
RA-781,2023,F,2,8.209283333,7.5,9.8,7.52,8.4375,7.9,9.116666667,5.0,7.0,8.8,,-1,1.0,10.0,0.42328333300000054,-2.5,0.9000000000000004,0.019999999999999574,,-0.40000000000000036,1.3666666670000005,0.0,0.0,0.0,0.0
RA-782,2022,M,0,7.485,9.5,8.4,7.5,,6.0,7.0,10.0,5.7,6.3,,0,0.0,8.0,,,,,,,,,,1.0,0.0
RA-782,2023,M,1,7.6812,8.5,9.8,2.52,7.5,7.5,9.345,5.0,8.3,6.7,,-1,0.0,9.0,0.19619999999999926,-1.0,1.4000000000000004,-4.98,,1.5,2.3450000000000006,-5.0,-1.0,0.0,0.0
RA-783,2022,M,1,6.996,9.5,5.8,7.5,,6.0,6.917,10.0,4.7,7.3,,0,0.0,8.0,,,,,,,,,,1.0,0.0
RA-783,2023,M,2,7.2922,9.5,6.8,3.77,7.5,8.9,7.925,5.0,9.0,8.7,,-1,0.0,9.0,0.2961999999999998,0.0,1.0,-3.73,,2.9000000000000004,1.008,-5.0,-1.0,,1.0
RA-784,2022,M,0,8.34,9.5,10.0,7.5,,8.2,9.25,5.0,7.8,8.5,,-1,0.0,9.0,,,,,,,,,,0.0,0.0
RA-784,2023,F,1,8.171366667,10.0,9.5,7.52,8.125,7.3,8.783333333,5.0,6.5,8.0,,-1,1.0,10.0,-0.16863333300000072,0.5,-0.5,0.019999999999999574,,-0.8999999999999995,-0.46666666700000015,0.0,0.0,0.0,0.0
RA-785,2022,F,0,7.642,9.0,8.6,7.5,,8.4,7.667,5.0,8.8,8.0,,-1,0.0,9.0,,,,,,,,,,0.0,0.0
RA-785,2023,F,1,8.137866667,9.0,8.5,7.52,7.916666667,8.8,8.67,5.0,8.2,9.4,,-1,1.0,10.0,0.4958666670000005,0.0,-0.09999999999999964,0.019999999999999574,,0.40000000000000036,1.0030000000000001,0.0,0.0,0.0,0.0
RA-786,2022,M,3,7.004,9.0,9.5,5.6,,6.1,7.167,5.0,6.3,5.8,,-2,0.0,11.0,,,,,,,,,,,1.0
RA-787,2022,M,0,7.205,8.5,9.5,7.5,,3.4,7.25,10.0,4.2,2.7,,0,0.0,8.0,,,,,,,,,,1.0,0.0
RA-787,2023,M,1,7.5227,9.0,9.8,7.52,5.625,5.9,8.34,5.0,6.0,5.8,,-1,0.0,9.0,0.3177000000000003,0.5,0.3000000000000007,0.019999999999999574,,2.5000000000000004,1.0899999999999999,-5.0,-1.0,0.0,0.0
RA-788,2022,M,1,8.264,10.0,9.3,5.6,,8.0,8.667,10.0,7.8,8.2,,0,0.0,8.0,,,,,,,,,,0.0,0.0
RA-788,2023,M,2,7.806091667,7.9,9.8,2.52,7.65625,6.9,8.283333333,10.0,6.0,7.8,,0,1.0,9.0,-0.4579083329999998,-2.0999999999999996,0.5,-3.0799999999999996,,-1.0999999999999996,-0.38366666699999996,0.0,0.0,0.0,0.0
RA-789,2022,F,0,7.405,9.0,9.4,7.5,,4.2,7.417,10.0,3.7,4.7,,0,0.0,7.0,,,,,,,,,,0.0,0.0
RA-789,2023,F,1,7.974,0.0,9.5,7.52,7.5,7.9,10.01,10.0,8.5,7.2,,0,0.0,8.0,0.569,-9.0,0.09999999999999964,0.019999999999999574,,3.7,2.593,0.0,0.0,0.0,0.0
RA-79,2022,F,4,6.847,5.4,6.3,5.6,,8.9,7.292,5.0,9.5,7.7,9.5,-1,5.0,16.0,,,,,,,,,,0.0,0.0
RA-79,2023,F,5,6.635883333,5.8,6.2,5.0,7.8125,7.6,7.59,5.0,6.0,7.7,9.0,-1,6.0,17.0,-0.21111666700000065,0.39999999999999947,-0.09999999999999964,-0.5999999999999996,,-1.3000000000000007,0.29800000000000004,0.0,0.0,,1.0
RA-790,2022,F,0,7.504,9.0,8.9,7.5,,7.8,7.417,5.0,8.5,7.2,,-2,0.0,11.0,,,,,,,,,,0.0,0.0
RA-790,2023,M,1,6.707666667,0.0,8.1,7.52,7.083333333,7.4,8.286666667,5.0,7.2,7.5,,-2,1.0,12.0,-0.7963333329999998,-9.0,-0.8000000000000007,0.019999999999999574,,-0.39999999999999947,0.8696666670000006,0.0,0.0,0.0,0.0
RA-791,2022,F,0,7.507,9.5,8.7,7.5,,6.5,8.5,5.0,6.3,6.7,,-2,0.0,11.0,,,,,,,,,,0.0,0.0
RA-791,2023,F,1,6.247916667,0.0,8.1,7.52,7.8125,5.3,7.723333333,5.0,6.0,4.5,,-2,1.0,12.0,-1.2590833329999995,-9.5,-0.5999999999999996,0.019999999999999574,,-1.2000000000000002,-0.7766666669999998,0.0,0.0,,1.0
RA-792,2022,F,0,7.025,9.5,8.0,7.5,,6.2,7.167,5.0,6.5,5.8,,-1,0.0,9.0,,,,,,,,,,1.0,0.0
RA-792,2023,F,1,7.6267,9.0,7.7,7.52,6.875,7.2,9.085,5.0,6.8,7.5,,-2,0.0,10.0,0.6016999999999992,-0.5,-0.2999999999999998,0.019999999999999574,,1.0,1.918000000000001,0.0,-1.0,0.0,0.0
RA-793,2022,M,0,6.894,9.5,7.6,7.5,,6.0,7.333,5.0,6.0,6.0,,-2,0.0,10.0,,,,,,,,,,,1.0
RA-794,2022,F,0,7.335,9.5,8.9,7.5,,4.1,7.333,10.0,3.7,4.5,,0,0.0,8.0,,,,,,,,,,1.0,0.0
RA-794,2023,F,1,7.9842,9.0,9.2,7.52,7.5,6.2,10.01,5.0,5.2,7.2,,-1,0.0,9.0,0.6492000000000004,-0.5,0.29999999999999893,0.019999999999999574,,2.1000000000000005,2.6769999999999996,-5.0,-1.0,0.0,0.0
RA-795,2022,F,0,8.064,9.0,9.7,7.5,,7.3,7.333,10.0,8.0,6.5,,0,0.0,8.0,,,,,,,,,,1.0,0.0
RA-795,2023,F,1,8.4642,9.0,9.6,7.52,7.5,8.2,10.01,5.0,8.7,7.7,,-1,0.0,9.0,0.4001999999999999,0.0,-0.09999999999999964,0.019999999999999574,,0.8999999999999995,2.6769999999999996,-5.0,-1.0,0.0,0.0
RA-796,2022,F,0,7.232,9.5,9.3,7.5,,5.4,7.667,5.0,5.8,5.0,,-2,0.0,10.0,,,,,,,,,,0.0,0.0
RA-796,2023,F,1,7.462866667,9.0,9.8,6.27,7.083333333,5.5,8.336666667,5.0,5.0,6.0,,-1,1.0,11.0,0.23086666699999991,-0.5,0.5,-1.2300000000000004,,0.09999999999999964,0.6696666669999995,0.0,1.0,0.0,0.0
RA-797,2022,M,1,7.217,9.0,8.5,7.5,,7.3,7.5,5.0,8.2,6.5,,-2,0.0,10.0,,,,,,,,,,0.0,0.0
RA-797,2023,M,2,7.373033333,8.5,8.6,7.52,6.041666667,7.5,7.233333333,5.0,7.0,8.0,,-1,1.0,11.0,0.15603333300000077,-0.5,0.09999999999999964,0.019999999999999574,,0.20000000000000018,-0.26666666699999997,0.0,1.0,0.0,0.0
RA-798,2022,M,0,7.049,8.0,8.3,7.5,,6.3,7.667,5.0,7.0,5.7,,-2,0.0,10.0,,,,,,,,,,0.0,0.0
RA-798,2023,M,1,7.018033333,9.0,8.1,7.52,6.458333333,6.1,6.95,5.0,4.3,7.8,,-1,1.0,11.0,-0.030966667000000392,1.0,-0.20000000000000107,0.019999999999999574,,-0.20000000000000018,-0.7169999999999996,0.0,1.0,0.0,0.0
RA-799,2022,F,0,7.676,8.0,9.6,7.5,,7.8,7.917,5.0,8.5,7.2,,-2,0.0,10.0,,,,,,,,,,0.0,0.0
RA-799,2023,F,1,8.061533333,9.5,9.6,5.64,8.333333333,8.3,8.17,5.0,7.8,8.8,,-1,1.0,10.0,0.3855333329999997,1.5,0.0,-1.8600000000000003,,0.5000000000000009,0.2530000000000001,0.0,1.0,0.0,0.0
RA-8,2022,F,4,4.786,7.1,4.6,6.3,,1.6,6.278,5.0,1.2,0.7,2.9,-1,7.0,20.0,,,,,,,,,,,1.0
RA-80,2022,F,5,7.29,9.2,8.3,5.0,,7.1,7.625,5.0,6.5,7.7,7.3,-1,5.0,16.0,,,,,,,,,,0.0,0.0
RA-80,2023,F,6,7.252275,8.3,8.4,6.89,7.96875,6.3,7.465,5.0,8.2,5.7,5.0,-1,6.0,17.0,-0.03772500000000001,-0.8999999999999986,0.09999999999999964,1.8899999999999997,,-0.7999999999999998,-0.16000000000000014,0.0,0.0,0.0,0.0
RA-800,2022,M,0,6.818,8.0,5.4,7.5,,6.1,7.5,10.0,6.3,5.8,,0,0.0,8.0,,,,,,,,,,,1.0
RA-801,2022,M,0,6.644,7.0,6.6,7.5,,6.8,7.5,5.0,7.2,6.3,,-1,0.0,9.0,,,,,,,,,,0.0,0.0
RA-801,2023,M,1,6.8735,0.0,7.5,7.52,6.875,7.6,7.12,10.0,6.8,8.3,,0,1.0,9.0,0.22949999999999982,-7.0,0.9000000000000004,0.019999999999999574,,0.7999999999999998,-0.3799999999999999,5.0,1.0,1.0,0.0
RA-802,2022,M,1,7.831,9.0,9.0,7.5,,8.3,8.333,5.0,9.0,7.5,,-1,0.0,9.0,,,,,,,,,,0.0,0.0
RA-802,2023,M,2,8.126866667,8.0,9.3,7.52,8.333333333,9.4,7.506666667,5.0,9.3,9.5,,-1,1.0,10.0,0.2958666669999994,-1.0,0.3000000000000007,0.019999999999999574,,1.0999999999999996,-0.826333333,0.0,0.0,0.0,0.0
RA-803,2022,F,0,6.98,10.0,7.2,7.5,,6.3,7.417,5.0,6.5,6.0,,-2,0.0,10.0,,,,,,,,,,,1.0
RA-804,2022,M,0,6.848,10.0,8.4,6.3,,4.8,7.667,5.0,5.5,4.0,,-2,0.0,10.0,,,,,,,,,,0.0,0.0
RA-804,2023,M,1,7.2352,10.0,8.6,6.27,5.833333333,6.9,7.173333333,5.0,6.2,7.5,,-1,1.0,11.0,0.3872,0.0,0.1999999999999993,-0.03000000000000025,,2.1000000000000005,-0.4936666669999994,0.0,1.0,,1.0
RA-805,2022,M,1,8.279,9.5,9.0,7.5,,8.8,7.333,10.0,8.7,8.9,,0,0.0,8.0,,,,,,,,,,1.0,0.0
RA-805,2023,M,2,6.492,0.0,9.1,7.52,6.25,6.8,7.175,5.0,6.8,6.8,,-1,0.0,9.0,-1.787,-9.5,0.09999999999999964,0.019999999999999574,,-2.000000000000001,-0.15800000000000036,-5.0,-1.0,0.0,0.0
RA-806,2022,M,0,7.561,9.5,7.3,7.5,,6.6,7.917,10.0,5.0,8.2,,0,0.0,8.0,,,,,,,,,,1.0,0.0
RA-806,2023,M,1,7.2937,8.5,8.3,6.27,6.875,7.8,7.095,5.0,7.8,7.7,,-1,0.0,9.0,-0.26729999999999965,-1.0,1.0000000000000009,-1.2300000000000004,,1.2000000000000002,-0.8220000000000001,-5.0,-1.0,0.0,0.0
RA-807,2022,M,0,8.121,9.5,8.7,6.3,,9.0,7.5,10.0,9.5,8.6,,0,0.0,8.0,,,,,,,,,,1.0,0.0
RA-807,2023,M,1,7.8632,9.5,9.1,7.52,6.25,8.0,8.08,5.0,8.3,7.7,,-1,0.0,9.0,-0.2578000000000005,0.0,0.40000000000000036,1.2199999999999998,,-1.0,0.5800000000000001,-5.0,-1.0,0.0,0.0
RA-808,2022,M,0,8.361,10.0,9.1,6.3,,9.3,8.0,10.0,9.7,8.8,,0,0.0,8.0,,,,,,,,,,1.0,0.0
RA-808,2023,M,1,8.1932,10.0,10.0,2.52,7.5,8.7,9.755,5.0,8.7,8.7,,-1,0.0,9.0,-0.1678000000000015,0.0,0.9000000000000004,-3.78,,-0.6000000000000014,1.7550000000000008,-5.0,-1.0,0.0,0.0
RA-809,2022,M,0,7.259,10.0,6.6,6.3,,6.3,7.417,10.0,5.5,7.1,,0,0.0,7.0,,,,,,,,,,,1.0
RA-81,2022,F,5,7.675,9.2,9.2,5.0,,6.0,7.458,10.0,5.5,5.2,7.3,1,5.0,14.0,,,,,,,,,,1.0,0.0
RA-81,2023,F,6,7.45425,9.6,8.8,2.52,7.8125,6.3,7.2125,10.0,8.7,4.7,5.5,0,5.0,15.0,-0.22074999999999978,0.40000000000000036,-0.3999999999999986,-2.48,,0.2999999999999998,-0.24549999999999983,0.0,-1.0,0.0,0.0
RA-810,2022,M,1,7.887,8.5,9.1,5.0,,9.6,7.25,10.0,9.7,9.5,,0,0.0,8.0,,,,,,,,,,0.0,0.0
RA-810,2023,M,2,7.782866667,8.0,8.5,7.52,5.833333333,6.9,7.836666667,10.0,6.3,7.5,,0,1.0,9.0,-0.10413333299999916,-0.5,-0.5999999999999996,2.5199999999999996,,-2.6999999999999993,0.5866666670000003,0.0,0.0,1.0,0.0
RA-811,2022,F,1,6.575,8.9,5.7,5.6,,7.3,7.667,5.0,8.9,5.7,,-1,0.0,9.0,,,,,,,,,,,1.0
RA-812,2022,M,0,7.497,9.0,8.1,5.6,,7.4,7.333,10.0,8.3,6.6,,0,0.0,8.0,,,,,,,,,,0.0,0.0
RA-812,2023,M,1,8.0357,9.5,9.1,7.52,6.875,5.8,8.33,10.0,6.3,5.3,,0,0.0,8.0,0.5387000000000004,0.5,1.0,1.92,,-1.6000000000000005,0.9969999999999999,0.0,0.0,,1.0
RA-813,2022,M,0,7.093,9.5,6.5,6.9,,6.0,7.417,10.0,6.7,5.3,,0,0.0,8.0,,,,,,,,,,0.0,0.0
RA-813,2023,M,1,7.5867,9.5,8.4,7.52,8.125,3.9,8.06,10.0,2.3,5.5,,0,1.0,9.0,0.49370000000000047,0.0,1.9000000000000004,0.6199999999999992,,-2.1,0.6430000000000007,0.0,0.0,,1.0
RA-814,2022,M,0,7.592,8.9,9.0,6.9,,7.5,8.417,5.0,7.8,7.2,,-1,0.0,9.0,,,,,,,,,,0.0,0.0
RA-814,2023,M,1,8.367866667,9.5,9.6,6.89,8.333333333,8.2,9.226666667,5.0,7.8,8.5,,-1,1.0,10.0,0.7758666669999998,0.5999999999999996,0.5999999999999996,-0.010000000000000675,,0.6999999999999993,0.8096666670000001,0.0,0.0,0.0,0.0
RA-815,2022,M,0,6.81,10.0,7.9,5.6,,6.5,7.0,5.0,7.7,5.3,,-1,0.0,9.0,,,,,,,,,,0.0,0.0
RA-815,2023,M,1,6.122166667,0.0,8.6,5.02,6.875,6.5,7.063333333,5.0,7.0,6.0,,-1,1.0,10.0,-0.6878333329999995,-10.0,0.6999999999999993,-0.5800000000000001,,0.0,0.0633333330000001,0.0,0.0,,1.0
RA-816,2022,F,0,8.513,10.0,9.3,7.5,,9.6,9.417,5.0,9.5,9.7,,-1,0.0,9.0,,,,,,,,,,0.0,0.0
RA-816,2023,F,1,8.5572,7.5,9.8,7.52,9.583333333,8.9,9.283333333,5.0,7.8,10.0,,-1,1.0,10.0,0.04420000000000002,-2.5,0.5,0.019999999999999574,,-0.6999999999999993,-0.13366666699999996,0.0,0.0,0.0,0.0
RA-817,2022,F,0,7.819,10.0,8.7,6.3,,7.1,7.417,10.0,7.7,6.5,,0,0.0,8.0,,,,,,,,,,0.0,0.0
RA-817,2023,F,1,7.8597,9.5,8.8,6.89,8.125,5.4,7.89,10.0,5.0,5.7,,0,1.0,9.0,0.04070000000000018,-0.5,0.10000000000000142,0.5899999999999999,,-1.6999999999999993,0.47299999999999986,0.0,0.0,,1.0
RA-818,2022,M,0,7.483,9.5,7.3,7.5,,6.2,7.5,10.0,6.5,5.8,,0,0.0,7.0,,,,,,,,,,0.0,0.0
RA-818,2023,M,1,7.997366667,10.0,8.4,7.52,8.125,6.2,7.613333333,10.0,5.5,6.8,,1,1.0,8.0,0.514366667,0.5,1.1000000000000005,0.019999999999999574,,0.0,0.11333333299999993,0.0,1.0,,1.0
RA-819,2022,M,0,7.741,10.0,7.9,7.5,,7.3,7.333,10.0,8.0,6.5,,0,0.0,8.0,,,,,,,,,,0.0,0.0
RA-819,2023,M,1,7.944833333,0.0,8.3,7.52,8.541666667,9.5,8.893333333,10.0,9.7,9.3,,0,1.0,9.0,0.2038333330000004,-10.0,0.40000000000000036,0.019999999999999574,,2.2,1.560333332999999,0.0,0.0,0.0,0.0
RA-82,2022,F,0,6.596,8.8,6.8,7.5,,5.5,6.417,5.0,6.0,5.0,,-2,5.0,17.0,,,,,,,,,,,1.0
RA-820,2022,M,0,7.417,9.5,10.0,6.9,,6.0,7.583,5.0,7.7,4.3,,-1,0.0,9.0,,,,,,,,,,0.0,0.0
RA-820,2023,M,1,7.85605,7.9,7.4,7.52,9.0625,8.9,8.28,5.0,9.2,8.5,,-1,1.0,10.0,0.43904999999999994,-1.5999999999999996,-2.5999999999999996,0.6199999999999992,,2.9000000000000004,0.6969999999999992,0.0,0.0,0.0,0.0
RA-821,2022,M,0,6.342,9.0,7.0,7.5,,4.6,6.917,5.0,5.2,4.0,,-2,0.0,10.0,,,,,,,,,,,0.0
RA-822,2022,M,0,6.922,8.0,8.4,7.5,,6.1,7.083,5.0,6.5,5.7,,-2,0.0,10.0,,,,,,,,,,0.0,0.0
RA-822,2023,M,1,6.4497,8.5,8.4,2.52,5.625,7.1,5.925,5.0,8.0,6.2,,-2,0.0,11.0,-0.4722999999999997,0.5,0.0,-4.98,,1.0,-1.1580000000000004,0.0,0.0,0.0,0.0
RA-823,2022,F,1,5.989,10.0,6.0,7.5,,2.8,7.167,5.0,4.0,1.7,,-2,0.0,10.0,,,,,,,,,,,1.0
RA-824,2022,M,0,6.799,10.0,4.4,6.9,,6.0,7.333,10.0,7.0,5.0,,0,0.0,8.0,,,,,,,,,,,1.0
RA-825,2022,F,1,7.25,7.5,8.2,6.9,,7.6,7.917,5.0,8.3,6.8,,-1,0.0,9.0,,,,,,,,,,,1.0
RA-826,2022,M,0,7.776,9.5,9.6,7.5,,5.4,7.5,10.0,4.3,6.5,,0,0.0,8.0,,,,,,,,,,1.0,0.0
RA-826,2023,M,1,7.77645,10.0,10.0,3.77,7.8125,7.3,8.34,5.0,7.0,7.5,,-1,0.0,9.0,0.0004499999999998394,0.5,0.40000000000000036,-3.73,,1.8999999999999995,0.8399999999999999,-5.0,-1.0,0.0,0.0
RA-827,2022,F,0,7.412,9.5,7.0,7.5,,7.6,8.667,5.0,7.7,7.5,,-2,0.0,10.0,,,,,,,,,,0.0,0.0
RA-827,2023,F,1,7.419925,7.9,8.1,3.14,8.28125,8.1,8.73,5.0,7.7,8.5,,-1,1.0,11.0,0.007925000000000182,-1.5999999999999996,1.0999999999999996,-4.359999999999999,,0.5,0.06300000000000061,0.0,1.0,0.0,0.0
RA-828,2022,F,0,7.139,9.5,7.1,7.5,,6.9,7.833,5.0,7.3,6.5,,-1,0.0,9.0,,,,,,,,,,,1.0
RA-829,2022,F,0,8.003,9.0,8.6,7.5,,7.8,7.5,10.0,8.2,7.5,,0,0.0,8.0,,,,,,,,,,0.0,0.0
RA-829,2023,F,1,8.532075,9.0,9.4,3.14,9.21875,8.4,9.23,10.0,7.5,9.2,,0,1.0,9.0,0.5290750000000006,0.0,0.8000000000000007,-4.359999999999999,,0.6000000000000005,1.7300000000000004,0.0,0.0,0.0,0.0
RA-83,2022,F,0,6.671,7.9,6.8,7.5,,6.8,5.958,5.0,6.0,7.5,,-2,5.0,17.0,,,,,,,,,,,1.0
RA-830,2022,F,0,7.234,10.0,8.6,7.5,,6.0,7.5,5.0,5.8,6.2,,-1,0.0,9.0,,,,,,,,,,0.0,0.0
RA-830,2023,F,1,6.78,0.0,8.9,3.14,6.25,8.3,9.505,5.0,8.3,8.3,,-1,0.0,9.0,-0.45399999999999974,-10.0,0.3000000000000007,-4.359999999999999,,2.3000000000000007,2.005000000000001,0.0,0.0,0.0,0.0
RA-831,2022,M,0,7.41,9.5,9.2,7.5,,7.2,7.167,5.0,7.3,7.0,,-1,0.0,9.0,,,,,,,,,,0.0,0.0
RA-831,2023,M,1,7.71645,8.0,9.4,3.77,7.8125,8.3,8.59,5.0,8.8,7.8,,-1,0.0,9.0,0.3064499999999999,-1.5,0.20000000000000107,-3.73,,1.1000000000000005,1.423,0.0,0.0,0.0,0.0
RA-832,2022,M,0,8.179,10.0,9.2,7.5,,8.8,8.833,5.0,8.8,8.8,,-1,0.0,9.0,,,,,,,,,,0.0,0.0
RA-832,2023,M,1,8.2697,10.0,9.5,7.52,7.708333333,8.5,8.283333333,5.0,9.2,7.7,,-1,1.0,10.0,0.0907,0.0,0.3000000000000007,0.019999999999999574,,-0.3000000000000007,-0.5496666670000003,0.0,0.0,0.0,0.0
RA-833,2022,M,0,7.791,10.0,9.5,7.5,,7.8,7.583,5.0,8.2,7.5,,-1,0.0,9.0,,,,,,,,,,0.0,0.0
RA-833,2023,M,1,7.81295,10.0,9.5,3.77,8.4375,7.4,8.56,5.0,7.3,7.5,,-1,1.0,10.0,0.02194999999999947,0.0,0.0,-3.73,,-0.39999999999999947,0.9770000000000003,0.0,0.0,0.0,0.0
RA-834,2022,M,0,8.136,9.0,9.0,7.5,,9.0,9.083,5.0,9.2,8.8,,-1,0.0,9.0,,,,,,,,,,0.0,0.0
RA-834,2023,M,1,8.662616667,9.0,9.9,6.27,9.6875,9.2,9.283333333,5.0,9.0,9.3,,-1,1.0,10.0,0.5266166670000008,0.0,0.9000000000000004,-1.2300000000000004,,0.1999999999999993,0.20033333299999967,0.0,0.0,0.0,0.0
RA-835,2022,M,0,7.263,6.9,7.3,7.5,,7.5,6.667,10.0,7.6,7.3,,0,0.0,8.0,,,,,,,,,,0.0,0.0
RA-835,2023,M,1,8.2467,8.0,8.5,7.52,6.875,8.7,7.835,10.0,8.5,8.9,,0,0.0,8.0,0.9837000000000007,1.0999999999999996,1.2000000000000002,0.019999999999999574,,1.1999999999999993,1.1680000000000001,0.0,0.0,,1.0
RA-836,2022,M,0,7.665,8.5,8.3,7.5,,9.2,7.583,5.0,9.0,9.3,,-1,0.0,9.0,,,,,,,,,,1.0,0.0
RA-836,2023,M,1,7.6417,9.5,9.6,6.27,6.875,6.7,8.085,5.0,6.7,6.7,,-2,0.0,10.0,-0.023299999999999876,1.0,1.299999999999999,-1.2300000000000004,,-2.499999999999999,0.5020000000000007,0.0,-1.0,0.0,0.0
RA-837,2022,M,0,8.207,8.5,9.0,7.5,,8.8,7.5,10.0,9.2,8.3,,0,0.0,8.0,,,,,,,,,,0.0,0.0
RA-837,2023,M,1,8.2712,9.0,9.3,7.52,7.916666667,7.0,7.836666667,10.0,6.3,7.7,,0,1.0,9.0,0.06419999999999959,0.5,0.3000000000000007,0.019999999999999574,,-1.8000000000000007,0.33666666700000025,0.0,0.0,0.0,0.0
RA-838,2022,M,0,7.461,10.0,7.4,7.5,,6.3,9.417,5.0,6.6,5.9,,-1,0.0,9.0,,,,,,,,,,,1.0
RA-839,2022,F,0,5.198,0.0,5.1,7.5,,5.4,6.583,5.0,5.8,5.0,,-1,0.0,9.0,,,,,,,,,,,1.0
RA-84,2022,F,4,6.682,7.1,8.8,5.0,,5.8,6.75,5.0,5.7,6.5,5.2,-2,5.0,17.0,,,,,,,,,,0.0,0.0
RA-84,2023,F,5,6.034416667,0.0,8.8,2.52,7.8125,6.0,7.6725,5.0,6.8,5.8,5.5,-2,6.0,18.0,-0.647583333,-7.1,0.0,-2.48,,0.20000000000000018,0.9225000000000003,0.0,0.0,,1.0
RA-840,2022,M,0,7.875,9.0,8.2,7.5,,7.8,7.5,10.0,9.6,5.9,,0,0.0,8.0,,,,,,,,,,1.0,0.0
RA-840,2023,M,1,7.7862,9.5,9.0,4.38,7.5,8.2,8.59,5.0,8.3,8.0,,-1,0.0,9.0,-0.08879999999999999,0.5,0.8000000000000007,-3.12,,0.39999999999999947,1.0899999999999999,-5.0,-1.0,0.0,0.0
RA-841,2022,M,0,7.3,8.5,8.5,7.5,,7.2,7.5,5.0,8.6,5.8,,-2,0.0,11.0,,,,,,,,,,0.0,0.0
RA-841,2023,M,1,6.78,0.0,7.2,7.52,7.5,6.9,9.84,5.0,6.7,7.0,,-2,0.0,11.0,-0.5199999999999996,-8.5,-1.2999999999999998,0.019999999999999574,,-0.2999999999999998,2.34,0.0,0.0,0.0,0.0
RA-842,2022,F,0,7.952,7.5,8.3,7.5,,9.1,8.25,10.0,9.1,9.1,,0,0.0,8.0,,,,,,,,,,1.0,0.0
RA-842,2023,F,1,7.2117,9.0,8.5,3.77,5.625,7.9,8.01,5.0,8.2,7.5,,-1,0.0,9.0,-0.7402999999999995,1.5,0.1999999999999993,-3.73,,-1.1999999999999993,-0.2400000000000002,-5.0,-1.0,0.0,0.0
RA-843,2022,F,0,8.538,8.5,9.0,7.5,,9.2,8.417,10.0,9.8,8.5,,0,0.0,8.0,,,,,,,,,,,1.0
RA-844,2022,M,0,6.253,0.0,5.0,8.1,,5.9,8.333,10.0,6.0,5.8,,0,0.0,8.0,,,,,,,,,,,1.0
RA-845,2022,F,0,8.491,10.0,8.8,7.5,,8.7,8.417,10.0,9.1,8.3,,0,0.0,8.0,,,,,,,,,,,1.0
RA-846,2022,F,0,7.412,9.0,7.2,7.5,,5.9,7.917,10.0,7.7,4.0,,0,0.0,7.0,,,,,,,,,,0.0,0.0
RA-846,2023,F,1,7.4637,9.5,8.2,3.77,5.625,6.0,8.67,10.0,6.3,5.7,,0,0.0,8.0,0.0517000000000003,0.5,0.9999999999999991,-3.73,,0.09999999999999964,0.7530000000000001,0.0,0.0,,1.0
RA-847,2022,M,0,6.839,7.9,8.2,4.4,,7.7,7.417,5.0,7.8,7.6,,-1,0.0,9.0,,,,,,,,,,1.0,0.0
RA-847,2023,M,1,6.5418,7.9,9.1,2.52,5.0,7.6,5.84,5.0,7.5,7.6,,-2,0.0,10.0,-0.29720000000000013,0.0,0.9000000000000004,-1.8800000000000003,,-0.10000000000000053,-1.577,0.0,-1.0,0.0,0.0
RA-848,2022,M,0,7.488,9.5,7.0,7.5,,9.0,7.833,5.0,9.8,8.1,,-1,0.0,9.0,,,,,,,,,,,1.0
RA-849,2022,M,0,7.369,8.5,8.3,7.5,,9.1,7.417,5.0,9.8,8.3,,-1,0.0,9.0,,,,,,,,,,,1.0
RA-85,2022,M,0,6.243,6.7,7.3,5.0,,4.3,5.833,10.0,5.0,3.5,,0,5.0,15.0,,,,,,,,,,1.0,0.0
RA-85,2023,M,1,7.08435,8.8,8.9,6.27,5.9375,5.7,7.8425,5.0,5.8,3.8,7.5,-1,5.0,16.0,0.8413499999999994,2.1000000000000005,1.6000000000000005,1.2699999999999996,,1.4000000000000004,2.0095,-5.0,-1.0,1.0,0.0
RA-850,2022,M,0,7.641,10.0,7.3,7.5,,8.5,7.167,10.0,8.1,8.8,,0,0.0,8.0,,,,,,,,,,1.0,0.0
RA-850,2023,M,1,6.06525,0.0,7.9,6.26,6.5625,7.3,6.265,5.0,6.8,7.7,,-1,0.0,9.0,-1.5757500000000002,-10.0,0.6000000000000005,-1.2400000000000002,,-1.2000000000000002,-0.9020000000000001,-5.0,-1.0,0.0,0.0
RA-851,2022,M,0,7.515,9.0,7.9,7.5,,8.3,6.583,10.0,7.9,8.7,,0,0.0,8.0,,,,,,,,,,1.0,0.0
RA-851,2023,M,1,6.1683,8.4,7.5,2.52,5.625,6.6,6.01,5.0,6.8,6.3,,-1,0.0,9.0,-1.3466999999999993,-0.5999999999999996,-0.40000000000000036,-4.98,,-1.700000000000001,-0.5730000000000004,-5.0,-1.0,0.0,0.0
RA-852,2022,F,0,5.666,9.0,6.8,5.0,,2.1,5.5,10.0,2.5,1.8,,0,0.0,7.0,,,,,,,,,,,1.0
RA-853,2022,F,0,8.616,10.0,9.6,7.5,,8.5,8.5,10.0,8.8,8.2,,0,0.0,8.0,,,,,,,,,,1.0,0.0
RA-853,2023,F,1,7.8402,10.0,9.5,3.77,6.25,7.4,9.84,5.0,7.2,7.5,,-1,0.0,9.0,-0.7757999999999994,0.0,-0.09999999999999964,-3.73,,-1.0999999999999996,1.3399999999999999,-5.0,-1.0,0.0,0.0
RA-854,2022,F,0,8.098,8.0,9.0,7.5,,9.3,7.167,10.0,9.5,9.0,,0,0.0,8.0,,,,,,,,,,0.0,0.0
RA-854,2023,F,1,6.6415,0.0,9.5,3.77,5.625,6.0,8.01,10.0,7.5,4.5,,0,0.0,8.0,-1.456500000000001,-8.0,0.5,-3.73,,-3.3000000000000007,0.843,0.0,0.0,0.0,0.0
RA-855,2022,F,0,8.453,10.0,9.6,7.5,,9.7,9.0,5.0,9.7,9.6,,-1,0.0,9.0,,,,,,,,,,0.0,0.0
RA-855,2023,F,1,8.62995,9.5,10.0,7.52,8.4375,6.8,8.67,10.0,5.2,8.3,,0,1.0,9.0,0.17694999999999972,-0.5,0.40000000000000036,0.019999999999999574,,-2.8999999999999995,-0.33000000000000007,5.0,1.0,0.0,0.0
RA-856,2022,M,0,8.398,10.0,9.1,7.5,,8.4,8.0,10.0,8.5,8.2,,0,0.0,7.0,,,,,,,,,,0.0,0.0
RA-856,2023,M,1,7.3355,0.0,9.6,7.52,5.625,7.3,8.255,10.0,7.5,7.0,,0,0.0,8.0,-1.0625,-10.0,0.5,0.019999999999999574,,-1.1000000000000005,0.2550000000000008,0.0,0.0,,1.0
RA-857,2022,F,0,8.154,8.5,8.9,7.5,,9.5,9.083,5.0,9.6,9.3,,-1,0.0,9.0,,,,,,,,,,0.0,0.0
RA-857,2023,F,1,8.1442,8.5,9.0,7.52,7.5,8.5,9.01,5.0,8.7,8.2,,-1,0.0,9.0,-0.009800000000000253,0.0,0.09999999999999964,0.019999999999999574,,-1.0,-0.0730000000000004,0.0,0.0,,1.0
RA-858,2022,M,0,7.523,10.0,7.1,5.6,,7.7,7.333,10.0,8.4,6.9,,0,0.0,7.0,,,,,,,,,,0.0,0.0
RA-858,2023,M,1,7.248833333,0.0,8.1,3.77,8.125,9.3,7.946666667,10.0,9.3,9.2,,0,0.0,8.0,-0.27416666699999936,-10.0,1.0,-1.8299999999999996,,1.6000000000000005,0.6136666669999995,0.0,0.0,1.0,0.0
RA-859,2022,F,0,8.325,8.5,8.7,7.5,,8.9,8.25,10.0,9.4,8.4,,0,0.0,7.0,,,,,,,,,,0.0,0.0
RA-859,2023,F,1,8.6042,8.0,9.2,7.52,7.5,7.3,10.01,10.0,6.8,7.8,,0,0.0,8.0,0.2792000000000012,-0.5,0.5,0.019999999999999574,,-1.6000000000000005,1.7599999999999998,0.0,0.0,0.0,0.0
RA-86,2022,M,6,7.566,7.5,9.6,5.6,,6.7,8.458,5.0,6.2,7.2,6.9,-1,5.0,16.0,,,,,,,,,,0.0,0.0
RA-86,2023,M,7,,8.3,,6.89,,,,10.0,,,,0,7.0,17.0,,0.8000000000000007,,1.29,,,,5.0,1.0,0.0,0.0
RA-860,2022,M,0,8.136,9.5,8.5,7.5,,8.1,7.75,10.0,8.9,7.2,,0,0.0,7.0,,,,,,,,,,0.0,0.0
RA-860,2023,M,1,8.2372,7.0,9.8,6.89,7.5,7.4,8.34,10.0,7.2,7.5,,0,0.0,8.0,0.1012000000000004,-2.5,1.3000000000000007,-0.6100000000000003,,-0.6999999999999993,0.5899999999999999,0.0,0.0,0.0,0.0
RA-861,2023,F,0,9.31095,9.5,10.0,8.13,8.4375,9.6,8.92,10.0,9.8,9.4,,0,0.0,8.0,,,,,,,,,,1.0,0.0
RA-862,2023,M,0,8.2212,8.5,9.1,8.14,7.5,8.9,8.585,5.0,8.5,9.2,,-1,0.0,9.0,,,,,,,,,,1.0,0.0
RA-863,2023,M,0,5.92975,0.0,7.6,3.14,5.9375,6.3,6.26,10.0,7.0,5.5,,0,0.0,7.0,,,,,,,,,,1.0,0.0
RA-864,2023,F,0,7.034,0.0,7.6,8.14,7.5,6.3,8.5,10.0,7.0,5.5,,0,0.0,8.0,,,,,,,,,,,1.0
RA-865,2023,M,0,8.1552,8.5,8.7,7.52,7.5,7.4,7.915,10.0,7.3,7.5,,0,0.0,8.0,,,,,,,,,,,1.0
RA-866,2023,F,0,7.679,0.0,8.3,8.76,7.5,8.6,8.415,10.0,8.2,8.9,,0,0.0,7.0,,,,,,,,,,,1.0
RA-867,2023,M,0,8.6992,9.0,8.6,8.76,7.5,8.9,8.415,10.0,8.7,9.0,,0,0.0,8.0,,,,,,,,,,1.0,0.0
RA-868,2023,M,0,8.63895,10.0,9.5,8.76,7.1875,7.1,8.67,10.0,7.8,6.3,,0,0.0,7.0,,,,,,,,,,1.0,0.0
RA-869,2023,F,0,9.2587,9.0,10.0,8.76,8.125,9.6,8.75,10.0,9.8,9.4,,0,0.0,8.0,,,,,,,,,,,1.0
RA-87,2022,M,1,8.712,8.3,9.6,7.5,,8.8,8.5,10.0,8.3,8.0,10.0,0,5.0,15.0,,,,,,,,,,0.0,0.0
RA-87,2023,M,2,8.6625,7.5,10.0,5.63,8.125,9.3,8.385,10.0,9.5,8.7,9.7,0,6.0,16.0,-0.0495000000000001,-0.8000000000000007,0.40000000000000036,-1.87,,0.5,-0.11500000000000021,0.0,0.0,0.0,0.0
RA-870,2023,F,0,4.909,0.0,8.5,8.76,5.0,1.5,5.165,5.0,2.0,1.0,,-1,0.0,9.0,,,,,,,,,,,1.0
RA-871,2023,M,0,6.8617,9.0,9.5,3.76,4.375,6.9,6.84,5.0,6.8,7.0,,-1,0.0,9.0,,,,,,,,,,0.0,0.0
RA-872,2023,F,0,5.267,0.0,6.7,2.52,6.25,4.3,8.5,5.0,5.5,3.0,,-2,0.0,10.0,,,,,,,,,,,1.0
RA-873,2023,F,0,7.8012,8.5,9.7,7.52,6.25,7.0,8.67,5.0,7.2,6.8,,-2,0.0,11.0,,,,,,,,,,0.0,0.0
RA-874,2023,M,0,5.811,0.0,8.2,7.52,6.25,4.8,6.67,5.0,6.3,3.3,,-1,0.0,9.0,,,,,,,,,,0.0,0.0
RA-875,2023,M,0,8.2712,9.5,9.5,7.52,7.5,7.3,9.845,5.0,7.0,7.5,,-1,0.0,9.0,,,,,,,,,,,1.0
RA-876,2023,M,0,8.6492,10.0,9.4,7.52,7.5,7.5,8.835,10.0,7.3,7.7,,0,0.0,8.0,,,,,,,,,,0.0,0.0
RA-877,2023,M,0,7.4722,9.5,9.5,7.52,5.0,6.9,7.5,5.0,7.5,6.2,,-1,0.0,9.0,,,,,,,,,,,1.0
RA-878,2023,M,0,6.24,0.0,9.5,2.52,5.0,8.1,7.34,5.0,8.0,8.2,,-2,0.0,10.0,,,,,,,,,,0.0,0.0
RA-879,2023,F,0,6.8225,0.0,9.8,2.52,6.875,8.2,8.915,5.0,8.2,8.2,,-1,0.0,9.0,,,,,,,,,,0.0,0.0
RA-88,2022,M,1,7.498,7.1,9.2,5.6,,6.5,9.208,5.0,6.8,6.2,6.4,-2,5.0,17.0,,,,,,,,,,0.0,0.0
RA-88,2023,M,2,,,,,,,,10.0,,,,0,8.0,18.0,,,,,,,,5.0,2.0,0.0,0.0
RA-880,2023,F,0,6.724,0.0,9.4,2.52,6.25,6.3,8.585,10.0,6.3,6.2,,0,0.0,7.0,,,,,,,,,,1.0,0.0
RA-881,2023,M,0,7.7322,10.0,8.9,7.52,5.0,7.3,6.25,10.0,7.5,7.0,,0,0.0,8.0,,,,,,,,,,,1.0
RA-882,2023,F,0,6.0092,9.0,8.6,2.52,3.75,4.7,4.16,10.0,4.8,4.5,,0,0.0,8.0,,,,,,,,,,,1.0
RA-883,2023,F,0,8.5082,9.5,9.7,6.89,6.25,8.4,8.17,10.0,8.0,8.7,,0,0.0,8.0,,,,,,,,,,,1.0
RA-884,2023,F,0,8.4587,9.0,9.7,4.39,6.875,8.8,8.66,10.0,8.4,9.2,,0,0.0,7.0,,,,,,,,,,1.0,0.0
RA-885,2023,M,0,8.8252,9.0,9.8,7.52,7.5,8.7,8.665,10.0,8.5,8.8,,0,0.0,7.0,,,,,,,,,,1.0,0.0
RA-886,2023,F,0,8.6422,8.5,9.4,7.52,7.5,8.1,9.0,10.0,7.6,8.5,,0,0.0,7.0,,,,,,,,,,1.0,0.0
RA-887,2023,M,0,8.6718,8.9,8.9,7.52,7.5,8.4,9.09,10.0,7.8,9.0,,0,0.0,8.0,,,,,,,,,,,1.0
RA-888,2023,M,0,8.9182,9.0,10.0,7.52,7.5,8.8,8.83,10.0,8.2,9.3,,0,0.0,7.0,,,,,,,,,,1.0,0.0
RA-889,2023,M,0,8.8092,8.5,9.5,6.89,7.5,9.1,9.0,10.0,8.7,9.5,,0,0.0,8.0,,,,,,,,,,1.0,0.0
RA-89,2022,M,1,7.323,9.6,7.8,7.5,,5.9,8.0,5.0,7.5,5.7,4.7,-1,5.0,16.0,,,,,,,,,,0.0,0.0
RA-89,2023,M,2,6.700775,8.3,8.1,5.0,7.34375,5.1,7.465,5.0,6.3,2.3,6.7,-1,6.0,17.0,-0.6222250000000003,-1.299999999999999,0.2999999999999998,-2.5,,-0.8000000000000007,-0.5350000000000001,0.0,0.0,,1.0
RA-890,2023,M,0,6.989,0.0,9.1,2.52,6.25,8.3,8.16,10.0,8.0,8.6,,0,0.0,8.0,,,,,,,,,,,1.0
RA-891,2023,F,0,7.8882,9.5,9.5,6.89,7.5,7.5,7.995,5.0,6.2,8.8,,-1,0.0,9.0,,,,,,,,,,0.0,0.0
RA-892,2023,M,0,8.8112,8.0,9.6,6.89,7.5,8.3,10.01,10.0,8.5,8.0,,0,0.0,8.0,,,,,,,,,,0.0,0.0
RA-893,2023,M,0,8.8042,9.5,10.0,7.52,7.5,9.3,10.01,5.0,9.5,9.0,,-1,0.0,9.0,,,,,,,,,,0.0,0.0
RA-894,2023,F,0,8.8142,9.5,9.9,7.52,7.5,9.4,10.01,5.0,9.3,9.5,,-1,0.0,9.0,,,,,,,,,,0.0,0.0
RA-895,2023,F,0,8.5397,9.5,9.5,7.52,6.875,6.8,9.5,10.0,6.8,6.7,,0,0.0,8.0,,,,,,,,,,1.0,0.0
RA-896,2023,M,0,9.0912,9.5,10.0,6.89,7.5,8.5,10.01,10.0,9.0,8.0,,0,0.0,7.0,,,,,,,,,,0.0,0.0
RA-897,2023,M,0,5.48225,0.0,8.1,7.52,6.5625,6.5,3.32,5.0,7.2,5.7,,-1,0.0,9.0,,,,,,,,,,0.0,0.0
RA-898,2023,M,0,8.4217,9.0,9.8,3.77,8.125,9.4,10.01,5.0,9.7,9.0,,-1,0.0,9.0,,,,,,,,,,0.0,0.0
RA-899,2023,M,0,8.8452,10.0,9.8,3.77,7.5,9.5,9.34,10.0,9.3,9.6,,0,0.0,8.0,,,,,,,,,,0.0,0.0
RA-9,2022,F,3,8.109,8.8,9.5,7.5,,6.7,9.5,5.0,5.5,6.0,8.7,-1,7.0,18.0,,,,,,,,,,,1.0
RA-90,2022,F,3,9.442,10.0,9.7,9.4,,8.5,9.75,10.0,7.7,8.0,9.8,2,5.0,13.0,,,,,,,,,,1.0,0.0
RA-90,2023,F,4,8.699408333,10.0,9.6,7.52,8.59375,7.7,8.1725,10.0,6.7,6.8,9.5,1,5.0,14.0,-0.742591667000001,0.0,-0.09999999999999964,-1.8800000000000008,,-0.7999999999999998,-1.5775000000000006,0.0,-1.0,0.0,0.0
RA-900,2023,F,0,8.8947,9.0,9.8,9.38,8.125,7.8,8.67,10.0,8.0,7.5,,0,0.0,8.0,,,,,,,,,,0.0,0.0
RA-901,2023,M,0,7.3112,8.5,8.7,3.77,6.25,7.5,8.595,5.0,7.7,7.3,,-2,0.0,10.0,,,,,,,,,,,1.0
RA-902,2023,M,0,5.97345,10.0,9.3,2.52,5.3125,3.9,6.5,2.5,4.5,3.3,,-3,0.0,12.0,,,,,,,,,,,1.0
RA-903,2023,F,0,8.5242,10.0,9.6,5.02,7.5,7.8,9.01,10.0,7.7,7.8,,0,0.0,8.0,,,,,,,,,,0.0,0.0
RA-904,2023,F,0,8.140783333,9.0,9.3,7.52,7.8125,6.4,7.836666667,10.0,6.0,6.8,,0,0.0,7.0,,,,,,,,,,1.0,0.0
RA-905,2023,M,0,7.831033333,9.5,9.4,7.52,6.875,8.3,7.056666667,5.0,7.5,9.0,,-1,0.0,9.0,,,,,,,,,,1.0,0.0
RA-906,2023,M,0,8.1922,7.5,9.2,7.52,7.5,8.6,6.95,10.0,7.7,9.4,,0,0.0,8.0,,,,,,,,,,,1.0
RA-907,2023,F,0,8.962033333,9.5,9.6,7.52,8.125,9.3,8.336666667,10.0,9.2,9.4,,0,0.0,8.0,,,,,,,,,,1.0,0.0
RA-908,2023,F,0,8.479366667,9.0,9.0,7.52,8.125,7.9,8.223333333,10.0,6.7,9.0,,0,0.0,8.0,,,,,,,,,,1.0,0.0
RA-909,2023,F,0,8.486033333,10.0,9.9,7.52,8.125,9.2,8.056666667,5.0,9.1,9.2,,-2,0.0,10.0,,,,,,,,,,0.0,0.0
RA-91,2022,F,6,6.645,9.2,5.7,5.6,,6.6,7.125,5.0,5.5,5.7,8.5,-1,5.0,16.0,,,,,,,,,,0.0,0.0
RA-91,2023,F,7,7.42395,10.0,7.4,6.89,7.8125,7.4,7.4675,5.0,9.5,5.0,7.7,-1,6.0,17.0,0.77895,0.8000000000000007,1.7000000000000002,1.29,,0.8000000000000007,0.34250000000000025,0.0,0.0,0.0,0.0
RA-910,2023,M,0,7.801,0.0,8.8,7.52,8.75,8.9,8.17,10.0,8.8,9.0,,0,0.0,8.0,,,,,,,,,,0.0,0.0
RA-911,2023,M,0,5.59545,9.0,6.7,2.52,5.3125,3.4,7.01,5.0,3.7,3.0,,-2,0.0,11.0,,,,,,,,,,0.0,0.0
RA-912,2023,F,0,7.0797,7.0,9.4,7.52,5.625,6.3,7.175,5.0,6.2,6.3,,-1,0.0,9.0,,,,,,,,,,1.0,0.0
RA-913,2023,F,0,7.7432,8.0,8.5,6.89,6.25,7.9,9.245,5.0,9.5,6.3,,-2,0.0,10.0,,,,,,,,,,,1.0
RA-914,2023,F,0,8.6912,10.0,9.2,7.52,6.25,8.7,8.67,10.0,9.0,8.4,,0,0.0,8.0,,,,,,,,,,,1.0
RA-915,2023,F,0,8.5962,10.0,8.4,7.52,7.5,8.4,8.67,10.0,8.1,8.7,,0,0.0,8.0,,,,,,,,,,,1.0
RA-916,2023,F,0,7.3882,9.5,9.7,2.52,6.25,6.6,9.005,5.0,7.7,5.5,,-1,0.0,9.0,,,,,,,,,,1.0,0.0
RA-917,2023,F,0,5.987,0.0,7.2,2.52,6.25,7.0,6.35,10.0,5.3,8.7,,0,0.0,7.0,,,,,,,,,,,1.0
RA-918,2023,F,0,7.4967,10.0,8.7,2.52,5.625,7.7,7.01,10.0,7.1,8.3,,0,0.0,7.0,,,,,,,,,,1.0,0.0
RA-919,2023,M,0,6.225,0.0,8.4,7.52,6.25,5.3,8.09,5.0,5.5,5.0,,-1,0.0,9.0,,,,,,,,,,1.0,0.0
RA-92,2022,F,6,6.957,9.2,7.1,5.0,,7.4,6.667,5.0,7.8,5.5,8.8,-1,5.0,16.0,,,,,,,,,,0.0,0.0
RA-92,2023,F,7,7.375916667,9.6,9.4,5.63,7.1875,6.7,7.045,5.0,8.7,4.8,6.7,-1,6.0,17.0,0.4189166670000004,0.40000000000000036,2.3000000000000007,0.6299999999999999,,-0.7000000000000002,0.3780000000000001,0.0,0.0,0.0,0.0
RA-920,2023,F,0,6.9647,9.0,6.3,7.52,5.625,6.1,6.35,10.0,6.0,6.2,,0,0.0,8.0,,,,,,,,,,1.0,0.0
RA-921,2023,F,0,7.7407,9.0,9.7,7.52,5.625,6.3,6.68,10.0,6.5,6.0,,0,0.0,7.0,,,,,,,,,,1.0,0.0
RA-922,2023,F,0,8.5262,8.5,9.7,3.14,7.5,8.4,10.01,10.0,8.5,8.2,,0,0.0,8.0,,,,,,,,,,0.0,0.0
RA-923,2023,F,0,8.8842,9.5,9.9,7.52,7.5,7.3,10.01,10.0,7.5,7.0,,0,0.0,8.0,,,,,,,,,,0.0,0.0
RA-924,2023,M,0,6.5207,9.0,5.6,7.52,5.625,5.0,5.93,10.0,5.0,5.0,,0,0.0,8.0,,,,,,,,,,1.0,0.0
RA-925,2023,M,0,7.1837,9.0,8.9,7.52,5.625,5.4,5.595,10.0,5.2,5.5,,0,0.0,7.0,,,,,,,,,,1.0,0.0
RA-926,2023,F,0,7.7792,9.0,10.0,3.77,7.5,6.8,9.51,5.0,6.5,7.0,,-1,0.0,9.0,,,,,,,,,,0.0,0.0
RA-927,2023,F,0,7.5982,9.0,9.7,3.77,7.5,6.4,9.255,5.0,7.0,5.8,,-1,0.0,9.0,,,,,,,,,,0.0,0.0
RA-928,2023,F,0,9.3712,8.5,10.0,7.52,8.75,9.8,9.67,10.0,9.8,9.8,,0,0.0,8.0,,,,,,,,,,0.0,0.0
RA-929,2023,F,0,9.1312,8.5,9.8,7.52,8.75,8.8,9.67,10.0,8.7,8.9,,0,0.0,8.0,,,,,,,,,,1.0,0.0
RA-93,2022,F,6,8.941,8.3,9.7,8.1,,8.5,9.083,10.0,8.8,8.3,8.4,0,5.0,15.0,,,,,,,,,,0.0,0.0
RA-93,2023,F,7,,7.9,,3.14,,,,10.0,,,,1,7.0,16.0,,-0.40000000000000036,,-4.959999999999999,,,,0.0,1.0,0.0,0.0
RA-930,2023,M,0,8.8872,9.0,8.8,7.52,8.75,9.0,9.0,10.0,8.7,9.3,,0,0.0,8.0,,,,,,,,,,1.0,0.0
RA-931,2023,M,0,7.3747,8.5,8.2,2.52,5.625,7.8,7.6,10.0,7.0,8.5,,0,0.0,8.0,,,,,,,,,,1.0,0.0
RA-932,2023,F,0,8.3847,9.5,7.9,7.52,8.125,7.5,9.0,10.0,6.5,8.4,,0,0.0,7.0,,,,,,,,,,,1.0
RA-933,2023,F,0,8.6712,9.0,8.4,7.52,8.75,7.7,9.67,10.0,8.0,7.3,,0,0.0,8.0,,,,,,,,,,,1.0
RA-934,2023,F,0,9.1737,9.0,9.6,7.52,9.375,8.7,9.67,10.0,8.3,9.0,,0,0.0,8.0,,,,,,,,,,1.0,0.0
RA-935,2023,M,0,7.9535,0.0,9.8,7.52,9.375,9.4,9.67,5.0,9.2,9.5,,-1,0.0,9.0,,,,,,,,,,0.0,0.0
RA-936,2023,F,0,8.5477,9.0,10.0,7.52,8.125,6.5,8.915,10.0,5.0,8.0,,0,0.0,8.0,,,,,,,,,,,1.0
RA-937,2023,F,0,9.3237,9.5,9.6,7.52,9.375,9.2,9.67,10.0,9.0,9.3,,0,0.0,8.0,,,,,,,,,,1.0,0.0
RA-938,2023,M,0,6.7372,8.5,8.4,7.52,6.25,4.2,7.5,5.0,0.0,8.3,,-1,0.0,9.0,,,,,,,,,,0.0,0.0
RA-939,2023,F,0,7.9742,9.0,10.0,7.52,7.5,5.4,10.01,5.0,5.0,5.7,,-2,0.0,11.0,,,,,,,,,,0.0,0.0
RA-94,2022,F,4,8.921,8.3,9.6,8.1,,7.7,9.583,10.0,7.0,6.7,9.5,0,5.0,15.0,,,,,,,,,,1.0,0.0
RA-94,2023,F,5,7.289333333,7.5,9.6,2.52,8.75,7.2,7.795,5.0,7.7,4.8,9.0,-1,5.0,16.0,-1.6316666669999993,-0.8000000000000007,0.0,-5.58,,-0.5,-1.7880000000000003,-5.0,-1.0,0.0,0.0
RA-940,2023,M,0,6.6112,9.0,8.4,2.52,6.25,6.3,7.02,5.0,6.8,5.7,,-2,0.0,11.0,,,,,,,,,,,1.0
RA-941,2023,F,0,7.6872,8.0,10.0,7.52,5.0,5.0,8.175,10.0,5.0,5.0,,0,0.0,8.0,,,,,,,,,,1.0,0.0
RA-942,2023,F,0,6.8547,9.5,8.9,2.52,5.625,7.1,7.0,5.0,7.3,6.8,,-2,0.0,10.0,,,,,,,,,,,1.0
RA-943,2023,F,0,8.9172,9.5,9.4,7.52,7.5,8.0,9.925,10.0,8.0,8.0,,0,0.0,8.0,,,,,,,,,,0.0,0.0
RA-944,2023,F,0,7.0687,9.0,7.6,7.52,5.625,7.5,6.67,5.0,9.2,5.8,,-1,0.0,9.0,,,,,,,,,,1.0,0.0
RA-945,2023,M,0,8.0777,8.5,9.2,7.52,6.875,7.9,6.84,10.0,8.0,7.8,,0,0.0,8.0,,,,,,,,,,1.0,0.0
RA-946,2023,M,0,8.5822,9.5,9.4,7.52,7.5,9.3,7.0,10.0,9.0,9.5,,0,0.0,7.0,,,,,,,,,,1.0,0.0
RA-947,2023,M,0,6.3457,9.0,7.9,7.52,4.375,3.3,5.08,10.0,1.7,4.9,,0,0.0,8.0,,,,,,,,,,1.0,0.0
RA-948,2023,F,0,6.5277,9.0,7.6,7.52,6.875,0.0,8.34,10.0,0.0,0.0,,0,0.0,8.0,,,,,,,,,,,1.0
RA-949,2023,F,0,8.0172,9.5,8.1,7.52,6.25,8.9,6.5,10.0,9.1,8.6,,0,0.0,8.0,,,,,,,,,,1.0,0.0
RA-95,2022,F,0,6.308,8.3,6.6,7.5,,4.8,6.292,5.0,6.0,8.0,0.5,-2,5.0,17.0,,,,,,,,,,,1.0
RA-950,2023,F,0,8.8862,9.0,10.0,7.52,7.5,9.3,8.17,10.0,9.5,9.0,,0,0.0,8.0,,,,,,,,,,1.0,0.0
RA-951,2023,F,0,8.8902,9.5,9.7,7.52,7.5,8.4,9.09,10.0,8.5,8.3,,0,0.0,7.0,,,,,,,,,,1.0,0.0
RA-952,2023,M,0,8.37095,9.5,9.2,3.77,7.1875,9.0,8.425,10.0,8.8,9.2,,0,0.0,8.0,,,,,,,,,,0.0,0.0
RA-953,2023,F,0,7.54005,7.4,8.8,3.14,6.5625,8.3,7.09,10.0,8.5,8.0,,0,0.0,8.0,,,,,,,,,,0.0,0.0
RA-954,2023,F,0,6.82375,0.0,8.3,3.14,7.1875,7.7,8.005,10.0,7.8,7.5,,0,0.0,8.0,,,,,,,,,,0.0,0.0
RA-955,2023,F,0,7.1297,9.0,8.8,3.14,6.875,7.8,7.09,5.0,8.0,7.5,,-2,0.0,10.0,,,,,,,,,,0.0,0.0
RA-956,2023,M,0,7.7312,8.0,7.5,7.52,7.5,7.8,9.345,5.0,7.8,7.8,,-2,0.0,11.0,,,,,,,,,,0.0,0.0
RA-957,2023,F,0,9.1672,10.0,9.3,7.52,7.5,9.1,9.925,10.0,9.0,9.2,,0,0.0,8.0,,,,,,,,,,,1.0
RA-958,2023,F,0,9.2902,10.0,9.8,7.52,7.5,9.3,9.84,10.0,9.3,9.3,,0,0.0,8.0,,,,,,,,,,0.0,0.0
RA-959,2023,M,0,8.6677,10.0,9.6,7.52,6.875,7.7,8.84,10.0,7.7,7.7,,0,0.0,8.0,,,,,,,,,,1.0,0.0
RA-96,2022,M,1,7.54,9.2,7.8,6.9,,6.7,8.5,5.0,5.7,6.5,8.0,-1,5.0,16.0,,,,,,,,,,0.0,0.0
RA-96,2023,M,2,7.610791667,9.6,8.9,7.52,7.65625,6.4,7.84,5.0,6.8,4.8,7.7,-1,6.0,17.0,0.07079166699999995,0.40000000000000036,1.1000000000000005,0.6199999999999992,,-0.2999999999999998,-0.6600000000000001,0.0,0.0,0.0,0.0
RA-960,2023,M,0,7.0847,8.5,10.0,7.52,5.625,6.3,5.85,5.0,6.5,6.0,,-2,0.0,10.0,,,,,,,,,,0.0,0.0
RA-961,2023,M,0,5.99625,0.0,8.7,2.52,5.3125,6.2,8.665,5.0,6.2,6.2,,-1,0.0,9.0,,,,,,,,,,0.0,0.0
RA-962,2023,F,0,8.4742,9.0,9.2,7.52,7.5,8.7,10.01,5.0,9.5,7.8,,-1,0.0,9.0,,,,,,,,,,,1.0
RA-963,2023,F,0,8.6142,9.5,9.8,7.52,7.5,8.5,10.01,5.0,8.3,8.7,,-1,0.0,9.0,,,,,,,,,,0.0,0.0
RA-964,2023,M,0,7.7997,8.5,9.4,7.52,6.875,7.2,8.5,5.0,7.3,7.0,,-1,0.0,9.0,,,,,,,,,,0.0,0.0
RA-965,2023,F,0,6.4832,8.5,8.2,6.27,5.0,4.7,7.18,5.0,5.3,4.0,,-1,0.0,9.0,,,,,,,,,,1.0,0.0
RA-966,2023,M,0,7.44345,10.0,10.0,7.52,6.5625,5.0,7.675,5.0,5.0,5.0,,-1,0.0,9.0,,,,,,,,,,1.0,0.0
RA-967,2023,M,0,7.1347,9.5,8.0,7.52,5.625,6.5,7.35,5.0,6.5,6.5,,-2,0.0,10.0,,,,,,,,,,0.0,0.0
RA-968,2023,F,0,8.4942,9.0,9.7,7.52,7.5,8.3,10.01,5.0,8.0,8.5,,-1,0.0,9.0,,,,,,,,,,0.0,0.0
RA-969,2023,M,0,7.7692,8.5,9.7,7.52,6.25,5.5,7.51,10.0,6.0,5.0,,0,0.0,8.0,,,,,,,,,,1.0,0.0
RA-97,2022,F,5,7.468,7.5,8.8,5.0,,6.9,6.292,10.0,5.3,6.7,8.8,0,5.0,15.0,,,,,,,,,,,1.0
RA-970,2023,F,0,8.9977,8.5,8.1,7.52,9.375,9.4,9.84,10.0,9.2,9.5,,0,0.0,8.0,,,,,,,,,,,1.0
RA-971,2023,M,0,7.0169,7.8,6.4,3.77,5.625,6.9,8.17,10.0,5.5,8.3,,0,0.0,8.0,,,,,,,,,,1.0,0.0
RA-972,2023,M,0,7.5427,9.0,9.1,3.77,6.875,6.0,7.84,10.0,6.2,5.7,,0,0.0,8.0,,,,,,,,,,1.0,0.0
RA-973,2023,M,0,5.82875,0.0,8.6,3.77,7.1875,5.2,7.415,5.0,6.2,4.1,,-1,0.0,9.0,,,,,,,,,,1.0,0.0
RA-974,2023,M,0,8.4752,9.0,9.1,3.77,7.5,8.8,9.34,10.0,8.8,8.8,,0,0.0,7.0,,,,,,,,,,1.0,0.0
RA-975,2023,F,0,7.7803,7.9,9.2,7.52,5.625,6.5,7.67,10.0,7.2,5.8,,0,0.0,7.0,,,,,,,,,,1.0,0.0
RA-976,2023,M,0,8.39895,9.5,9.2,6.27,5.9375,8.6,8.34,10.0,9.0,8.2,,0,0.0,8.0,,,,,,,,,,,1.0
RA-977,2023,F,0,7.1717,8.5,7.4,5.02,5.625,5.8,8.085,10.0,5.7,5.9,,0,0.0,7.0,,,,,,,,,,1.0,0.0
RA-978,2023,F,0,8.3877,9.0,9.8,3.77,5.625,8.6,9.34,10.0,8.7,8.5,,0,0.0,7.0,,,,,,,,,,1.0,0.0
RA-979,2023,M,0,8.1617,9.5,9.6,6.27,5.625,6.0,9.51,10.0,6.0,6.0,,0,0.0,8.0,,,,,,,,,,1.0,0.0
RA-98,2022,F,5,9.354,8.8,10.0,9.4,,8.5,9.667,10.0,8.4,8.2,8.9,0,5.0,15.0,,,,,,,,,,0.0,0.0
RA-98,2023,F,6,,7.9,,2.52,,,,10.0,,,,2,7.0,15.0,,-0.9000000000000004,,-6.880000000000001,,,,0.0,2.0,1.0,0.0
RA-980,2023,F,0,7.1425,0.0,9.8,5.02,5.625,6.3,9.34,10.0,6.5,6.0,,0,0.0,8.0,,,,,,,,,,0.0,0.0
RA-981,2023,F,0,7.5367,9.5,9.1,2.52,5.625,5.8,9.01,10.0,5.7,5.8,,0,0.0,7.0,,,,,,,,,,1.0,0.0
RA-982,2023,M,0,7.1215,0.0,9.1,2.52,5.625,8.6,8.835,10.0,8.7,8.5,,0,0.0,7.0,,,,,,,,,,0.0,0.0
RA-983,2023,M,0,8.3502,8.5,9.9,2.52,6.25,8.8,9.415,10.0,8.8,8.8,,0,0.0,8.0,,,,,,,,,,,1.0
RA-984,2023,F,0,8.8177,8.0,9.8,7.52,6.875,8.3,9.84,10.0,8.3,8.2,,0,0.0,8.0,,,,,,,,,,0.0,0.0
RA-985,2023,M,0,7.6247,9.0,9.3,2.52,5.625,6.8,8.5,10.0,7.3,6.2,,0,0.0,8.0,,,,,,,,,,0.0,0.0
RA-986,2023,F,0,8.0107,9.5,9.1,2.52,5.625,8.3,8.83,10.0,8.3,8.3,,0,0.0,8.0,,,,,,,,,,0.0,0.0
RA-987,2023,M,0,7.6765,0.0,9.8,6.27,6.875,7.3,9.76,10.0,7.5,7.0,,0,0.0,8.0,,,,,,,,,,0.0,0.0
RA-988,2023,F,0,7.9568,7.9,8.1,7.52,6.25,8.5,9.84,5.0,8.5,8.5,,-1,0.0,9.0,,,,,,,,,,0.0,0.0
RA-989,2023,M,0,7.7242,9.5,8.1,2.52,7.5,8.3,10.01,5.0,8.7,7.8,,-1,0.0,9.0,,,,,,,,,,0.0,0.0
RA-99,2022,M,3,6.158,8.8,6.3,7.5,,5.0,5.833,5.0,5.7,3.4,5.8,-1,5.0,16.0,,,,,,,,,,0.0,0.0
RA-99,2023,M,4,6.68045,7.9,8.3,5.63,7.8125,4.5,7.4225,5.0,4.7,4.0,4.8,-1,6.0,17.0,0.5224500000000001,-0.9000000000000004,2.000000000000001,-1.87,,-0.5,1.5895000000000001,0.0,0.0,,1.0
RA-990,2023,M,0,7.254,0.0,8.5,7.52,7.5,7.8,10.01,5.0,8.3,7.2,,-1,0.0,9.0,,,,,,,,,,0.0,0.0
RA-991,2023,F,0,7.7687,10.0,9.1,3.14,6.875,7.7,9.585,5.0,8.0,7.3,,-1,0.0,9.0,,,,,,,,,,0.0,0.0
RA-992,2023,M,0,7.2722,9.5,8.2,3.14,5.0,8.0,8.84,5.0,8.2,7.8,,-2,0.0,10.0,,,,,,,,,,,1.0
RA-993,2023,F,0,8.7592,9.5,9.8,3.77,7.5,8.6,10.01,10.0,8.5,8.7,,0,0.0,8.0,,,,,,,,,,,1.0
RA-994,2023,F,0,7.4127,9.5,9.4,3.77,5.625,6.0,7.265,10.0,6.2,5.7,,0,0.0,8.0,,,,,,,,,,1.0,0.0
RA-995,2023,F,0,6.4782,9.5,7.9,3.77,6.25,5.1,7.18,5.0,5.3,4.8,,-2,0.0,11.0,,,,,,,,,,0.0,0.0
RA-996,2023,M,0,8.1892,10.0,9.2,3.77,7.5,8.6,10.01,5.0,8.7,8.5,,-1,0.0,9.0,,,,,,,,,,,1.0
RA-997,2023,M,0,7.5687,7.5,8.7,3.77,5.625,7.1,8.595,10.0,7.2,7.0,,0,0.0,8.0,,,,,,,,,,,1.0
RA-998,2023,F,0,7.9752,9.5,9.3,3.77,7.5,7.9,9.84,5.0,8.0,7.7,,-2,0.0,11.0,,,,,,,,,,,1.0
RA-999,2023,M,0,8.0352,9.0,9.4,3.77,7.5,8.3,9.84,5.0,8.3,8.3,,-1,0.0,9.0,,,,,,,,,,,1.0
