ra,turma,genero,ano_ingresso,instituicao_ensino,pedra,inde,cg,cf,ct,iaa,ieg,ips,ida,nota_mat,nota_port,nota_ing,indicado,atingiu_pv,ipv,ian,defasagem,destaque_ieg,destaque_ida,destaque_ipv,idade,fase,ano,ipp,piora_defasagem,evasao
RA-1,A,F,2016,Escola Pública,Quartzo,5.783,753.0,18.0,10.0,8.3,4.1,5.6,4.0,2.7,3.5,6.0,Sim,Não,7.278,5.0,-1,Melhorar: Melhorar a sua entrega de lições de casa.,Melhorar: Empenhar-se mais nas aulas e avaliações.,Melhorar: Integrar-se mais aos Princípios Passos Mágicos.,19.0,7.0,2022,,0,0
RA-1,8E,F,2016,Privada *Parcerias com Bolsa 100%,,,,,,,,,,,,,,,,10.0,0,,,,20.0,8.0,2023,,0,0
RA-1,8E,F,2021,Privada *Parcerias com Bolsa 100%,,,,,,,0.0,,,,,,,,,10.0,0,,,,21.0,8.0,2024,,,
RA-10,A,F,2021,Escola Pública,Quartzo,5.784,752.0,17.0,9.0,8.3,5.2,5.0,4.1,3.3,2.6,6.4,Não,Não,7.056,5.0,-1,Melhorar: Melhorar a sua entrega de lições de casa.,Melhorar: Empenhar-se mais nas aulas e avaliações.,Melhorar: Integrar-se mais aos Princípios Passos Mágicos.,18.0,7.0,2022,,,1
RA-100,A,F,2019,Rede Decisão,Ametista,7.618,268.0,22.0,7.0,8.8,7.8,5.0,7.6,7.0,7.8,8.1,Não,Não,7.25,10.0,1,Destaque: A sua boa entrega das lições de casa.,Destaque: As suas boas notas na Passos Mágicos.,Melhorar: Integrar-se mais aos Princípios Passos Mágicos.,13.0,4.0,2022,,,1
RA-1000,ALFA U - G2/G3,F,2023,Pública,Ametista,7.9162,,,,8.5,9.4,3.77,7.0,7.0,7.0,,,,8.92,10.0,0,,,,8.0,0.0,2023,6.25,0,0
RA-1000,1N,F,2023,Pública,Topázio,8.364790909100002,,,,9.002,9.5454545455,6.26,7.75,7.5,8.0,,,,7.835,10.0,0,,,,9.0,1.0,2024,8.125,,
RA-1001,ALFA U - G2/G3,F,2023,Pública,Topázio,8.1162,,,,9.0,9.1,7.52,7.8,8.3,7.3,,,,9.17,5.0,-1,,,,9.0,0.0,2023,7.5,0,0
RA-1001,1N,F,2023,Pública,Ametista,7.7964318841,,,,7.502,9.347826087,7.51,7.75,6.5,9.0,,,,7.92,5.0,-1,,,,10.0,1.0,2024,7.916666667,,
RA-1002,ALFA U - G2/G3,F,2023,Pública,Ametista,7.9012,,,,9.0,9.7,7.52,7.0,7.0,7.0,,,,8.92,5.0,-1,,,,9.0,0.0,2023,6.25,0,0
RA-1002,ALFA N - G2/G3,F,2023,Pública,Ametista,7.967866666700001,,,,9.002,7.833333333500001,7.51,9.25,10.0,8.5,,,,8.25,5.0,-1,,,,10.0,0.0,2024,7.5,,
RA-1003,ALFA V - G0/G1,M,2023,Pública,Ametista,7.6522,,,,9.0,8.5,7.52,4.0,8.0,0.0,,,,8.75,10.0,0,,,,8.0,0.0,2023,7.5,1,0
RA-1003,ALFA J - G2/G3,M,2023,Pública,Ametista,7.627588888900001,,,,8.002,8.6944444445,7.51,8.25,10.0,6.5,,,,7.5,5.0,-1,,,,9.0,0.0,2024,6.875,,
RA-1004,ALFA V - G0/G1,F,2023,Pública,Topázio,8.3137,,,,9.0,9.6,7.52,7.9,6.5,9.2,,,,7.42,10.0,0,,,,8.0,0.0,2023,6.875,1,0
RA-1004,ALFA J - G2/G3,F,2023,Pública,Ametista,7.801200000000001,,,,9.502,9.25,7.51,7.5,7.5,7.5,,,,7.5,5.0,-1,,,,9.0,0.0,2024,7.5,,
RA-1005,ALFA V - G0/G1,M,2023,Pública,Topázio,8.4252,,,,9.5,7.9,7.52,8.8,8.4,9.2,,,,8.165,10.0,0,,,,8.0,0.0,2023,7.5,,1
RA-1006,ALFA V - G0/G1,F,2023,Pública,Topázio,8.5922,,,,9.0,9.3,7.52,8.7,8.7,8.6,,,,8.0,10.0,0,,,,8.0,0.0,2023,7.5,1,0
RA-1006,ALFA J - G2/G3,F,2023,Pública,Ametista,7.040088888900001,,,,8.502,8.4444444445,7.51,5.0,5.0,5.0,,,,7.5,5.0,-1,,,,9.0,0.0,2024,7.5,,
RA-1007,ALFA V - G0/G1,M,2023,Pública,Topázio,8.0782,,,,9.0,7.4,7.52,8.3,8.1,8.5,,,,7.68,10.0,0,,,,8.0,0.0,2023,7.5,,1
RA-1008,ALFA V - G0/G1,M,2023,Pública,Topázio,8.13595,,,,9.0,8.6,7.52,8.4,7.5,9.2,,,,7.5,10.0,0,,,,8.0,0.0,2023,5.9375,1,0
RA-1008,ALFA I - G2/G3,M,2023,Pública,Agata,6.8667414438000005,,,,7.002,6.483957219,7.51,7.0,6.5,7.5,,,,7.5,5.0,-1,,,,9.0,0.0,2024,7.1875,,
RA-1009,ALFA Y - G0/G1,M,2023,Pública,Ametista,7.245,,,,0.0,9.0,3.77,8.8,8.3,9.2,,,,7.84,10.0,0,,,,8.0,0.0,2023,7.5,1,0
RA-1009,ALFA E - G2/G3,M,2023,Pública,Agata,6.395389393900001,,,,8.002,6.8863636365000005,2.51,7.5,10.0,5.0,,,,6.553333333,5.0,-1,,,,9.0,0.0,2024,6.5625,,
RA-101,A,F,2021,Escola Pública,Ametista,7.305,387.0,31.0,8.0,7.9,8.3,7.5,7.6,7.2,6.5,9.2,Sim,Não,6.833,5.0,-1,Destaque: A sua boa entrega das lições de casa.,Destaque: As suas boas notas na Passos Mágicos.,Melhorar: Integrar-se mais aos Princípios Passos Mágicos.,15.0,4.0,2022,,,1
RA-1010,ALFA Y - G0/G1,M,2023,Pública,Topázio,8.70645,,,,9.5,10.0,3.77,9.4,9.0,9.8,,,,8.59,10.0,0,,,,8.0,0.0,2023,7.8125,,1
RA-1011,ALFA Y - G0/G1,M,2023,Pública,Ametista,7.33095,,,,9.5,8.6,3.77,5.2,5.5,4.8,,,,7.675,10.0,0,,,,7.0,0.0,2023,7.1875,,1
RA-1012,ALFA Y - G0/G1,F,2023,Pública,Ametista,7.96495,,,,10.0,9.9,3.77,6.6,7.0,6.2,,,,7.845,10.0,0,,,,8.0,0.0,2023,7.1875,1,0
RA-1012,ALFA C - G0/G1,F,2023,Pública,Topázio,8.057128571400002,,,,9.502,9.523809524,2.51,9.75,10.0,9.5,,,,8.443333333,5.0,-1,,,,9.0,0.0,2024,8.125,,
RA-1013,ALFA Y - G0/G1,M,2023,Pública,Ametista,7.6237,,,,9.0,9.6,4.39,8.3,7.0,9.5,,,,5.76,10.0,0,,,,7.0,0.0,2023,5.625,1,0
RA-1013,ALFA E - G2/G3,M,2023,Pública,Quartzo,5.7839559808,,,,9.002,5.6937799039999994,2.51,7.75,8.0,7.5,,,,4.72,5.0,-1,,,,8.0,0.0,2024,5.0,,
RA-1014,ALFA Y - G0/G1,F,2023,Pública,Topázio,8.2582,,,,9.0,9.7,3.77,8.2,7.7,8.7,,,,8.255,10.0,0,,,,7.0,0.0,2023,7.5,1,0
RA-1014,ALFA E - G2/G3,F,2023,Pública,Agata,6.315972727300001,,,,8.502,7.8863636365000005,2.51,5.25,6.5,4.0,,,,7.0,5.0,-1,,,,8.0,0.0,2024,6.875,,
RA-1015,1A,F,2023,Pública,Ametista,7.538908333,,,,10.0,9.3,6.27,6.3,5.0,7.6,,,,7.786666667,5.0,-1,,,,10.0,1.0,2023,7.34375,0,0
RA-1015,2B,F,2023,Pública,Agata,6.643252381000002,,,,7.918,7.8214285715,7.51,4.0,2.0,6.0,,,,5.66,10.0,0,,,,11.0,2.0,2024,6.041666667,,
RA-1016,1A,F,2023,Pública,Ametista,7.762575,,,,10.0,9.5,7.52,6.7,5.8,7.5,,,,7.73,5.0,-1,,,,10.0,1.0,2023,7.34375,,1
RA-1017,1A,M,2023,Pública,Agata,6.505333333,,,,0.0,8.0,5.02,7.7,7.0,8.3,,,,8.116666667,5.0,-1,,,,11.0,1.0,2023,7.5,0,0
RA-1017,2C,M,2023,Pública,Ametista,7.345521428500001,,,,9.502,7.8095238095,6.26,5.0,2.5,7.5,,,,7.443333333,10.0,0,,,,12.0,2.0,2024,7.1875,,
RA-1018,1A,M,2023,Pública,Agata,6.824,,,,0.0,8.5,5.02,6.3,5.8,6.8,,,,8.06,10.0,0,,,,9.0,1.0,2023,7.5,1,0
RA-1018,1A,M,2023,Pública,Ametista,7.7054045454,,,,8.502,7.727272727,6.26,8.25,8.5,8.0,,,,8.45,5.0,-1,,,,10.0,1.0,2024,8.4375,,
RA-1019,1A,F,2023,Pública,Ametista,7.177033333,,,,7.5,9.1,5.02,4.3,0.5,8.0,,,,7.836666667,10.0,1,,,,8.0,1.0,2023,6.875,1,0
RA-1019,1A,F,2023,Pública,Topázio,8.692255194900001,,,,9.502,9.3073593075,6.26,8.75,9.5,8.0,,,,8.616666667,10.0,0,,,,9.0,1.0,2024,7.8125,,
RA-102,A,M,2019,Escola Pública,Ágata,6.922,519.0,43.0,9.0,6.7,7.7,6.9,5.7,4.7,6.8,5.5,Não,Não,6.0,10.0,0,Destaque: A sua boa entrega das lições de casa.,Melhorar: Empenhar-se mais nas aulas e avaliações.,Melhorar: Integrar-se mais aos Princípios Passos Mágicos.,14.0,4.0,2022,,,1
RA-1020,1A,F,2023,Pública,Ametista,7.612283333,,,,10.0,9.1,2.52,6.1,4.3,7.8,,,,8.056666667,10.0,0,,,,9.0,1.0,2023,7.1875,0,0
RA-1020,1A,F,2023,Pública,Topázio,8.9544954545,,,,9.002,9.7727272725,6.88,9.0,10.0,8.0,,,,8.84,10.0,0,,,,10.0,1.0,2024,8.4375,,
RA-1021,1A,M,2023,Pública,Agata,6.964616667,,,,8.0,9.2,3.77,3.3,2.5,4.0,,,,7.893333333,10.0,0,,,,9.0,1.0,2023,7.1875,1,0
RA-1021,1A,M,2023,Pública,Topázio,8.0985863636,,,,9.502,9.318181818,7.51,8.0,9.0,7.0,,,,7.95,5.0,-1,,,,10.0,1.0,2024,8.4375,,
RA-1022,1A,M,2023,Pública,Ametista,7.164616667,,,,8.5,8.5,3.77,4.7,4.7,4.7,,,,7.893333333,10.0,0,,,,9.0,1.0,2023,7.1875,1,0
RA-1022,1A,M,2023,Pública,Ametista,7.613169697000002,,,,9.502,9.318181818,6.26,6.5,5.5,7.5,,,,8.116666667,5.0,-1,,,,10.0,1.0,2024,7.5,,
RA-1023,1A,F,2023,Pública,Topázio,9.1342,,,,10.0,10.0,6.27,9.1,8.5,9.7,,,,9.06,10.0,0,,,,9.0,1.0,2023,8.75,0,0
RA-1023,2B,F,2023,Pública,Topázio,9.498580952300001,,,,9.502,9.511904762,9.375,9.5,9.0,10.0,,,,9.563333333,10.0,0,,,,10.0,2.0,2024,8.958333333,,
RA-1024,1B,F,2023,Pública,Ametista,7.788875,,,,0.0,10.0,6.27,9.8,10.0,9.5,,,,8.95,5.0,-1,,,,10.0,1.0,2023,9.21875,0,0
RA-1024,1B,F,2023,Pública,Topázio,8.6516166666,,,,8.002,10.0,7.51,10.0,10.0,10.0,,,,8.783333333,5.0,-1,,,,11.0,1.0,2024,8.4375,,
RA-1025,1B,M,2023,Pública,Topázio,8.215158333,,,,8.5,8.9,7.52,7.5,7.5,7.5,,,,7.836666667,10.0,0,,,,9.0,1.0,2023,7.65625,1,0
RA-1025,1A,M,2023,Pública,Ametista,7.897071212,,,,9.002,7.727272727,7.51,9.0,10.0,8.0,,,,7.783333333,5.0,-1,,,,10.0,1.0,2024,8.4375,,
RA-1026,1B,F,2023,Pública,Agata,6.494825,,,,8.5,9.8,7.52,3.2,2.3,4.0,,,,7.06,2.5,-3,,,,14.0,1.0,2023,6.40625,,1
RA-1027,1B,F,2023,Pública,Ametista,7.748866667,,,,9.5,9.7,7.52,6.0,4.2,7.7,,,,8.333333333,5.0,-1,,,,10.0,1.0,2023,7.5,0,0
RA-1027,2B,F,2023,Pública,Topázio,8.220866666700001,,,,9.502,10.0,7.51,5.25,6.0,4.5,,,,8.39,10.0,0,,,,11.0,2.0,2024,7.916666667,,
RA-1028,1B,M,2023,Pública,Agata,6.415708333,,,,0.0,9.2,7.52,5.0,5.0,5.0,,,,7.946666667,5.0,-1,,,,11.0,1.0,2023,7.34375,1,0
RA-1028,1B,M,2023,Pública,Ametista,7.1404338602,,,,8.002,7.055335968,5.63,7.5,6.0,9.0,,,,8.393333333,5.0,-2,,,,12.0,1.0,2024,6.875,,
RA-1029,1C,F,2023,Pública,Ametista,7.058533333,,,,10.0,6.3,3.77,5.4,3.5,7.2,,,,8.006666667,10.0,0,,,,9.0,1.0,2023,7.5,1,0
RA-1029,1C,F,2023,Pública,Ametista,7.797790909100001,,,,9.002,8.7954545455,6.885,8.75,8.0,9.5,,,,7.25,5.0,-1,,,,10.0,1.0,2024,7.5,,
RA-103,A,F,2020,Rede Decisão,Topázio,8.107,114.0,11.0,4.0,7.9,8.7,7.5,7.3,7.3,7.3,7.3,Não,Não,7.708,10.0,1,Destaque: A sua boa entrega das lições de casa.,Melhorar: Empenhar-se mais nas aulas e avaliações.,Destaque: A sua boa integração aos Princípios Passos Mágicos.,13.0,4.0,2022,,0,0
RA-103,5A,F,2020,Privada - Programa de Apadrinhamento,Topázio,8.0239,,,,8.3,9.2,5.0,7.1,7.3,6.3,7.7,,,8.09,10.0,1,,,,14.0,5.0,2023,8.125,1,0
RA-103,5A,F,2021,Privada - Programa de Apadrinhamento,Topázio,8.775268254,,,,8.334,9.603174603333335,6.26,9.166666666666666,9.0,9.0,9.5,,,8.872,10.0,0,,,,15.0,5.0,2024,7.875,,
RA-1030,1C,M,2023,Pública,Ametista,7.4027,,,,8.5,9.7,3.77,6.9,6.2,7.5,,,,8.39,5.0,-1,,,,11.0,1.0,2023,6.875,0,0
RA-1030,2D,M,2023,Pública,Ametista,7.7401916040000005,,,,7.418,8.28320802,4.385,8.0,10.0,6.0,,,,7.61,10.0,0,,,,12.0,2.0,2024,7.8125,,
RA-1031,1D,M,2023,Pública,Ametista,7.0602,,,,8.0,8.8,7.52,5.9,4.8,7.0,,,,7.006666667,5.0,-1,,,,10.0,1.0,2023,6.666666667,0,0
RA-1031,1C,M,2023,Pública,Agata,6.8757227273,,,,9.502,8.6363636365,7.51,6.25,5.5,7.0,,,,5.83,5.0,-1,,,,11.0,1.0,2024,5.3125,,
RA-1032,1D,M,2023,Pública,Ametista,7.434033333,,,,8.5,9.5,7.52,6.0,5.7,6.2,,,,7.563333333,5.0,-1,,,,10.0,1.0,2023,7.291666667,0,0
RA-1032,1C,M,2023,Pública,Topázio,8.01645,,,,8.502,9.75,7.51,8.0,9.0,7.0,,,,7.92,5.0,-1,,,,11.0,1.0,2024,7.8125,,
RA-1033,1D,F,2023,Pública,Topázio,8.126033333,,,,9.0,8.9,7.52,7.9,7.0,8.8,,,,9.006666667,5.0,-1,,,,11.0,1.0,2023,8.125,,1
RA-1034,1D,M,2023,Pública,Ametista,7.9642,,,,7.5,9.0,7.52,8.3,7.8,8.7,,,,8.393333333,5.0,-1,,,,10.0,1.0,2023,8.333333333,0,0
RA-1034,2B,M,2023,Pública,Topázio,8.0333666666,,,,7.502,8.0833333335,7.51,7.5,7.5,7.5,,,,8.223333333,10.0,0,,,,11.0,2.0,2024,7.708333333,,
RA-1035,1D,M,2023,Pública,Agata,6.888833333,,,,0.0,8.3,7.52,5.8,4.0,7.5,,,,7.78,10.0,0,,,,9.0,1.0,2023,7.708333333,1,0
RA-1035,1C,M,2023,Pública,Ametista,7.833495454500001,,,,9.502,9.0227272725,7.51,7.0,6.5,7.5,,,,7.92,5.0,-1,,,,10.0,1.0,2024,8.4375,,
RA-1036,1F,F,2023,Pública,Agata,6.970583333,,,,0.0,9.6,3.77,8.0,9.0,7.0,,,,8.336666667,5.0,-1,,,,11.0,1.0,2023,9.0625,0,0
RA-1036,2H,F,2023,Pública,Topázio,8.2841303831,,,,10.002,9.0890269155,7.51,7.0,7.0,7.0,,,,7.7475,10.0,0,,,,12.0,2.0,2024,7.65625,,
RA-1037,1F,M,2023,Pública,Ametista,7.655575,,,,9.0,8.4,7.52,6.7,5.0,8.3,,,,8.17,5.0,-1,,,,10.0,1.0,2023,8.59375,,1
RA-1038,1F,F,2023,Privada,Ametista,7.736825,,,,8.0,9.3,7.52,6.5,7.5,5.5,,,,8.17,5.0,-1,,,,10.0,1.0,2023,8.90625,0,0
RA-1038,2I,F,2023,Pública,Ametista,7.9646385965,,,,8.002,7.5438596495,7.51,8.5,10.0,7.0,,,,7.273333333,10.0,0,,,,11.0,2.0,2024,7.5,,
RA-1039,1F,M,2023,Pública,Ametista,7.686033333,,,,8.0,9.9,7.52,6.2,6.0,6.3,,,,8.056666667,5.0,-2,,,,12.0,1.0,2023,8.125,0,0
RA-1039,2I,M,2023,Pública,Ametista,7.549644444400001,,,,8.002,9.722222222,7.51,7.25,8.0,6.5,,,,6.77,5.0,-1,,,,13.0,2.0,2024,7.5,,
RA-104,A,M,2022,Escola Pública,Ágata,6.315,681.0,61.0,11.0,7.9,8.7,7.5,3.7,4.8,5.8,0.3,Não,Não,6.708,2.5,-4,Destaque: A sua boa entrega das lições de casa.,Melhorar: Empenhar-se mais nas aulas e avaliações.,Melhorar: Integrar-se mais aos Princípios Passos Mágicos.,18.0,4.0,2022,,0,0
RA-104,5F,M,2022,Pública,Quartzo,4.25,,,,0.0,7.7,2.52,2.6,3.7,1.8,2.3,,,5.6275,2.5,-3,,,,19.0,5.0,2023,5.625,,1
RA-1040,1F,M,2023,Pública,Ametista,7.81545,,,,10.0,9.3,7.52,6.6,5.8,7.3,,,,8.06,5.0,-1,,,,11.0,1.0,2023,7.8125,0,0
RA-1040,2I,M,2023,Pública,Ametista,7.764199999900001,,,,9.502,8.5416666665,7.51,8.25,8.0,8.5,,,,7.273333333,5.0,-1,,,,12.0,2.0,2024,7.5,,
RA-1041,1F,F,2023,Pública,Agata,6.724116667,,,,10.0,7.2,7.52,3.3,1.8,4.7,,,,8.003333333,5.0,-1,,,,10.0,1.0,2023,7.8125,,1
RA-1042,1G,M,2023,Pública,Quartzo,5.331166667,,,,0.0,6.5,3.77,4.3,4.0,4.5,,,,7.666666667,5.0,-1,,,,10.0,1.0,2023,7.708333333,,1
RA-1043,1G,M,2023,Pública,Agata,6.5447,,,,10.0,7.9,6.27,2.5,2.0,3.0,,,,7.833333333,5.0,-1,,,,10.0,1.0,2023,7.708333333,0,0
RA-1043,1H,M,2023,Pública,Ametista,7.539847562500002,,,,10.002,7.994071146,7.51,8.25,8.5,8.0,,,,6.553333333,5.0,-1,,,,11.0,1.0,2024,7.291666667,,
RA-1044,1G,F,2023,Pública,Ametista,7.629533333,,,,8.0,9.7,7.52,6.1,4.5,7.7,,,,8.336666667,5.0,-1,,,,10.0,1.0,2023,7.5,0,0
RA-1044,2G,F,2023,Pública,Ametista,7.966711904800001,,,,7.502,9.523809524,7.51,7.0,7.0,7.0,,,,7.21,10.0,0,,,,11.0,2.0,2024,7.1875,,
RA-1045,1H,F,2023,Pública,Topázio,8.089033333,,,,9.5,9.4,7.52,7.9,6.8,9.0,,,,8.28,5.0,-1,,,,11.0,1.0,2023,7.708333333,,1
RA-1046,1H,M,2023,Pública,Agata,6.835833333,,,,0.0,8.5,3.77,6.3,6.3,6.3,,,,8.223333333,10.0,0,,,,9.0,1.0,2023,8.541666667,,1
RA-1047,1H,M,2023,Pública,Ametista,7.848366667,,,,10.0,8.5,3.77,6.9,5.8,8.0,,,,7.893333333,10.0,0,,,,9.0,1.0,2023,8.125,,1
RA-1048,1H,F,2023,Privada,Ametista,7.811366667,,,,8.5,9.5,3.77,8.2,7.5,8.8,,,,8.5,5.0,-1,,,,10.0,1.0,2023,8.541666667,0,0
RA-1048,2A,F,2023,Privada,Ametista,7.5198666666000005,,,,8.502,6.833333333500001,6.255,6.25,6.5,6.0,,,,8.283333333,10.0,1,,,,11.0,2.0,2024,7.708333333,,
RA-1049,1H,M,2023,Pública,Ametista,7.443366667,,,,10.0,7.7,7.52,6.3,5.5,7.0,,,,7.943333333,5.0,-1,,,,10.0,1.0,2023,8.125,0,0
RA-1049,1J,M,2023,Pública,Agata,6.821885606,,,,9.502,8.03030303,7.51,4.5,4.0,5.0,,,,6.745,5.0,-1,,,,11.0,1.0,2024,7.65625,,
RA-105,A,M,2016,Rede Decisão,Ágata,6.846,542.0,47.0,10.0,7.9,8.2,5.6,6.7,7.2,6.2,6.8,Não,Não,7.417,2.5,-3,Destaque: A sua boa entrega das lições de casa.,Melhorar: Empenhar-se mais nas aulas e avaliações.,Melhorar: Integrar-se mais aos Princípios Passos Mágicos.,17.0,4.0,2022,,,1
RA-1050,1H,M,2023,Pública,Ametista,7.764366667,,,,9.0,9.2,6.27,7.2,6.2,8.2,,,,8.223333333,5.0,-1,,,,11.0,1.0,2023,8.125,,1
RA-1051,1H,F,2023,Pública,Topázio,8.534866667,,,,8.5,8.9,6.27,8.4,7.0,9.8,,,,8.613333333,10.0,0,,,,9.0,1.0,2023,8.75,,1
RA-1052,1H,M,2023,Pública,Agata,6.960333333,,,,0.0,9.0,7.52,5.3,5.0,5.5,,,,7.833333333,10.0,0,,,,9.0,1.0,2023,7.916666667,1,0
RA-1052,1J,M,2023,Pública,Ametista,7.744032575800001,,,,5.834,9.128787879,6.26,8.25,8.5,8.0,,,,8.4975,5.0,-1,,,,10.0,1.0,2024,8.59375,,
RA-1053,1J,M,2023,Pública,Ametista,7.776166667,,,,0.0,9.1,6.27,8.6,7.8,9.3,,,,8.616666667,10.0,0,,,,9.0,1.0,2023,8.958333333,,1
RA-1054,1J,M,2023,Pública,Ametista,7.459533333,,,,8.5,8.6,7.52,6.6,5.0,8.2,,,,7.836666667,5.0,-2,,,,12.0,1.0,2023,7.5,0,0
RA-1054,2G,M,2023,Pública,Agata,6.985788509300001,,,,9.502,7.3291925465,7.51,6.25,6.0,6.5,,,,6.75,5.0,-1,,,,13.0,2.0,2024,7.1875,,
RA-1055,1J,M,2023,Pública,Quartzo,5.9765,,,,0.0,7.2,7.52,5.5,6.0,5.0,,,,7.276666667,5.0,-1,,,,11.0,1.0,2023,7.291666667,1,0
RA-1055,1J,M,2023,Pública,Agata,6.403040909100001,,,,10.002,5.7954545455,7.51,5.5,4.0,7.0,,,,5.87,5.0,-2,,,,12.0,1.0,2024,7.1875,,
RA-1056,1K,M,2023,Pública,Topázio,8.551741667,,,,8.5,9.6,7.52,8.1,7.8,8.3,,,,8.113333333,10.0,0,,,,9.0,1.0,2023,7.96875,1,0
RA-1056,1L,M,2023,Pública,Topázio,8.192009523800001,,,,8.502,9.2857142855,7.51,8.25,8.5,8.0,,,,8.335,5.0,-1,,,,10.0,1.0,2024,9.166666667,,
RA-1057,1L,F,2023,Pública,Topázio,8.4827,,,,10.0,10.0,7.52,6.3,6.5,6.0,,,,8.34,10.0,0,,,,9.0,1.0,2023,8.125,1,0
RA-1057,1L,F,2023,Pública,Topázio,8.2352,,,,10.002,10.0,6.26,8.0,8.0,8.0,,,,8.17,5.0,-1,,,,10.0,1.0,2024,8.75,,
RA-1058,1L,F,2023,Pública,Ametista,7.356533333,,,,10.0,8.7,3.14,5.4,4.0,6.7,,,,7.62,10.0,0,,,,9.0,1.0,2023,7.083333333,1,0
RA-1058,1K,F,2023,Pública,Ametista,7.703347619,,,,9.168,8.095238095,6.88,7.75,7.5,8.0,,,,8.085,5.0,-1,,,,10.0,1.0,2024,8.125,,
RA-1059,1M,M,2023,Pública,Ametista,7.763741667,,,,10.0,9.8,2.52,7.6,6.2,9.0,,,,8.673333333,5.0,-1,,,,10.0,1.0,2023,7.96875,0,0
RA-1059,2M,M,2023,Pública,Topázio,8.678450000000002,,,,8.002,10.0,6.26,7.5,7.5,7.5,,,,9.23,10.0,0,,,,11.0,2.0,2024,9.0625,,
RA-106,A,F,2016,Rede Decisão,Ametista,7.973,148.0,13.0,5.0,9.2,8.0,9.4,7.4,7.8,7.2,7.2,Não,Sim,8.375,5.0,-1,Destaque: A sua boa entrega das lições de casa.,Melhorar: Empenhar-se mais nas aulas e avaliações.,Destaque: A sua boa integração aos Princípios Passos Mágicos.,15.0,4.0,2022,,0,0
RA-106,5A,F,2016,Privada - Programa de Apadrinhamento,Ametista,7.769658333,,,,7.9,9.1,5.0,7.3,6.7,6.8,8.3,,,7.5075,10.0,0,,,,15.0,5.0,2023,7.03125,0,0
RA-106,6A,F,2021,Privada - Programa de Apadrinhamento,Ametista,7.721664285733334,,,,9.168,8.761904762,5.635,5.666666666666667,7.0,3.5,6.5,,,7.872,10.0,0,,,,16.0,6.0,2024,7.8125,,
RA-1060,1M,M,2023,Pública,Ametista,7.095741667,,,,9.0,8.6,3.14,5.7,4.3,7.0,,,,8.673333333,5.0,-1,,,,10.0,1.0,2023,7.96875,0,0
RA-1060,2M,M,2023,Pública,Agata,6.448416666600001,,,,9.585,6.0,6.26,3.25,3.5,3.0,,,,6.163333333,10.0,0,,,,12.0,2.0,2024,7.8125,,
RA-1061,1M,M,2023,Pública,Topázio,8.196533333,,,,9.5,9.7,3.14,9.3,8.8,9.7,,,,8.836666667,5.0,-1,,,,10.0,1.0,2023,8.75,0,0
RA-1061,2M,M,2023,Pública,Topázio,8.76595,,,,8.502,10.0,6.26,8.5,7.0,10.0,,,,8.73,10.0,0,,,,11.0,2.0,2024,8.4375,,
RA-1062,1M,M,2023,Pública,Ametista,7.448841667,,,,7.4,7.7,3.77,6.2,4.8,7.5,,,,8.503333333,10.0,0,,,,9.0,1.0,2023,8.59375,1,0
RA-1062,1L,M,2023,Pública,Ametista,7.6147238096,,,,8.002,9.047619048,5.63,7.25,6.5,8.0,,,,8.085,5.0,-1,,,,10.0,1.0,2024,8.75,,
RA-1063,1N,M,2023,Privada - Programa de Apadrinhamento,Ametista,7.490825,,,,9.5,9.5,7.52,5.9,4.7,7.0,,,,7.89,5.0,-1,,,,11.0,1.0,2023,6.40625,0,0
RA-1063,2N,M,2023,Pública,Ametista,7.279250000000001,,,,5.25,9.75,7.51,7.75,9.0,6.5,,,,6.11,5.0,-1,,,,12.0,2.0,2024,7.8125,,
RA-1064,1N,M,2023,Pública,Topázio,8.4777,,,,8.5,9.8,7.52,8.6,8.3,8.8,,,,8.84,5.0,-1,,,,10.0,1.0,2023,9.375,0,0
RA-1064,2N,M,2023,Pública,Topázio,8.9802350877,,,,9.502,9.7368421055,7.51,8.5,8.0,9.0,,,,8.783333333,10.0,0,,,,11.0,2.0,2024,8.75,,
RA-1065,1N,F,2023,Pública,Topázio,8.03395,,,,8.5,9.6,7.52,7.0,7.7,6.3,,,,8.84,5.0,-1,,,,10.0,1.0,2023,8.4375,0,0
RA-1065,2N,F,2023,Pública,Topázio,8.8634934783,,,,9.502,8.8152173915,6.26,9.25,9.0,9.5,,,,8.84,10.0,0,,,,11.0,2.0,2024,9.0625,,
RA-1066,1N,F,2023,Pública,Ametista,7.262616667,,,,8.5,6.6,7.52,6.2,4.2,8.2,,,,8.783333333,5.0,-1,,,,10.0,1.0,2023,8.4375,0,0
RA-1066,2L,F,2023,Pública,Ametista,7.9326223603,,,,9.502,8.3954451345,6.26,7.25,7.0,7.5,,,,7.386666667,10.0,0,,,,11.0,2.0,2024,7.5,,
RA-1067,1N,M,2023,Pública,Agata,6.541458333,,,,0.0,7.9,7.52,5.4,4.5,6.3,,,,9.006666667,5.0,-1,,,,10.0,1.0,2023,8.28125,0,0
RA-1067,1K,M,2023,Pública,Ametista,7.840033333300001,,,,10.002,8.333333332999999,7.51,6.75,6.5,7.0,,,,8.59,5.0,-1,,,,11.0,1.0,2024,8.541666667,,
RA-1068,1P,M,2023,Pública,Topázio,8.472533333,,,,8.5,9.3,6.89,9.0,8.3,9.7,,,,9.283333333,5.0,-1,,,,10.0,1.0,2023,9.166666667,0,0
RA-1068,2R,M,2023,Pública,Topázio,9.0150030303,,,,9.502,9.068181818,7.51,9.5,9.0,10.0,,,,8.73,10.0,0,,,,11.0,2.0,2024,8.541666667,,
RA-1069,1P,M,2023,Pública,Ametista,7.590033333,,,,9.0,7.8,7.52,7.1,7.5,6.7,,,,8.226666667,5.0,-1,,,,11.0,1.0,2023,8.125,0,0
RA-1069,2K,M,2023,Pública,Ametista,7.678917391300001,,,,9.002,7.0760869565,7.51,6.25,7.0,5.5,,,,7.75,10.0,0,,,,12.0,2.0,2024,8.125,,
RA-107,A,F,2018,Escola Pública,Ágata,6.258,693.0,63.0,12.0,7.5,6.4,7.5,4.6,3.3,4.3,6.0,Sim,Não,6.5,5.0,-1,Melhorar: Melhorar a sua entrega de lições de casa.,Melhorar: Empenhar-se mais nas aulas e avaliações.,Melhorar: Integrar-se mais aos Princípios Passos Mágicos.,15.0,4.0,2022,,0,0
RA-107,5C,F,2018,Pública,Agata,6.845208333,,,,0.0,8.5,5.0,7.0,6.0,5.2,9.7,,,7.5875,10.0,0,,,,15.0,5.0,2023,7.34375,1,0
RA-107,5D,F,2021,Pública,Agata,6.676130827066667,,,,7.5,7.9949874686666655,7.51,4.666666666666667,0.0,4.5,9.5,,,6.964,5.0,-1,,,,16.0,5.0,2024,7.5,,
RA-1070,1P,M,2023,Pública,Agata,6.939033333,,,,9.0,7.8,3.14,5.8,5.3,6.3,,,,8.67,5.0,-1,,,,11.0,1.0,2023,7.708333333,0,0
RA-1070,1P,M,2023,Pública,Agata,6.287171861500001,,,,9.002,9.3073593075,5.635,2.25,4.5,0.0,,,,6.6225,5.0,-1,,,,12.0,1.0,2024,6.875,,
RA-1071,1R,M,2023,Pública,Agata,6.414033333,,,,9.0,8.6,7.52,3.5,1.7,5.3,,,,6.396666667,5.0,-1,,,,11.0,1.0,2023,5.625,0,0
RA-1071,2R,M,2023,Pública,Quartzo,4.8048623378,,,,8.002,4.188311688500001,7.51,4.5,4.0,5.0,,,,2.996666667,5.0,-1,,,,12.0,2.0,2024,4.166666667,,
RA-1072,2A,M,2023,Pública,Topázio,8.0152,,,,9.0,8.6,5.0,6.7,5.2,8.2,,,,8.7125,10.0,0,,,,11.0,2.0,2023,8.125,0,0
RA-1072,3B,M,2023,Pública,Ametista,7.8153856754,,,,8.751,5.627886710333333,8.755,8.166666666666666,8.0,7.0,9.5,,,7.545,10.0,0,,,,12.0,3.0,2024,7.96875,,
RA-1073,2A,F,2023,Pública,Agata,6.384333333,,,,0.0,8.8,2.52,6.2,4.8,7.5,,,,9.045,5.0,-1,,,,12.0,2.0,2023,8.333333333,0,0
RA-1073,3A,F,2022,Pública,Ametista,7.0859945773333335,,,,9.168,6.370972886666667,7.5,6.5,6.5,5.0,8.0,,,5.7875,10.0,0,,,,13.0,3.0,2024,6.875,,
RA-1074,2A,F,2023,Pública,Agata,6.195833333,,,,0.0,9.8,2.52,6.0,8.0,4.0,,,,7.8775,5.0,-1,,,,12.0,2.0,2023,7.083333333,,1
RA-1075,2A,F,2023,Pública,Agata,6.591333333,,,,0.0,9.6,5.0,5.5,5.0,6.0,,,,9.0025,5.0,-1,,,,12.0,2.0,2023,7.708333333,0,0
RA-1075,2A,F,2023,Pública,Agata,6.8100812324,,,,7.5,8.5154061625,3.755,6.0,5.0,7.0,,,,7.553333333,5.0,-1,,,,13.0,2.0,2024,7.708333333,,
RA-1076,2A,F,2023,Pública,Ametista,7.901033333,,,,9.0,9.7,2.52,8.5,9.0,8.0,,,,8.8775,5.0,-1,,,,12.0,2.0,2023,8.333333333,0,0
RA-1076,3A,F,2021,Pública,Ametista,7.479598365200001,,,,8.334,7.777033492666668,8.125,6.333333333333333,5.5,6.5,7.0,,,6.5425,10.0,0,,,,13.0,3.0,2024,7.03125,,
RA-1077,2B,M,2023,Pública,Ametista,7.2115,,,,0.0,9.7,2.52,7.3,6.8,7.8,,,,8.4225,10.0,0,,,,11.0,2.0,2023,8.75,0,0
RA-1077,3D,M,2023,Pública,Quartzo,5.543865740733334,,,,0.0,7.703703703666666,6.885,2.0,0.0,6.0,0.0,,,6.37,10.0,0,,,,12.0,3.0,2024,6.40625,,
RA-1078,2B,M,2023,Pública,Agata,6.472333333,,,,5.3,6.8,2.52,6.4,4.3,8.5,,,,8.2975,5.0,-2,,,,14.0,2.0,2023,8.958333333,,1
RA-1079,2B,M,2023,Pública,Agata,6.916533333,,,,9.0,8.1,2.52,7.6,7.3,7.8,,,,7.13,5.0,-1,,,,12.0,2.0,2023,7.083333333,0,0
RA-1079,3B,M,2023,Pública,Quartzo,5.4253413299333335,,,,7.5,4.516498316333333,2.51,6.333333333333333,5.0,7.5,6.5,,,4.1625,10.0,0,,,,13.0,3.0,2024,4.21875,,
RA-108,A,F,2019,Escola Pública,Quartzo,5.547,784.0,72.0,15.0,4.6,7.7,5.0,5.0,3.0,5.8,6.2,Não,Não,6.125,2.5,-3,Destaque: A sua boa entrega das lições de casa.,Melhorar: Empenhar-se mais nas aulas e avaliações.,Melhorar: Integrar-se mais aos Princípios Passos Mágicos.,17.0,4.0,2022,,0,0
RA-108,5B,F,2019,Concluiu o 3º EM,Quartzo,4.9308,,,,5.8,7.3,2.52,2.9,2.7,3.2,2.8,,,5.59,5.0,-2,,,,17.0,5.0,2023,4.375,,1
RA-1080,2B,M,2023,Pública,Agata,6.571966667,,,,7.9,10.0,5.0,1.5,0.0,3.0,,,,8.13,5.0,-1,,,,12.0,2.0,2023,8.541666667,,1
RA-1081,2B,F,2023,Pública,Ametista,7.666033333,,,,10.0,10.0,2.52,6.5,8.0,5.0,,,,8.59,5.0,-2,,,,14.0,2.0,2023,8.958333333,0,0
RA-1081,4C,F,2023,Privada - Programa de Apadrinhamento,Topázio,8.5452952381,,,,6.667,9.523809523666666,5.005,8.833333333333334,9.5,8.0,9.0,,,8.95,10.0,0,,,,15.0,4.0,2024,9.166666667,,
RA-1082,2B,F,2023,Pública,Ametista,7.1617,,,,9.5,9.5,2.52,5.0,3.5,6.5,,,,8.4225,5.0,-1,,,,12.0,2.0,2023,8.75,0,0
RA-1082,2A,F,2023,Pública,Agata,6.6114857142,,,,7.502,7.5714285715,10.0,3.75,2.0,5.5,,,,6.943333333,5.0,-1,,,,13.0,2.0,2024,7.083333333,,
RA-1083,2B,F,2023,Pública,Topázio,8.2345,,,,6.8,10.0,5.0,7.5,7.0,8.0,,,,8.38,10.0,0,,,,10.0,2.0,2023,8.75,,1
RA-1084,2B,F,2023,Pública,Ametista,7.9948,,,,8.4,10.0,2.52,6.8,5.0,8.5,,,,8.38,10.0,0,,,,11.0,2.0,2023,8.75,0,0
RA-1084,3A,F,2023,Pública,Agata,6.9071109649333335,,,,8.751,7.705263158,5.63,3.6666666666666665,1.0,6.0,4.0,,,7.4575,10.0,0,,,,12.0,3.0,2024,7.03125,,
RA-1085,2C,F,2023,Pública,Agata,6.563833333,,,,0.0,9.8,2.52,6.7,6.0,7.3,,,,8.13,5.0,-1,,,,12.0,2.0,2023,8.958333333,,1
RA-1086,2C,F,2023,Pública,Ametista,7.2382,,,,8.5,9.4,2.52,5.7,6.0,5.3,,,,8.755,5.0,-1,,,,12.0,2.0,2023,8.75,,1
RA-1087,2C,F,2023,Pública,Ametista,7.2067,,,,10.0,9.5,2.52,5.4,3.7,7.0,,,,8.0475,5.0,-1,,,,12.0,2.0,2023,8.75,0,0
RA-1087,3B,F,2023,Pública,Agata,6.913936532,,,,7.917,8.393265993333333,8.755,2.6666666666666665,2.0,5.0,1.0,,,6.58,10.0,0,,,,13.0,3.0,2024,7.1875,,
RA-1088,2C,M,2023,Pública,Ametista,7.4717,,,,9.5,9.8,2.52,6.8,6.0,7.5,,,,7.9225,5.0,-1,,,,13.0,2.0,2023,8.75,,1
RA-1089,2C,F,2023,Pública,Ametista,7.9947,,,,9.0,9.5,2.52,7.0,6.0,8.0,,,,8.3375,10.0,0,,,,11.0,2.0,2023,8.75,0,0
RA-1089,3D,F,2023,Pública,Ametista,7.6221531746,,,,9.168,7.039682539666667,8.13,6.833333333333333,6.0,6.0,8.5,,,6.995,10.0,0,,,,12.0,3.0,2024,7.1875,,
RA-109,A,M,2021,Rede Decisão,Topázio,8.512,33.0,4.0,2.0,8.8,10.0,8.8,8.4,7.8,7.5,9.9,Não,Sim,8.667,5.0,-2,Destaque: A sua boa entrega das lições de casa.,Destaque: As suas boas notas na Passos Mágicos.,Destaque: A sua boa integração aos Princípios Passos Mágicos.,16.0,4.0,2022,,0,0
RA-109,6A,M,2021,Privada - Programa de Apadrinhamento,Topázio,8.3184,,,,8.3,9.9,7.52,8.3,7.0,8.2,9.7,,,8.59,5.0,-1,,,,17.0,6.0,2023,8.75,,1
RA-1090,2C,M,2023,Pública,Ametista,7.844033333,,,,9.0,9.6,2.52,9.0,8.7,9.3,,,,7.88,5.0,-1,,,,13.0,2.0,2023,8.958333333,0,0
RA-1090,3D,M,2023,Pública,Ametista,7.7652831384,,,,9.585,7.621832358666666,7.51,6.333333333333333,3.5,7.5,8.0,,,7.4175,10.0,0,,,,14.0,3.0,2024,7.8125,,
RA-1091,2C,M,2023,Pública,Topázio,8.032533333,,,,8.5,9.0,2.52,9.5,9.3,9.7,,,,9.1725,5.0,-1,,,,12.0,2.0,2023,8.958333333,,1
RA-1092,2C,M,2023,Pública,Ametista,7.41,,,,7.8,9.8,2.52,6.9,6.0,7.8,,,,8.2975,5.0,-1,,,,12.0,2.0,2023,8.75,,1
RA-1093,2C,M,2023,Pública,Topázio,8.197533333,,,,7.0,9.3,2.52,9.2,9.3,9.0,,,,8.2975,10.0,0,,,,11.0,2.0,2023,8.958333333,0,0
RA-1093,3D,M,2023,Pública,Topázio,8.5079027778,,,,7.5,7.722222222333333,8.13,8.666666666666666,8.5,8.0,9.5,,,8.8825,10.0,0,,,,12.0,3.0,2024,8.90625,,
RA-1094,2C,F,2023,Pública,Topázio,8.1779,,,,7.8,9.5,2.52,8.5,7.8,9.2,,,,8.3375,10.0,0,,,,11.0,2.0,2023,8.75,0,0
RA-1094,3D,F,2023,Pública,Topázio,8.0164785714,,,,9.168,9.523809523666666,2.51,7.333333333333333,6.0,7.5,8.5,,,8.1675,10.0,0,,,,12.0,3.0,2024,8.4375,,
RA-1095,2C,M,2023,Pública,Agata,6.238,,,,0.0,9.8,2.52,5.3,5.8,4.7,,,,8.005,5.0,-1,,,,13.0,2.0,2023,8.75,0,0
RA-1095,3D,M,2023,Pública,Agata,6.108547514666667,,,,7.5,7.84502924,7.51,2.3333333333333335,3.0,2.0,2.0,,,5.125,10.0,0,,,,14.0,3.0,2024,5.46875,,
RA-1096,2D,F,2023,Pública,Topázio,8.615533333,,,,9.5,9.9,2.52,9.6,9.5,9.7,,,,8.0875,10.0,0,,,,10.0,2.0,2023,8.958333333,0,0
RA-1096,3B,F,2023,Pública,Topázio,9.189883333333334,,,,9.168,9.866666666666667,8.755,8.5,8.5,7.0,10.0,,,9.09,10.0,1,,,,11.0,3.0,2024,9.0625,,
RA-1097,2D,M,2023,Pública,Agata,6.9547,,,,9.5,8.6,5.0,5.4,4.3,6.5,,,,6.96,5.0,-2,,,,14.0,2.0,2023,8.125,0,0
RA-1097,3C,M,2023,Pública,Quartzo,5.475324895633334,,,,10.002,4.849791144666667,6.25,3.0,4.5,4.5,0.0,,,5.88,5.0,-1,,,,15.0,3.0,2024,6.041666667,,
RA-1098,2D,F,2023,Pública,Ametista,7.2787,,,,9.5,9.5,2.52,6.4,6.3,6.5,,,,7.92,5.0,-1,,,,13.0,2.0,2023,8.125,0,0
RA-1098,3D,F,2023,Pública,Agata,6.5744562514,,,,8.751,5.822406257,7.51,3.5,1.0,3.5,6.0,,,6.7475,10.0,0,,,,14.0,3.0,2024,7.34375,,
RA-1099,2F,F,2023,Pública,Ametista,7.113533333,,,,9.0,9.6,2.52,5.2,5.7,4.7,,,,8.34,5.0,-1,,,,13.0,2.0,2023,8.333333333,0,0
RA-1099,3G,F,2023,Pública,Ametista,7.332483333333334,,,,8.334,8.133333333333333,10.0,3.8333333333333335,2.5,3.5,5.5,,,6.6225,10.0,0,,,,14.0,3.0,2024,7.8125,,
RA-11,A,F,2016,Escola Pública,Quartzo,5.323,799.0,19.0,11.0,9.2,4.2,5.0,3.0,1.8,2.5,4.5,Não,Não,6.389,5.0,-1,Melhorar: Melhorar a sua entrega de lições de casa.,Melhorar: Empenhar-se mais nas aulas e avaliações.,Melhorar: Integrar-se mais aos Princípios Passos Mágicos.,18.0,7.0,2022,,,1
RA-110,A,M,2017,Rede Decisão,Topázio,8.15,100.0,10.0,3.0,9.2,9.7,5.6,6.7,8.3,5.7,6.0,Não,Não,8.0,10.0,0,Destaque: A sua boa entrega das lições de casa.,Melhorar: Empenhar-se mais nas aulas e avaliações.,Destaque: A sua boa integração aos Princípios Passos Mágicos.,14.0,4.0,2022,,0,0
RA-110,5A,M,2017,Privada - Programa de Apadrinhamento,Topázio,8.0879,,,,8.3,8.6,5.0,7.5,8.3,6.2,8.0,,,8.2975,10.0,0,,,,15.0,5.0,2023,8.75,0,0
RA-110,5A,M,2021,Privada - Programa de Apadrinhamento,Topázio,8.6324939394,,,,9.168,9.696969697,6.255,8.5,10.0,7.0,8.5,,,8.504,10.0,0,,,,16.0,5.0,2024,7.5,,
RA-1100,2F,M,2023,Pública,Topázio,8.261033333,,,,10.0,9.2,5.0,7.1,6.3,7.8,,,,8.283333333,10.0,0,,,,11.0,2.0,2023,8.541666667,0,0
RA-1100,3G,M,2023,Pública,Agata,6.649708333333334,,,,7.5,7.1000000000000005,7.51,4.666666666666667,4.0,4.0,6.0,,,5.6175,10.0,1,,,,12.0,3.0,2024,6.71875,,
RA-1101,2F,M,2023,Pública,Agata,6.446666667,,,,0.0,7.2,5.0,5.3,4.2,6.3,,,,8.116666667,10.0,0,,,,10.0,2.0,2023,8.333333333,,1
RA-1102,2F,M,2023,Pública,Topázio,8.123033333,,,,9.5,9.5,5.0,7.5,5.7,9.2,,,,7.56,10.0,0,,,,11.0,2.0,2023,7.708333333,0,0
RA-1102,3H,M,2023,Pública,Topázio,8.440611904733334,,,,8.751,9.390476190333333,8.13,9.333333333333334,10.0,8.0,10.0,,,7.07,10.0,1,,,,12.0,3.0,2024,5.9375,,
RA-1103,2F,M,2023,Pública,Ametista,7.574866667,,,,9.0,8.7,5.0,5.0,4.5,5.5,,,,8.006666667,10.0,0,,,,10.0,2.0,2023,8.333333333,0,0
RA-1103,2H,M,2023,Pública,Ametista,7.861995031000001,,,,8.502,7.763975155000001,7.51,7.25,6.0,8.5,,,,7.54,10.0,0,,,,11.0,2.0,2024,7.5,,
RA-1104,2G,F,2023,Pública,Ametista,7.265533333,,,,5.7,10.0,2.52,6.4,5.5,7.3,,,,9.063333333,5.0,-1,,,,13.0,2.0,2023,8.541666667,,1
RA-1105,2G,F,2023,Pública,Agata,6.299166667,,,,0.0,9.0,2.52,6.0,5.0,7.0,,,,8.673333333,5.0,-1,,,,13.0,2.0,2023,8.125,,1
RA-1106,2H,M,2023,Pública,Ametista,7.1642,,,,8.5,9.3,5.0,5.1,5.2,5.0,,,,8.003333333,5.0,-1,,,,12.0,2.0,2023,8.333333333,0,0
RA-1106,3F,M,2023,Pública,Quartzo,5.936272086266667,,,,8.334,5.4312354313333335,7.51,0.0,0.0,0.0,0.0,,,7.5,10.0,0,,,,13.0,3.0,2024,7.65625,,
RA-1107,2H,F,2023,Pública,Ametista,7.9327,,,,9.0,9.4,5.0,7.5,8.0,7.0,,,,8.783333333,5.0,-1,,,,12.0,2.0,2023,8.958333333,0,0
RA-1107,3G,F,2023,Pública,Quartzo,5.9731,,,,8.751,6.2,2.51,2.5,1.0,3.5,3.0,,,6.785,10.0,0,,,,13.0,3.0,2024,7.5,,
RA-1108,2H,M,2023,Pública,Agata,6.310833333,,,,0.0,9.3,5.0,4.7,3.7,5.7,,,,8.283333333,5.0,-1,,,,12.0,2.0,2023,8.541666667,0,0
RA-1108,3F,M,2023,Pública,Agata,6.017215010400001,,,,9.168,3.7546583853333337,8.13,3.6666666666666665,3.5,3.5,4.0,,,5.422,10.0,0,,,,13.0,3.0,2024,7.1875,,
RA-1109,2H,M,2023,Pública,Agata,6.277533333,,,,10.0,6.4,5.0,3.4,3.5,3.3,,,,7.836666667,5.0,-2,,,,14.0,2.0,2023,7.5,,1
RA-111,A,F,2020,Rede Decisão,Topázio,8.646,22.0,2.0,1.0,7.5,9.4,8.1,8.0,6.7,7.5,9.7,Não,Sim,8.667,10.0,1,Destaque: A sua boa entrega das lições de casa.,Destaque: As suas boas notas na Passos Mágicos.,Destaque: A sua boa integração aos Princípios Passos Mágicos.,13.0,4.0,2022,,0,0
RA-111,5A,F,2020,Privada - Programa de Apadrinhamento,Ametista,7.566458333,,,,7.5,8.7,5.0,6.0,6.0,5.2,6.7,,,8.0875,10.0,1,,,,14.0,5.0,2023,7.65625,1,0
RA-111,5B,F,2021,Privada - Programa de Apadrinhamento,Topázio,8.667693939400001,,,,9.168,9.488636363666666,6.26,8.333333333333334,8.0,7.0,10.0,,,8.74,10.0,0,,,,15.0,5.0,2024,8.125,,
RA-1110,2H,F,2023,Pública,Ametista,7.248566667,,,,4.6,9.2,5.0,6.8,6.5,7.0,,,,8.73,5.0,-1,,,,12.0,2.0,2023,8.541666667,,1
RA-1111,2I,F,2023,Pública,Agata,6.559166667,,,,0.0,8.9,2.52,5.4,4.8,6.0,,,,8.173333333,10.0,0,,,,11.0,2.0,2023,8.125,0,0
RA-1111,3F,F,2023,Pública,Agata,6.116032815733334,,,,6.249,4.600414078666667,7.5,5.0,5.0,4.0,6.0,,,5.824,10.0,1,,,,12.0,3.0,2024,6.5625,,
RA-1112,2I,M,2023,Pública,Ametista,7.088866667,,,,9.5,7.9,2.52,6.3,5.2,7.3,,,,8.616666667,5.0,-1,,,,12.0,2.0,2023,8.333333333,0,0
RA-1112,3I,M,2023,Pública,Agata,6.8560823939999995,,,,9.585,9.02791197,8.135,4.0,4.0,4.0,4.0,,,4.705,10.0,0,,,,13.0,3.0,2024,5.375,,
RA-1113,2K,M,2023,Pública,Quartzo,5.636666667,,,,0.0,6.0,7.52,5.0,5.0,5.0,,,,7.173333333,5.0,-1,,,,12.0,2.0,2023,7.5,,1
RA-1114,2K,F,2023,Pública,Ametista,7.5667,,,,8.5,9.8,2.52,4.9,4.3,5.5,,,,8.56,10.0,0,,,,11.0,2.0,2023,8.125,0,0
RA-1114,3M,F,2023,Pública,Ametista,7.437466666666667,,,,8.751,9.533333333333333,2.51,5.0,5.0,3.0,7.0,,,7.836,10.0,0,,,,12.0,3.0,2024,8.375,,
RA-1115,2K,F,2023,Pública,Agata,6.474,,,,0.0,8.3,7.52,4.0,6.0,2.0,,,,7.56,10.0,0,,,,11.0,2.0,2023,7.5,0,0
RA-1115,2M,F,2023,Pública,Agata,6.570068686900001,,,,8.002,4.2676767675,7.51,6.25,6.5,6.0,,,,5.826666667,10.0,0,,,,12.0,2.0,2024,7.5,,
RA-1116,2K,M,2023,Pública,Agata,6.956533333,,,,9.5,9.2,5.0,4.9,3.8,6.0,,,,7.39,5.0,-1,,,,13.0,2.0,2023,7.083333333,0,0
RA-1116,3M,M,2023,Pública,Quartzo,3.7894777778,,,,0.0,3.3555555556666667,6.26,2.3333333333333335,1.0,3.0,3.0,,,5.066,5.0,-1,,,,15.0,3.0,2024,5.125,,
RA-1117,2K,F,2023,Pública,Topázio,8.382366667,,,,9.0,9.6,7.52,7.3,6.0,8.5,,,,7.946666667,10.0,0,,,,11.0,2.0,2023,7.708333333,0,0
RA-1117,3K,F,2023,Pública,Ametista,7.601562962866668,,,,8.751,8.314814814666667,7.51,5.666666666666667,5.0,5.0,7.0,,,6.833333333,10.0,1,,,,12.0,3.0,2024,8.125,,
RA-1118,2K,F,2023,Pública,Ametista,7.163833333,,,,5.3,8.8,7.52,6.0,4.8,7.2,,,,8.28,5.0,-1,,,,12.0,2.0,2023,7.708333333,0,0
RA-1118,3M,F,2023,Pública,Ametista,7.0305545924,,,,7.084,7.846439628666666,9.38,3.8333333333333335,3.0,4.5,4.0,,,6.866,10.0,0,,,,14.0,3.0,2024,6.75,,
RA-1119,2L,F,2023,Pública,Ametista,7.192,,,,7.3,9.7,3.77,5.9,3.0,8.8,,,,8.453333333,5.0,-1,,,,13.0,2.0,2023,7.708333333,0,0
RA-1119,3M,F,2023,Pública,Ametista,7.388266666666667,,,,9.585,8.716666666666667,7.51,5.666666666666667,6.0,3.5,7.5,,,7.698,5.0,-1,,,,14.0,3.0,2024,7.625,,
RA-112,A,F,2016,Rede Decisão,Ametista,7.836,189.0,17.0,6.0,7.9,7.8,6.3,8.5,9.0,7.5,9.1,Não,Sim,8.833,5.0,-1,Destaque: A sua boa entrega das lições de casa.,Destaque: As suas boas notas na Passos Mágicos.,Destaque: A sua boa integração aos Princípios Passos Mágicos.,15.0,4.0,2022,,0,0
RA-112,5A,F,2016,Privada - Programa de Apadrinhamento,Ametista,7.141308333,,,,6.7,8.1,5.0,7.4,7.3,6.5,8.3,,,7.9225,5.0,-1,,,,16.0,5.0,2023,7.96875,0,0
RA-112,6A,F,2021,Privada - Programa de Apadrinhamento,Topázio,8.052609920666667,,,,7.083,7.978174603333333,7.51,8.0,9.5,6.0,8.5,,,8.004,10.0,0,,,,17.0,6.0,2024,7.96875,,
RA-1120,2L,F,2023,Pública,Topázio,9.103366667,,,,9.5,9.6,7.52,8.3,7.3,9.2,,,,9.676666667,10.0,0,,,,11.0,2.0,2023,8.958333333,,1
RA-1121,2L,M,2023,Pública,Topázio,8.049,,,,0.0,9.9,6.26,8.0,6.5,9.5,,,,9.84,10.0,0,,,,11.0,2.0,2023,8.75,0,0
RA-1121,3K,M,2023,Pública,Topázio,8.407166666633334,,,,9.585,10.0,7.51,6.666666666666667,9.0,5.0,6.0,,,8.28,10.0,0,,,,12.0,3.0,2024,7.083333333,,
RA-1122,2L,M,2023,Pública,Ametista,7.3715,,,,0.0,9.3,6.89,6.9,5.2,8.5,,,,8.616666667,10.0,0,,,,11.0,2.0,2023,7.291666667,0,0
RA-1122,3K,M,2023,Pública,Ametista,7.817322222166666,,,,8.751,9.861111111,7.51,5.333333333333333,5.0,4.5,6.5,,,7.22,10.0,1,,,,12.0,3.0,2024,7.083333333,,
RA-1123,2L,M,2023,Pública,Agata,6.9565,,,,7.3,8.9,7.52,5.3,3.8,6.8,,,,7.113333333,5.0,-1,,,,12.0,2.0,2023,7.083333333,,1
RA-1124,2M,F,2023,Pública,Agata,6.667866667,,,,9.5,8.0,7.52,3.0,1.0,5.0,,,,7.786666667,5.0,-2,,,,14.0,2.0,2023,7.083333333,,1
RA-1125,2M,F,2023,Pública,Agata,6.655366667,,,,4.7,7.9,7.52,4.0,1.0,7.0,,,,6.95,10.0,0,,,,11.0,2.0,2023,6.666666667,,1
RA-1126,2M,F,2023,Pública,,,,,,0.0,5.2,3.77,,,,,,,7.06,5.0,-1,,,,12.0,2.0,2023,7.291666667,,1
RA-1127,2N,F,2023,Pública,Topázio,8.3167,,,,8.5,9.9,5.02,6.9,5.0,8.7,,,,9.01,10.0,0,,,,11.0,2.0,2023,8.125,0,0
RA-1127,3N,F,2023,Pública,Topázio,8.180966666666668,,,,9.168,10.0,7.51,5.833333333333333,8.5,4.5,4.5,,,7.67,10.0,0,,,,12.0,3.0,2024,8.125,,
RA-1128,2N,M,2023,Pública,Agata,6.404533333,,,,9.5,7.3,5.02,3.5,3.0,4.0,,,,7.503333333,5.0,-1,,,,12.0,2.0,2023,7.916666667,,1
RA-1129,2N,M,2023,Pública,Ametista,7.309333333,,,,0.0,9.2,6.27,7.8,6.8,8.7,,,,7.503333333,10.0,0,,,,11.0,2.0,2023,7.916666667,0,0
RA-1129,3N,M,2023,Pública,Ametista,7.360417647066668,,,,9.168,7.137254902,8.13,6.833333333333333,9.0,5.5,6.0,,,5.745,10.0,0,,,,12.0,3.0,2024,6.875,,
RA-113,A,F,2017,Rede Decisão,Quartzo,3.032,862.0,76.0,16.0,0.0,0.0,5.0,3.7,3.3,5.5,2.3,Não,Não,3.792,5.0,-1,Melhorar: Melhorar a sua entrega de lições de casa.,Melhorar: Empenhar-se mais nas aulas e avaliações.,Melhorar: Integrar-se mais aos Princípios Passos Mágicos.,15.0,4.0,2022,,,0
RA-113,5G,F,2021,Pública,Ametista,7.043536903066667,,,,8.751,7.063851181666667,7.51,6.666666666666667,7.0,6.0,7.0,,,7.106666667,5.0,-1,,,,16.0,5.0,2024,7.5,,
RA-1130,2N,M,2023,Pública,Topázio,8.0037,,,,8.5,8.4,7.52,7.3,6.3,8.2,,,,7.503333333,10.0,0,,,,11.0,2.0,2023,7.708333333,0,0
RA-1130,3N,M,2023,Pública,Agata,6.563952941199999,,,,8.751,6.278431372666667,8.13,4.333333333333333,7.5,3.5,2.0,,,5.33,10.0,0,,,,12.0,3.0,2024,6.875,,
RA-1131,2N,F,2023,Pública,Topázio,8.316133333,,,,7.9,9.9,5.02,9.1,8.3,9.8,,,,9.286666667,5.0,-1,,,,12.0,2.0,2023,8.75,0,0
RA-1131,3K,F,2023,Privada - Programa de Apadrinhamento,Topázio,8.2889555555,,,,8.334,9.277777777666666,6.255,8.333333333333334,8.0,7.0,10.0,,,7.893333333,10.0,0,,,,13.0,3.0,2024,7.291666667,,
RA-1132,2N,M,2023,Pública,Agata,6.829533333,,,,10.0,6.3,6.27,5.8,5.2,6.3,,,,7.503333333,5.0,-1,,,,12.0,2.0,2023,7.916666667,,1
RA-1133,2N,F,2023,Pública,Topázio,8.600033333,,,,9.5,10.0,6.27,6.5,5.0,8.0,,,,9.343333333,10.0,0,,,,10.0,2.0,2023,8.541666667,0,0
RA-1133,3U,F,2023,Pública,Topázio,8.238553968266668,,,,9.168,9.841269841333334,8.75,4.5,5.0,3.5,5.0,,,8.83,10.0,1,,,,11.0,3.0,2024,8.125,,
RA-1134,2N,M,2023,Pública,Ametista,7.769866667,,,,8.0,9.7,3.76,6.8,5.5,8.0,,,,7.56,10.0,0,,,,11.0,2.0,2023,7.916666667,0,0
RA-1134,3U,M,2023,Pública,Ametista,7.7564571427,,,,8.751,8.914285714,7.51,6.0,6.0,5.5,6.5,,,6.883333333,10.0,0,,,,12.0,3.0,2024,7.708333333,,
RA-1135,2P,M,2023,Pública,Ametista,7.453833333,,,,0.0,9.4,7.52,7.2,4.8,9.5,,,,7.896666667,10.0,0,,,,11.0,2.0,2023,8.125,,1
RA-1136,2P,F,2023,Pública,Agata,6.7351,,,,6.8,8.1,2.52,6.6,4.8,8.3,,,,7.723333333,5.0,-1,,,,13.0,2.0,2023,8.333333333,0,0
RA-1136,3R,F,2023,Pública,Quartzo,5.458179831866667,,,,8.751,4.547899159666667,8.135,1.6666666666666667,1.0,2.0,2.0,,,6.383333333,5.0,-1,,,,14.0,3.0,2024,7.5,,
RA-1137,2R,F,2023,Pública,Topázio,8.743366667,,,,9.5,9.8,6.27,6.5,6.0,7.0,,,,9.843333333,10.0,0,,,,10.0,2.0,2023,9.375,0,0
RA-1137,3P,F,2023,Pública,Ametista,7.1837526524666675,,,,8.334,7.588638262333333,8.13,3.5,1.0,4.5,5.0,,,7.4575,10.0,1,,,,11.0,3.0,2024,8.28125,,
RA-1138,2R,F,2023,Pública,Topázio,8.3472,,,,9.0,9.2,6.27,9.3,9.0,9.5,,,,8.566666667,5.0,-1,,,,12.0,2.0,2023,9.166666667,,1
RA-1139,2R,M,2023,Pública,Ametista,7.6647,,,,8.5,9.1,5.64,5.3,6.3,4.3,,,,7.79,10.0,0,,,,11.0,2.0,2023,8.125,0,0
RA-1139,3P,M,2023,Pública,Agata,6.906276357600001,,,,8.334,6.152715121333333,7.51,4.666666666666667,5.0,3.0,6.0,,,7.04,10.0,1,,,,12.0,3.0,2024,7.5,,
RA-114,A,M,2022,Escola Pública,Quartzo,5.894,738.0,66.0,13.0,7.9,6.3,7.5,5.3,6.0,4.5,,Não,Não,5.0,5.0,-2,Melhorar: Melhorar a sua entrega de lições de casa.,Melhorar: Empenhar-se mais nas aulas e avaliações.,Melhorar: Integrar-se mais aos Princípios Passos Mágicos.,16.0,4.0,2022,,0,0
RA-114,5B,M,2022,Pública,Quartzo,5.335,,,,0.0,6.0,3.14,5.6,4.0,4.5,8.3,,,7.255,5.0,-2,,,,17.0,5.0,2023,7.5,,1
RA-1140,2R,F,2023,Pública,Ametista,7.703533333,,,,4.7,8.7,7.52,7.3,8.5,6.0,,,,7.62,10.0,0,,,,11.0,2.0,2023,7.708333333,0,0
RA-1140,2P,F,2023,Pública,Ametista,7.3473880383,,,,6.834,6.112440191499999,7.51,7.0,4.5,9.5,,,,7.39,10.0,0,,,,12.0,2.0,2024,8.125,,
RA-1141,2R,F,2023,Pública,Ametista,7.2757,,,,9.0,8.8,7.52,5.9,5.5,6.2,,,,7.113333333,5.0,-1,,,,12.0,2.0,2023,7.708333333,0,0
RA-1141,3L,F,2023,Pública,Agata,6.793890866866667,,,,9.585,6.191537667666666,7.51,4.166666666666667,5.0,4.5,3.0,,,6.7825,10.0,0,,,,13.0,3.0,2024,6.5625,,
RA-1142,2R,F,2023,Pública,Topázio,9.175033333,,,,9.0,10.0,7.52,10.0,10.0,10.0,,,,8.343333333,10.0,0,,,,11.0,2.0,2023,8.541666667,0,0
RA-1142,3P,F,2023,Pública,Topázio,8.390566666666668,,,,8.334,9.133333333333333,7.51,8.5,10.0,8.0,7.5,,,7.335,10.0,0,,,,12.0,3.0,2024,8.125,,
RA-1143,3A,F,2023,Pública,Agata,6.445933333,,,,8.8,7.0,6.26,5.3,6.0,6.3,3.5,,,6.2075,5.0,-2,,,,15.0,3.0,2023,7.5,1,0
RA-1143,3A,F,2021,Pública,Quartzo,5.881225668333334,,,,9.585,5.201336675,9.38,3.1666666666666665,3.0,6.5,0.0,,,6.79,2.5,-3,,,,16.0,3.0,2024,7.03125,,
RA-1144,3B,F,2023,Pública,Ametista,7.410625,,,,0.0,9.4,5.02,8.0,7.0,8.2,8.8,,,8.0025,10.0,0,,,,13.0,3.0,2023,8.28125,,1
RA-1145,3B,F,2023,Pública,Ametista,7.484375,,,,0.0,9.5,4.39,7.8,7.7,7.7,8.0,,,8.63,10.0,1,,,,11.0,3.0,2023,8.59375,,1
RA-1146,3B,F,2023,Pública,Agata,6.689583333,,,,9.6,8.8,6.26,3.7,5.0,3.3,2.7,,,6.965,5.0,-1,,,,14.0,3.0,2023,7.1875,1,0
RA-1146,3C,F,2023,Pública,Quartzo,5.3933086048000005,,,,10.002,5.017209691,6.88,2.0,2.0,0.0,4.0,,,5.883333333,5.0,-2,,,,15.0,3.0,2024,6.25,,
RA-1147,3B,F,2023,Pública,Ametista,7.072983333,,,,8.3,8.3,6.26,6.7,5.0,7.5,7.5,,,7.0075,5.0,-1,,,,14.0,3.0,2023,7.1875,0,0
RA-1147,3B,F,2023,Pública,Quartzo,5.833118518533334,,,,8.751,6.125925926,8.755,3.1666666666666665,2.0,5.0,2.5,,,5.495,5.0,-1,,,,15.0,3.0,2024,6.25,,
RA-1148,3B,F,2023,Pública,Ametista,7.227866667,,,,7.9,8.6,3.77,5.7,5.7,5.3,6.2,,,7.2125,10.0,1,,,,11.0,3.0,2023,7.5,,1
RA-1149,3C,F,2023,Pública,Ametista,7.410108333,,,,8.3,9.8,2.52,7.2,6.0,6.8,8.7,,,8.1725,5.0,-1,,,,14.0,3.0,2023,7.96875,0,0
RA-1149,4A,F,2023,Pública,Topázio,8.1371,,,,8.334,10.0,10.0,6.0,2.0,6.0,10.0,,,8.706,5.0,-1,,,,15.0,4.0,2024,8.625,,
RA-115,A,F,2019,Escola Pública,Quartzo,5.886,740.0,67.0,14.0,8.3,6.8,6.3,3.8,3.0,5.7,2.7,Não,Não,5.583,5.0,-2,Melhorar: Melhorar a sua entrega de lições de casa.,Melhorar: Empenhar-se mais nas aulas e avaliações.,Melhorar: Integrar-se mais aos Princípios Passos Mágicos.,16.0,4.0,2022,,0,0
RA-115,5A,F,2019,Pública,Agata,6.319141667,,,,8.8,7.1,5.0,4.2,3.7,3.8,5.2,,,7.215,5.0,-1,,,,16.0,5.0,2023,7.34375,1,0
RA-115,5A,F,2021,Pública,Quartzo,5.404184695733334,,,,7.917,4.164756812,6.26,4.166666666666667,6.5,4.5,1.5,,,5.726,5.0,-2,,,,17.0,5.0,2024,6.75,,
RA-1150,3C,M,2023,Pública,Ametista,7.076008333,,,,9.2,9.8,2.52,6.7,7.0,6.5,6.5,,,7.835,2.5,-3,,,,16.0,3.0,2023,7.96875,0,0
RA-1150,4C,M,2023,Pública,Ametista,7.1023212964,,,,8.334,6.481481481666667,7.51,6.833333333333333,4.0,6.5,10.0,,,7.946666667,5.0,-2,,,,17.0,4.0,2024,7.65625,,
RA-1151,3C,F,2023,Pública,Ametista,7.829958333,,,,7.5,9.5,2.52,8.3,7.3,8.8,8.7,,,7.545,10.0,0,,,,12.0,3.0,2023,7.65625,0,0
RA-1151,4C,F,2023,Pública,Topázio,8.749111111066668,,,,7.5,9.722222222333334,5.635,9.0,9.0,8.0,10.0,,,9.393333333,10.0,1,,,,13.0,4.0,2024,8.125,,
RA-1152,3C,M,2023,Pública,Agata,6.544916667,,,,0.0,9.4,5.0,6.8,6.7,6.0,7.8,,,7.585,5.0,-1,,,,14.0,3.0,2023,7.8125,,1
RA-1153,3D,F,2023,Pública,Ametista,7.968658333,,,,7.9,10.0,7.52,7.2,6.7,7.8,7.0,,,8.63,5.0,-1,,,,14.0,3.0,2023,7.65625,0,0
RA-1153,4A,F,2021,Privada - Programa de Apadrinhamento,Topázio,8.268876190466667,,,,8.751,9.702380952333334,5.635,8.5,8.0,8.5,9.0,,,9.074,5.0,-1,,,,15.0,4.0,2024,8.75,,
RA-1154,3F,M,2023,Pública,Ametista,7.701125,,,,9.6,9.3,5.63,5.1,5.3,5.0,5.0,,,7.67,10.0,0,,,,13.0,3.0,2023,7.65625,1,0
RA-1154,3G,M,2023,Pública,Ametista,7.5660750000000005,,,,7.917,9.200000000000001,7.51,8.0,7.0,7.0,10.0,,,6.745,5.0,-1,,,,14.0,3.0,2024,7.34375,,
RA-1155,3F,F,2023,Pública,Ametista,7.821633333,,,,9.2,9.2,5.63,8.0,6.7,8.2,9.0,,,8.2925,5.0,-1,,,,14.0,3.0,2023,7.5,0,0
RA-1155,4F,F,2023,Pública,Ametista,7.119011111133333,,,,8.334,8.888888889,5.005,4.666666666666667,6.0,8.0,0.0,,,8.87,5.0,-1,,,,15.0,4.0,2024,8.0,,
RA-1156,3F,F,2023,Pública,Ametista,7.340775,,,,8.3,9.2,2.52,5.3,6.2,6.0,3.7,,,7.7925,10.0,0,,,,12.0,3.0,2023,7.96875,0,0
RA-1156,4F,F,2023,Pública,Agata,6.6777135642,,,,7.5,7.821067821,7.51,2.0,6.0,0.0,0.0,,,7.5,10.0,1,,,,13.0,4.0,2024,7.125,,
RA-1157,3G,M,2023,Pública,Ametista,7.086633333,,,,9.2,8.8,6.26,5.7,5.0,6.3,5.7,,,7.0025,5.0,-1,,,,14.0,3.0,2023,7.5,0,0
RA-1157,3H,M,2023,Pública,Ametista,7.916082936533334,,,,9.585,9.082539682666665,7.51,7.0,8.0,6.0,7.0,,,8.466,5.0,-1,,,,15.0,3.0,2024,7.96875,,
RA-1158,3G,F,2023,Pública,Agata,6.306666667,,,,7.5,8.6,2.52,4.3,5.3,5.0,2.7,,,7.34,5.0,-1,,,,14.0,3.0,2023,7.5,,1
RA-1159,3I,F,2023,Pública,Quartzo,5.913883333,,,,5.8,6.6,2.52,3.1,5.2,1.5,2.5,,,7.1325,10.0,0,,,,12.0,3.0,2023,7.1875,,1
RA-116,B,F,2019,Escola Pública,Ágata,6.854,538.0,46.0,8.0,5.8,8.1,6.3,5.9,5.0,7.2,5.5,Sim,Não,7.792,5.0,-2,Destaque: A sua boa entrega das lições de casa.,Melhorar: Empenhar-se mais nas aulas e avaliações.,Destaque: A sua boa integração aos Princípios Passos Mágicos.,16.0,4.0,2022,,0,0
RA-116,5A,F,2019,Pública,Agata,6.433075,,,,6.7,7.6,5.0,4.7,2.3,5.0,6.8,,,7.5475,5.0,-2,,,,17.0,5.0,2023,7.96875,0,0
RA-116,5A,F,2021,Pública,Agata,6.337470707133334,,,,8.334,7.535353535666666,5.635,4.5,6.5,2.0,5.0,,,6.73,5.0,-2,,,,18.0,5.0,2024,6.875,,
RA-1160,3I,M,2023,Pública,Agata,6.636166667,,,,9.6,8.7,2.52,2.7,4.8,2.7,0.7,,,7.2575,10.0,0,,,,13.0,3.0,2023,6.875,1,0
RA-1160,3I,M,2023,Pública,Agata,6.274190982333334,,,,8.751,8.201288245,7.51,3.1666666666666665,5.5,2.0,2.0,,,6.2475,5.0,-1,,,,14.0,3.0,2024,6.25,,
RA-1161,3I,F,2023,Pública,Ametista,7.317791667,,,,6.3,8.1,2.52,6.3,7.3,6.5,5.2,,,8.63,10.0,0,,,,13.0,3.0,2023,8.28125,,1
RA-1162,3K,F,2023,Pública,Ametista,7.44215,,,,8.3,8.5,3.77,6.0,7.3,5.5,5.2,,,7.7525,10.0,0,,,,13.0,3.0,2023,7.8125,0,0
RA-1162,4M,F,2023,Pública,Ametista,7.473167836266667,,,,7.917,9.135672514666666,6.26,5.666666666666667,4.0,7.5,5.5,,,7.0375,10.0,0,,,,14.0,4.0,2024,6.875,,
RA-1163,3L,M,2023,Pública,Ametista,7.749391667,,,,8.8,9.3,7.52,7.2,7.0,6.7,8.0,,,7.75,5.0,-1,,,,14.0,3.0,2023,7.65625,0,0
RA-1163,4M,M,2023,Pública,Topázio,8.6794789474,,,,8.334,9.824561403666666,7.51,7.833333333333333,9.5,6.5,7.5,,,8.755,10.0,0,,,,15.0,4.0,2024,8.125,,
RA-1164,3M,M,2023,Pública,Agata,6.910091667,,,,9.2,7.5,2.52,4.8,7.0,7.5,0.0,,,7.545,10.0,0,,,,13.0,3.0,2023,7.65625,,1
RA-1165,3M,F,2023,Pública,Ametista,7.880716667,,,,9.2,9.1,5.0,7.3,7.0,6.0,9.0,,,7.2925,10.0,0,,,,12.0,3.0,2023,7.1875,0,0
RA-1165,3L,F,2023,Pública,Ametista,7.908044272466667,,,,8.751,6.829721362333333,8.135,8.0,9.0,7.5,7.5,,,7.83,10.0,0,,,,13.0,3.0,2024,6.875,,
RA-1166,3M,F,2023,Pública,Ametista,7.307858333,,,,8.3,9.6,7.52,4.8,5.3,2.8,6.2,,,7.9175,5.0,-2,,,,15.0,3.0,2023,7.65625,0,0
RA-1166,4M,F,2023,Pública,Ametista,7.452799122766667,,,,8.334,8.498245614,6.26,6.333333333333333,5.0,7.0,7.0,,,8.625,5.0,-1,,,,16.0,4.0,2024,8.020833333,,
RA-1167,3M,M,2023,Pública,Agata,6.021891667,,,,8.8,7.6,2.52,3.8,6.0,3.7,1.8,,,7.9625,2.5,-3,,,,16.0,3.0,2023,7.65625,,1
RA-1168,3N,F,2023,Pública,Quartzo,5.886625,,,,0.0,8.8,2.52,3.5,5.0,2.0,3.5,,,7.045,10.0,0,,,,13.0,3.0,2023,7.65625,1,0
RA-1168,3N,F,2023,Pública,Agata,6.864053921600001,,,,9.585,7.682352941333334,7.51,5.666666666666667,8.5,3.5,5.0,,,6.33,5.0,-1,,,,14.0,3.0,2024,7.1875,,
RA-1169,3P,F,2023,Pública,Ametista,7.213625,,,,7.5,9.5,5.0,6.3,6.8,7.3,4.8,,,8.0025,5.0,-1,,,,14.0,3.0,2023,7.03125,0,0
RA-1169,4N,F,2023,Pública,Agata,6.885305555533334,,,,6.25,8.444444444333334,5.635,6.833333333333333,6.0,6.5,8.0,,,6.8,5.0,-1,,,,15.0,4.0,2024,7.8125,,
RA-117,B,F,2022,Escola Pública,Ágata,6.685,593.0,55.0,10.0,7.9,6.3,6.9,6.1,4.7,6.7,7.0,Não,Não,7.417,5.0,-1,Melhorar: Melhorar a sua entrega de lições de casa.,Melhorar: Empenhar-se mais nas aulas e avaliações.,Melhorar: Integrar-se mais aos Princípios Passos Mágicos.,15.0,4.0,2022,,,1
RA-1170,3P,M,2023,Pública,Agata,6.874683333,,,,8.8,7.7,7.52,5.9,6.0,6.8,4.8,,,6.5775,5.0,-1,,,,14.0,3.0,2023,7.1875,1,0
RA-1170,3P,M,2023,Pública,Agata,6.095440873,,,,9.168,5.565079365,8.13,3.5,1.0,2.5,7.0,,,6.7475,5.0,-2,,,,15.0,3.0,2024,7.03125,,
RA-1171,3P,M,2023,Pública,Ametista,7.856033333,,,,7.9,8.4,5.0,8.7,7.3,9.0,9.7,,,8.88,5.0,-1,,,,14.0,3.0,2023,8.75,0,0
RA-1171,4R,M,2023,Pública,Ametista,7.6236817459,,,,8.334,7.230158729999999,7.51,7.5,5.0,9.5,8.0,,,8.643333333,5.0,-1,,,,15.0,4.0,2024,8.645833333,,
RA-1172,4A,F,2023,Pública,Ametista,7.030108333,,,,8.3,7.8,2.52,6.7,6.0,5.7,8.3,,,8.46,5.0,-2,,,,16.0,4.0,2023,8.59375,0,0
RA-1172,5A,F,2023,Pública,Quartzo,5.719565079333334,,,,7.5,6.0634920633333325,6.26,3.3333333333333335,0.0,5.0,5.0,,,6.196,5.0,-1,,,,17.0,5.0,2024,7.25,,
RA-1173,4A,M,2023,Pública,Ametista,7.67285,,,,8.8,9.7,2.52,6.0,7.0,5.0,6.0,,,8.1225,10.0,0,,,,14.0,4.0,2023,7.8125,0,0
RA-1173,5D,M,2023,Pública,Topázio,8.220132915666667,,,,9.168,9.665831245,7.51,5.833333333333333,6.0,7.5,4.0,,,8.2,10.0,0,,,,15.0,5.0,2024,8.125,,
RA-1174,4B,F,2023,Pública,Ametista,7.333591667,,,,9.2,8.7,2.52,6.8,6.5,7.2,6.8,,,8.3375,5.0,-1,,,,15.0,4.0,2023,8.90625,0,0
RA-1174,5B,F,2023,Pública,Ametista,7.374213419866667,,,,8.751,8.349567099333333,6.26,5.0,5.0,3.0,7.0,,,7.266,10.0,0,,,,16.0,5.0,2024,7.5,,
RA-1175,4B,F,2023,Pública,Quartzo,5.939858333,,,,8.3,5.3,2.52,6.3,6.3,6.3,6.2,,,7.6275,2.5,-3,,,,17.0,4.0,2023,7.65625,,1
RA-1176,4B,M,2023,Pública,Topázio,8.881483333,,,,8.3,9.3,7.52,8.2,8.0,7.8,8.7,,,9.17,10.0,1,,,,13.0,4.0,2023,9.6875,0,0
RA-1176,5C,M,2023,Privada - Programa de Apadrinhamento,Topázio,8.914816269866666,,,,8.751,9.682539682666667,6.26,9.166666666666666,10.0,8.0,9.5,,,8.9225,10.0,1,,,,14.0,5.0,2024,8.59375,,
RA-1177,4B,F,2023,Pública,Topázio,8.345491667,,,,10.0,9.9,2.52,7.2,7.0,6.7,8.0,,,8.88,10.0,0,,,,14.0,4.0,2023,8.90625,0,0
RA-1177,5C,F,2023,Pública,Topázio,8.3233039474,,,,8.751,9.824561403666666,6.26,7.333333333333333,9.5,5.5,7.0,,,8.125,10.0,0,,,,15.0,5.0,2024,7.65625,,
RA-1178,4C,M,2023,Pública,Ametista,7.066475,,,,8.8,9.3,2.52,5.7,6.3,4.5,6.3,,,8.2125,5.0,-2,,,,16.0,4.0,2023,7.96875,0,0
RA-1178,5D,M,2023,Pública,Topázio,8.0934746032,,,,8.751,9.682539682666667,6.26,8.333333333333334,9.0,8.0,8.0,,,8.696,5.0,-1,,,,17.0,5.0,2024,7.5,,
RA-1179,4C,M,2023,Pública,Agata,6.631333333,,,,9.6,8.1,4.38,5.0,6.7,3.7,4.5,,,7.17,5.0,-1,,,,15.0,4.0,2023,6.875,,1
RA-118,B,F,2021,Escola Pública,Quartzo,5.597,775.0,70.0,12.0,0.0,5.3,6.3,3.9,3.7,4.7,3.5,Não,Não,6.958,10.0,0,Melhorar: Melhorar a sua entrega de lições de casa.,Melhorar: Empenhar-se mais nas aulas e avaliações.,Melhorar: Integrar-se mais aos Princípios Passos Mágicos.,14.0,4.0,2022,,,1
RA-1180,4C,M,2023,Pública,Ametista,7.067983333,,,,8.3,9.5,5.0,5.4,6.0,4.8,5.3,,,7.7125,5.0,-1,,,,15.0,4.0,2023,7.1875,,1
RA-1181,4C,F,2023,Pública,Agata,6.971266667,,,,8.8,8.3,2.52,4.8,5.7,4.3,4.5,,,7.3375,10.0,0,,,,14.0,4.0,2023,7.5,0,0
RA-1181,5B,F,2023,Pública,Agata,6.2015816738666665,,,,9.168,5.036075036,6.26,3.8333333333333335,1.0,1.0,9.5,,,5.862,10.0,0,,,,15.0,5.0,2024,7.125,,
RA-1182,4C,F,2023,Pública,Quartzo,5.709808333,,,,7.5,6.3,2.52,4.2,5.3,2.0,5.2,,,7.2125,5.0,-2,,,,16.0,4.0,2023,6.71875,,1
RA-1183,4C,M,2023,Pública,Agata,6.269541667,,,,7.5,8.7,2.52,5.3,6.0,4.0,6.0,,,6.7575,5.0,-1,,,,15.0,4.0,2023,6.09375,,1
RA-1184,4F,M,2023,Pública,Ametista,7.381566667,,,,8.3,8.3,5.0,7.3,8.0,5.5,8.5,,,8.045,5.0,-2,,,,16.0,4.0,2023,8.125,0,0
RA-1184,5F,M,2023,Pública,Ametista,7.411701731566668,,,,6.666,8.658008657666668,7.51,7.666666666666667,6.0,7.0,10.0,,,7.5,5.0,-1,,,,17.0,5.0,2024,7.291666667,,
RA-1185,4G,F,2023,Pública,Topázio,8.02675,,,,7.5,9.1,5.0,7.5,6.7,6.3,9.5,,,8.3775,10.0,1,,,,13.0,4.0,2023,7.8125,,1
RA-1186,4G,F,2023,Pública,Ametista,7.281433333,,,,8.8,9.8,6.89,5.5,6.7,5.2,4.5,,,7.3825,5.0,-2,,,,16.0,4.0,2023,6.875,,1
RA-1187,4G,F,2023,Pública,Agata,6.644475,,,,8.8,6.9,2.52,5.3,4.7,5.0,6.2,,,6.715,10.0,1,,,,13.0,4.0,2023,7.34375,,1
RA-1188,4H,F,2023,Pública,,,,,,9.6,9.4,,6.4,6.5,7.5,5.2,,,7.5875,5.0,-1,,,,15.0,4.0,2023,7.8125,0,0
RA-1188,5G,F,2023,Pública,Ametista,7.801633333400001,,,,9.168,10.0,7.51,7.0,7.0,6.0,8.0,,,7.106666667,5.0,-1,,,,16.0,5.0,2024,8.125,,
RA-1189,4H,F,2023,Pública,,,,,,8.8,9.0,,6.1,6.3,5.7,6.2,,,7.3775,5.0,-1,,,,15.0,4.0,2023,7.8125,0,0
RA-1189,5G,F,2023,Pública,Ametista,7.6486387164,,,,9.585,8.672360248333332,7.51,7.666666666666667,7.0,7.0,9.0,,,7.106666667,5.0,-1,,,,16.0,5.0,2024,7.5,,
RA-119,B,F,2016,Rede Decisão,Ametista,7.501,311.0,26.0,3.0,8.3,8.2,5.6,5.4,5.7,7.0,3.4,Não,Não,7.875,10.0,0,Destaque: A sua boa entrega das lições de casa.,Melhorar: Empenhar-se mais nas aulas e avaliações.,Destaque: A sua boa integração aos Princípios Passos Mágicos.,14.0,4.0,2022,,0,0
RA-119,7E,F,2016,Privada - Programa de Apadrinhamento,,,,,,6.7,,2.52,,,,,,,,10.0,2,,,,15.0,7.0,2023,,1,0
RA-119,7E,F,2021,Privada - Programa de Apadrinhamento,Topázio,8.085299999933333,,,,7.083,9.983333333,6.57,7.366666666666667,6.05,7.5,8.55,,,7.5,10.0,1,,,,16.0,7.0,2024,7.5,,
RA-1190,4L,M,2023,Pública,Agata,6.330041667,,,,0.0,9.2,5.0,4.2,3.0,4.2,5.5,,,7.045,10.0,0,,,,14.0,4.0,2023,7.34375,,1
RA-1191,4L,M,2023,Pública,Agata,6.175333333,,,,7.5,7.2,5.0,3.7,2.3,2.5,6.2,,,6.26,10.0,0,,,,14.0,4.0,2023,5.0,,1
RA-1192,4L,F,2023,Pública,Agata,6.780741667,,,,7.9,8.7,2.52,5.8,4.7,6.0,6.8,,,7.6675,5.0,-1,,,,15.0,4.0,2023,7.96875,,1
RA-1193,4L,F,2023,Pública,Agata,6.018083333,,,,0.0,7.8,5.0,4.1,3.7,3.5,5.0,,,7.13,10.0,0,,,,14.0,4.0,2023,7.1875,1,0
RA-1193,4L,F,2023,Pública,Agata,6.6304815790000005,,,,8.751,7.763157895,5.635,4.0,3.0,6.0,3.0,,,7.79,5.0,-1,,,,15.0,4.0,2024,7.8125,,
RA-1194,4N,M,2023,Pública,Ametista,7.671933333,,,,8.8,9.0,5.0,6.1,6.0,4.2,8.0,,,7.6675,10.0,1,,,,13.0,4.0,2023,7.5,,1
RA-1195,4N,F,2022,Pública,Quartzo,5.677291667,,,,0.0,8.3,2.52,5.4,4.3,4.7,7.3,,,8.0025,2.5,-3,,,,17.0,4.0,2023,8.28125,0,0
RA-1195,5N,F,2022,Pública,Ametista,7.5085144926666665,,,,9.585,9.855072463666666,5.63,6.166666666666667,8.0,5.0,5.5,,,7.663333333,5.0,-2,,,,18.0,5.0,2024,7.5,,
RA-1196,5B,M,2023,Privada,Ametista,7.03025,,,,0.0,8.2,5.0,7.5,8.0,6.2,8.3,,,8.045,10.0,0,,,,15.0,5.0,2023,7.8125,,1
RA-1197,5B,F,2023,Pública,Agata,6.946058333,,,,6.7,8.4,5.0,7.3,5.3,7.2,9.3,,,7.215,5.0,-1,,,,16.0,5.0,2023,7.03125,,1
RA-1198,5B,F,2023,Pública,Ametista,7.515233333,,,,8.3,9.4,6.26,6.7,7.3,3.7,9.0,,,7.9625,5.0,-1,,,,16.0,5.0,2023,7.5,0,0
RA-1198,5A,F,2023,Pública,Agata,6.9217748918,,,,8.751,9.458874459,7.51,3.5,0.0,1.0,9.5,,,7.332,5.0,-1,,,,17.0,5.0,2024,7.375,,
RA-1199,5C,M,2023,Pública,Ametista,7.024933333,,,,6.7,9.1,5.0,6.2,6.8,5.0,6.7,,,8.0875,5.0,-2,,,,17.0,5.0,2023,6.875,0,0
RA-1199,5D,M,2023,Concluiu o 3º EM,Ametista,7.614235714266666,,,,7.5,8.571428571333334,5.005,9.0,10.0,7.0,10.0,,,8.466,5.0,-2,,,,18.0,5.0,2024,6.5625,,
RA-12,A,F,2020,Escola Pública,Quartzo,4.832,834.0,20.0,12.0,0.0,4.0,6.9,1.5,2.7,1.1,0.7,Sim,Não,6.389,10.0,0,Melhorar: Melhorar a sua entrega de lições de casa.,Melhorar: Empenhar-se mais nas aulas e avaliações.,Melhorar: Integrar-se mais aos Princípios Passos Mágicos.,17.0,7.0,2022,,0,0
RA-12,8E,F,2020,Privada *Parcerias com Bolsa 100%,,,,,,,,,,,,,,,,10.0,0,,,,18.0,8.0,2023,,0,0
RA-12,8E,F,2021,Privada *Parcerias com Bolsa 100%,,,,,,,0.0,,,,,,,,,10.0,0,,,,19.0,8.0,2024,,,
RA-120,B,M,2019,Escola Pública,Ágata,6.825,547.0,48.0,9.0,8.3,5.9,7.5,6.2,3.7,5.2,9.7,Sim,Não,7.667,5.0,-1,Melhorar: Melhorar a sua entrega de lições de casa.,Melhorar: Empenhar-se mais nas aulas e avaliações.,Destaque: A sua boa integração aos Princípios Passos Mágicos.,15.0,4.0,2022,,,1
RA-1200,5C,F,2023,Pública,Quartzo,5.711166667,,,,0.0,6.4,5.0,4.0,4.3,2.3,5.5,,,6.8725,10.0,0,,,,15.0,5.0,2023,7.5,1,0
RA-1200,5N,F,2023,Pública,Quartzo,5.6415838956,,,,7.917,7.099419478000001,6.26,1.5,0.0,4.5,0.0,,,6.27,5.0,-1,,,,16.0,5.0,2024,7.5,,
RA-1201,5C,M,2023,Pública,Topázio,8.378008333,,,,9.2,9.6,3.77,7.8,8.3,6.5,8.5,,,8.7575,10.0,0,,,,15.0,5.0,2023,8.59375,1,0
RA-1201,5N,M,2023,Pública,Topázio,8.376195238033333,,,,8.751,9.523809523666666,7.51,9.0,9.0,8.0,10.0,,,8.56,5.0,-1,,,,16.0,5.0,2024,8.333333333,,
RA-1202,5F,F,2023,Pública,Agata,6.202008333,,,,7.1,7.6,7.52,3.3,4.5,3.3,2.0,,,6.67,5.0,-1,,,,16.0,5.0,2023,7.34375,,1
RA-1203,5L,F,2023,Pública,Ametista,7.487841667,,,,9.2,10.0,2.52,7.2,6.7,5.8,9.2,,,7.8775,5.0,-1,,,,16.0,5.0,2023,7.96875,0,0
RA-1203,6L,F,2023,Privada - Programa de Apadrinhamento,Topázio,8.9495245614,,,,9.168,9.649122807,7.51,9.0,8.5,9.0,9.5,,,8.572,10.0,0,,,,17.0,6.0,2024,8.375,,
RA-1204,5L,M,2023,Pública,Agata,6.940416667,,,,7.5,8.7,5.0,6.1,5.0,3.7,9.7,,,7.2125,5.0,-1,,,,16.0,5.0,2023,7.8125,,1
RA-1205,5L,F,2023,Pública,Agata,6.806466667,,,,9.2,9.2,6.26,5.0,5.2,3.7,6.2,,,7.085,2.5,-3,,,,18.0,5.0,2023,7.5,,1
RA-1206,5M,F,2023,Pública,Agata,6.724183333,,,,8.8,8.3,2.52,5.6,4.7,3.7,8.3,,,7.7125,5.0,-2,,,,17.0,5.0,2023,7.8125,,1
RA-1207,5M,F,2023,Pública,Ametista,7.58235,,,,8.8,9.0,5.0,5.5,5.0,4.0,7.5,,,7.63,10.0,0,,,,15.0,5.0,2023,7.8125,1,0
RA-1207,5M,F,2023,Pública,Agata,6.509169736866667,,,,8.334,6.581140350999999,7.51,5.333333333333333,4.5,1.5,10.0,,,6.5375,5.0,-1,,,,16.0,5.0,2024,7.34375,,
RA-1208,5M,M,2023,Pública,Ametista,7.0651,,,,8.8,8.8,2.52,6.2,5.0,4.8,8.8,,,6.2525,10.0,0,,,,15.0,5.0,2023,6.875,,1
RA-1209,5M,F,2023,Pública,Ametista,7.43375,,,,7.5,9.4,5.0,7.4,7.7,5.7,8.8,,,7.7125,5.0,-1,,,,16.0,5.0,2023,7.8125,,1
RA-121,B,F,2021,Escola Pública,Ametista,7.245,413.0,33.0,5.0,7.1,8.4,6.3,7.2,5.7,6.8,9.0,Sim,Não,7.625,5.0,-2,Destaque: A sua boa entrega das lições de casa.,Melhorar: Empenhar-se mais nas aulas e avaliações.,Destaque: A sua boa integração aos Princípios Passos Mágicos.,16.0,4.0,2022,,0,0
RA-121,5A,F,2021,Pública,Agata,6.811875,,,,6.3,8.8,5.0,6.0,5.0,5.7,7.3,,,7.4625,5.0,-1,,,,16.0,5.0,2023,7.34375,1,0
RA-121,5A,F,2021,Pública,Ametista,7.476158297266668,,,,8.751,8.152958153,6.26,8.833333333333334,7.5,9.0,10.0,,,6.764,5.0,-2,,,,17.0,5.0,2024,7.25,,
RA-1210,5M,F,2023,Pública,Ametista,7.171083333,,,,9.6,9.4,5.0,4.7,5.0,2.0,7.0,,,8.09,5.0,-1,,,,16.0,5.0,2023,7.8125,0,0
RA-1210,6L,F,2023,Pública,Topázio,8.2302,,,,9.585,10.0,7.51,5.5,5.0,6.5,5.0,,,8.166,10.0,0,,,,17.0,6.0,2024,7.875,,
RA-1211,5M,F,2023,Pública,Ametista,7.09205,,,,7.1,9.1,5.0,6.2,6.3,4.5,7.8,,,7.7125,5.0,-1,,,,16.0,5.0,2023,7.8125,,1
RA-1212,5M,F,2023,Pública,Agata,6.755358333,,,,8.3,8.9,5.0,4.2,0.0,3.5,9.0,,,7.715,5.0,-1,,,,16.0,5.0,2023,7.65625,,1
RA-1213,5M,F,2023,Pública,Quartzo,5.95625,,,,0.0,8.4,2.52,6.0,6.7,4.8,6.5,,,7.715,5.0,-2,,,,17.0,5.0,2023,7.8125,,1
RA-1214,6A,M,2023,Pública,Topázio,8.378666667,,,,9.6,9.8,6.89,7.4,8.0,5.0,9.3,,,7.6725,10.0,0,,,,16.0,6.0,2023,7.5,0,0
RA-1214,7A,M,2023,Pública,Topázio,8.5902971362,,,,10.002,9.081527348,8.13,8.0,8.0,6.0,10.0,,,7.663333333,10.0,0,,,,17.0,7.0,2024,8.28125,,
RA-1215,6A,F,2023,Pública,Agata,6.339466667,,,,7.1,5.6,5.0,4.1,5.0,2.7,4.7,,,7.1725,10.0,0,,,,16.0,6.0,2023,7.5,,1
RA-1216,6A,F,2023,Concluiu o 3º EM,Ametista,7.7105,,,,9.6,9.0,5.63,7.9,8.7,5.3,9.7,,,7.795,5.0,-2,,,,19.0,6.0,2023,7.5,0,0
RA-1216,8F,F,2023,Privada *Parcerias com Bolsa 100%,,,,,,,0.0,,,,,,,,,10.0,0,,,,20.0,8.0,2024,,,
RA-1217,6L,F,2023,Pública,Agata,6.064625,,,,0.0,7.9,5.63,5.9,7.0,4.0,6.7,,,7.38,5.0,-1,,,,17.0,6.0,2023,7.65625,,1
RA-1218,6L,M,2023,Pública,Agata,6.8265,,,,7.5,9.2,5.0,5.3,6.7,3.5,5.7,,,7.1325,5.0,-1,,,,17.0,6.0,2023,7.5,,1
RA-1219,6L,F,2023,Pública,Ametista,7.215141667,,,,8.8,6.5,5.63,6.3,7.2,5.5,6.3,,,7.38,10.0,0,,,,16.0,6.0,2023,7.34375,,1
RA-122,B,F,2019,Escola Pública,Quartzo,5.061,818.0,74.0,14.0,7.9,3.4,7.5,1.8,1.7,3.7,0.0,Não,Não,4.958,10.0,0,Melhorar: Melhorar a sua entrega de lições de casa.,Melhorar: Empenhar-se mais nas aulas e avaliações.,Melhorar: Integrar-se mais aos Princípios Passos Mágicos.,14.0,4.0,2022,,,1
RA-1220,6L,F,2023,Pública,Agata,6.46725,,,,0.0,9.0,5.0,6.8,8.8,5.3,6.3,,,7.63,5.0,-1,,,,17.0,6.0,2023,7.8125,0,0
RA-1220,6L,F,2023,Concluiu o 3º EM,Ametista,7.143244444466667,,,,7.083,8.555555555666666,6.885,7.666666666666667,9.0,7.0,7.0,,,6.26,5.0,-1,,,,18.0,6.0,2024,7.5,,
RA-1221,7A,F,2023,Concluiu o 3º EM,Topázio,8.027466667,,,,9.2,9.1,6.26,8.7,8.2,8.0,10.0,,,8.09,5.0,-1,,,,22.0,7.0,2023,8.0,0,0
RA-1221,8F,F,2023,Concluiu o 3º EM,,,,,,,0.0,,8.0,7.0,7.0,10.0,,,,10.0,0,,,,23.0,8.0,2024,,,
RA-1222,7A,F,2023,Nenhuma das opções acima,Ametista,7.026466667,,,,7.1,10.0,5.63,6.8,5.0,6.5,9.0,,,6.005,5.0,-1,,,,19.0,7.0,2023,6.875,,1
RA-1223,7A,M,2023,Pública,Topázio,8.187766667,,,,8.8,9.3,5.0,9.0,9.5,8.3,9.3,,,7.2925,10.0,0,,,,17.0,7.0,2023,6.875,,1
RA-1224,7A,M,2023,Concluiu o 3º EM,Ametista,7.5524,,,,8.3,9.4,5.0,8.0,8.2,6.3,9.5,,,7.6325,5.0,-1,,,,20.0,7.0,2023,7.125,0,0
RA-1224,8F,M,2023,Concluiu o 3º EM,,,,,,,0.0,,,,,,,,,10.0,0,,,,21.0,8.0,2024,,,
RA-1225,7E,F,2023,Concluiu o 3º EM,,,,,,7.5,,2.52,,,,,,,,5.0,-1,,,,18.0,7.0,2023,,0,0
RA-1225,8F,F,2021,Privada *Parcerias com Bolsa 100%,,,,,,,0.0,,,,,,,,,10.0,0,,,,19.0,8.0,2024,,,
RA-1226,7E,F,2023,Privada *Parcerias com Bolsa 100%,,,,,,9.2,,7.52,,,,,,,,10.0,1,,,,16.0,7.0,2023,,1,0
RA-1226,7E,F,2021,Privada *Parcerias com Bolsa 100%,Ametista,7.785233333333334,,,,8.334,9.0,6.885,6.066666666666666,6.0,6.2,6.0,,,7.5,10.0,0,,,,17.0,7.0,2024,7.5,,
RA-1227,7E,F,2023,Privada - Programa de Apadrinhamento,,,,,,9.2,,2.52,,,,,,,,10.0,1,,,,16.0,7.0,2023,,1,0
RA-1227,7E,F,2021,Privada - Programa de Apadrinhamento,Quartzo,4.8446,,,,8.751,0.0,7.195,0.0,0.0,0.0,0.0,,,7.5,10.0,0,,,,17.0,7.0,2024,7.5,,
RA-1228,7E,F,2023,Privada - Programa de Apadrinhamento,,,,,,7.5,,2.52,,,,,,,,10.0,0,,,,17.0,7.0,2023,,0,0
RA-1228,7E,F,2021,Privada - Programa de Apadrinhamento,Quartzo,4.8761,,,,8.751,0.0,7.51,0.0,0.0,0.0,0.0,,,7.5,10.0,0,,,,18.0,7.0,2024,7.5,,
RA-1229,7E,F,2023,Privada - Programa de Apadrinhamento,,,,,,8.3,,7.52,,,,,,,,10.0,1,,,,16.0,7.0,2023,,1,0
RA-1229,7E,F,2021,Privada - Programa de Apadrinhamento,Quartzo,4.8238,,,,9.168,0.0,6.57,0.0,0.0,0.0,0.0,,,7.5,10.0,0,,,,17.0,7.0,2024,7.5,,
RA-123,B,M,2017,Rede Decisão,Ametista,7.084,461.0,37.0,6.0,7.9,8.6,5.6,6.5,7.3,6.3,5.9,Não,Não,7.292,5.0,-2,Destaque: A sua boa entrega das lições de casa.,Melhorar: Empenhar-se mais nas aulas e avaliações.,Melhorar: Integrar-se mais aos Princípios Passos Mágicos.,16.0,4.0,2022,,0,0
RA-123,5A,M,2017,Privada - Programa de Apadrinhamento,Agata,6.068333333,,,,0.0,9.4,5.0,5.7,5.0,5.3,6.7,,,6.8375,5.0,-2,,,,17.0,5.0,2023,6.875,0,0
RA-123,6A,M,2021,Privada - Programa de Apadrinhamento,Agata,6.887248015866668,,,,7.5,8.412698412666666,5.635,7.166666666666667,6.5,5.5,9.5,,,6.43,5.0,-1,,,,18.0,6.0,2024,6.71875,,
RA-1230,7E,F,2021,Privada - Programa de Apadrinhamento,,,,,,0.0,,2.52,,,,,,,,10.0,1,,,,16.0,7.0,2023,,1,0
RA-1230,7E,F,2021,Privada - Programa de Apadrinhamento,Quartzo,4.7612000000000005,,,,7.917,0.0,7.195,0.0,0.0,0.0,0.0,,,7.5,10.0,0,,,,17.0,7.0,2024,7.5,,
RA-1231,8A,M,2021,Privada *Parcerias com Bolsa 100%,,,,,,,,,,,,,,,,10.0,0,,,,22.0,8.0,2023,,0,0
RA-1231,9,M,2021,Privada,INCLUIR,,,,,,0.0,,,,,,,,,10.0,1,,,,23.0,,2024,,,
RA-1232,8A,M,2021,Privada *Parcerias com Bolsa 100%,,,,,,,,,,,,,,,,10.0,0,,,,21.0,8.0,2023,,0,0
RA-1232,9,M,2021,Privada,INCLUIR,,,,,,0.0,,,,,,,,,10.0,1,,,,22.0,,2024,,,
RA-1233,8A,F,2021,Privada *Parcerias com Bolsa 100%,,,,,,,,,,,,,,,,10.0,0,,,,22.0,8.0,2023,,0,0
RA-1233,9,F,2021,Privada,INCLUIR,,,,,,0.0,,,,,,,,,10.0,1,,,,23.0,,2024,,,
RA-1234,8A,F,2021,Privada *Parcerias com Bolsa 100%,,,,,,,,,,,,,,,,10.0,0,,,,20.0,8.0,2023,,0,0
RA-1234,8A,F,2021,Privada,,,,,,,0.0,,,,,,,,,10.0,0,,,,21.0,8.0,2024,,,
RA-1235,8A,M,2021,Privada *Parcerias com Bolsa 100%,,,,,,,,,,,,,,,,10.0,0,,,,21.0,8.0,2023,,0,0
RA-1235,9,M,2021,Privada,INCLUIR,,,,,,0.0,,,,,,,,,10.0,1,,,,22.0,,2024,,,
RA-1236,8A,F,2021,Privada *Parcerias com Bolsa 100%,,,,,,,,,,,,,,,,10.0,0,,,,21.0,8.0,2023,,0,0
RA-1236,8A,F,2021,Privada,,,,,,,0.0,,,,,,,,,10.0,0,,,,22.0,8.0,2024,,,
RA-1237,8A,F,2021,Privada *Parcerias com Bolsa 100%,,,,,,,,,,,,,,,,10.0,0,,,,21.0,8.0,2023,,0,0
RA-1237,9,F,2021,Privada *Parcerias com Bolsa 100%,INCLUIR,,,,,,0.0,,,,,,,,,10.0,1,,,,22.0,,2024,,,
RA-1238,8A,F,2021,Privada *Parcerias com Bolsa 100%,,,,,,,,,,,,,,,,10.0,0,,,,21.0,8.0,2023,,0,0
RA-1238,9,F,2021,Privada,INCLUIR,,,,,,0.0,,,,,,,,,10.0,1,,,,22.0,,2024,,,
RA-1239,8B,F,2021,Privada *Parcerias com Bolsa 100%,,,,,,,,,,,,,,,,10.0,0,,,,20.0,8.0,2023,,0,0
RA-1239,8B,F,2021,Privada - Pagamento por *Empresa Parceira,,,,,,,0.0,,,,,,,,,10.0,0,,,,21.0,8.0,2024,,,
RA-124,B,M,2016,Rede Decisão,Ametista,7.388,365.0,29.0,4.0,7.9,7.8,5.0,6.7,5.7,7.0,7.5,Não,Não,7.167,10.0,0,Destaque: A sua boa entrega das lições de casa.,Melhorar: Empenhar-se mais nas aulas e avaliações.,Melhorar: Integrar-se mais aos Princípios Passos Mágicos.,14.0,4.0,2022,,,1
RA-1240,8B,M,2021,Privada *Parcerias com Bolsa 100%,,,,,,,,,,,,,,,,10.0,0,,,,20.0,8.0,2023,,0,0
RA-1240,8B,M,2021,Privada,,,,,,,0.0,,,,,,,,,10.0,0,,,,21.0,8.0,2024,,,
RA-1241,8B,F,2021,Privada *Parcerias com Bolsa 100%,,,,,,,,,,,,,,,,10.0,0,,,,20.0,8.0,2023,,0,0
RA-1241,8B,F,2021,Privada,,,,,,,0.0,,,,,,,,,10.0,0,,,,21.0,8.0,2024,,,
RA-1242,8B,F,2021,Privada *Parcerias com Bolsa 100%,,,,,,,,,,,,,,,,10.0,0,,,,19.0,8.0,2023,,0,0
RA-1242,8B,F,2021,Privada,,,,,,,0.0,,,,,,,,,10.0,0,,,,20.0,8.0,2024,,,
RA-1243,8B,F,2021,Privada *Parcerias com Bolsa 100%,,,,,,,,,,,,,,,,10.0,0,,,,19.0,8.0,2023,,,0
RA-1244,8B,F,2021,Privada *Parcerias com Bolsa 100%,,,,,,,,,,,,,,,,10.0,0,,,,20.0,8.0,2023,,0,0
RA-1244,8B,F,2021,Privada,,,,,,,0.0,,,,,,,,,10.0,0,,,,21.0,8.0,2024,,,
RA-1245,8B,M,2021,Privada *Parcerias com Bolsa 100%,,,,,,,,,,,,,,,,10.0,0,,,,20.0,8.0,2023,,0,0
RA-1245,8B,M,2021,Privada,,,,,,,0.0,,,,,,,,,10.0,0,,,,21.0,8.0,2024,,,
RA-1246,8B,F,2021,Privada - Pagamento por *Empresa Parceira,,,,,,,,,,,,,,,,10.0,0,,,,20.0,8.0,2023,,0,0
RA-1246,8B,F,2021,Privada,,,,,,,0.0,,,,,,,,,10.0,0,,,,21.0,8.0,2024,,,
RA-1247,8B,F,2021,Privada *Parcerias com Bolsa 100%,,,,,,,,,,,,,,,,10.0,0,,,,21.0,8.0,2023,,,0
RA-1248,8B,M,2021,Privada *Parcerias com Bolsa 100%,,,,,,,,,,,,,,,,10.0,0,,,,20.0,8.0,2023,,0,0
RA-1248,8B,M,2021,Privada,,,,,,,0.0,,,,,,,,,10.0,0,,,,21.0,8.0,2024,,,
RA-1249,8B,M,2021,Privada *Parcerias com Bolsa 100%,,,,,,,,,,,,,,,,10.0,0,,,,26.0,8.0,2023,,0,0
RA-1249,8B,M,2021,Privada,,,,,,,0.0,,,,,,,,,10.0,0,,,,27.0,8.0,2024,,,
RA-125,B,F,2022,Escola Pública,Ametista,7.619,266.0,21.0,2.0,8.8,8.5,7.5,7.1,5.0,7.2,9.2,Sim,Não,7.75,5.0,-1,Destaque: A sua boa entrega das lições de casa.,Melhorar: Empenhar-se mais nas aulas e avaliações.,Destaque: A sua boa integração aos Princípios Passos Mágicos.,15.0,4.0,2022,,0,0
RA-125,5A,F,2022,Privada,Agata,6.989633333,,,,9.2,7.7,5.0,5.8,3.3,5.8,8.2,,,7.835,5.0,-1,,,,16.0,5.0,2023,8.125,0,0
RA-125,6A,F,2022,Privada,Agata,6.627079761933334,,,,8.334,5.6428571430000005,7.51,6.166666666666667,3.0,7.0,8.5,,,7.232,5.0,-1,,,,17.0,6.0,2024,7.34375,,
RA-1250,8B,M,2021,Privada - Pagamento por *Empresa Parceira,,,,,,,,,,,,,,,,10.0,0,,,,20.0,8.0,2023,,0,0
RA-1250,8B,M,2021,Privada - Pagamento por *Empresa Parceira,,,,,,,0.0,,,,,,,,,10.0,0,,,,21.0,8.0,2024,,,
RA-1251,8B,F,2021,Privada *Parcerias com Bolsa 100%,,,,,,,,,,,,,,,,10.0,0,,,,20.0,8.0,2023,,0,0
RA-1251,8B,F,2021,Privada,,,,,,,0.0,,,,,,,,,10.0,0,,,,21.0,8.0,2024,,,
RA-1252,8B,F,2021,Privada *Parcerias com Bolsa 100%,,,,,,,,,,,,,,,,10.0,0,,,,21.0,8.0,2023,,0,0
RA-1252,9,F,2021,Privada,INCLUIR,,,,,,0.0,,,,,,,,,10.0,1,,,,22.0,,2024,,,
RA-1253,8D,F,2021,Privada *Parcerias com Bolsa 100%,,,,,,,,,,,,,,,,10.0,0,,,,23.0,8.0,2023,,0,0
RA-1253,8D,F,2021,Privada,,,,,,,0.0,,,,,,,,,10.0,0,,,,24.0,8.0,2024,,,
RA-1254,8D,M,2021,Privada *Parcerias com Bolsa 100%,,,,,,,,,,,,,,,,10.0,0,,,,19.0,8.0,2023,,0,0
RA-1254,9,M,2021,Privada,INCLUIR,,,,,,0.0,,,,,,,,,10.0,1,,,,20.0,,2024,,,
RA-1255,8D,M,2021,Privada *Parcerias com Bolsa 100%,,,,,,,,,,,,,,,,10.0,0,,,,19.0,8.0,2023,,0,0
RA-1255,8D,M,2021,Privada,,,,,,,0.0,,,,,,,,,10.0,0,,,,20.0,8.0,2024,,,
RA-1256,8D,F,2021,Privada *Parcerias com Bolsa 100%,,,,,,,,,,,,,,,,10.0,0,,,,18.0,8.0,2023,,0,0
RA-1256,8D,F,2021,Privada,,,,,,,0.0,,,,,,,,,10.0,0,,,,19.0,8.0,2024,,,
RA-1257,8D,M,2021,Privada *Parcerias com Bolsa 100%,,,,,,,,,,,,,,,,10.0,0,,,,18.0,8.0,2023,,0,0
RA-1257,8D,M,2021,Privada,,,,,,,0.0,,,,,,,,,10.0,0,,,,19.0,8.0,2024,,,
RA-1258,8D,M,2021,Privada *Parcerias com Bolsa 100%,,,,,,,,,,,,,,,,10.0,0,,,,24.0,8.0,2023,,0,0
RA-1258,9,M,2021,Privada,INCLUIR,,,,,,0.0,,,,,,,,,10.0,1,,,,25.0,,2024,,,
RA-1259,8D,F,2021,Privada *Parcerias com Bolsa 100%,,,,,,,,,,,,,,,,10.0,0,,,,19.0,8.0,2023,,0,0
RA-1259,8D,F,2021,Privada,,,,,,,0.0,,,,,,,,,10.0,0,,,,20.0,8.0,2024,,,
RA-126,B,M,2018,Escola Pública,Ágata,6.289,689.0,62.0,11.0,7.1,5.8,7.5,4.4,4.0,5.0,4.2,Sim,Não,7.417,5.0,-1,Melhorar: Melhorar a sua entrega de lições de casa.,Melhorar: Empenhar-se mais nas aulas e avaliações.,Melhorar: Integrar-se mais aos Princípios Passos Mágicos.,15.0,4.0,2022,,,1
RA-1260,8D,M,2021,Privada *Parcerias com Bolsa 100%,,,,,,,,,,,,,,,,10.0,0,,,,19.0,8.0,2023,,0,0
RA-1260,9,M,2021,Privada,INCLUIR,,,,,,0.0,,,,,,,,,10.0,1,,,,20.0,,2024,,,
RA-1261,8D,F,2021,Privada *Parcerias com Bolsa 100%,,,,,,,,,,,,,,,,10.0,0,,,,19.0,8.0,2023,,0,0
RA-1261,8D,F,2021,Privada,,,,,,,0.0,,,,,,,,,10.0,0,,,,20.0,8.0,2024,,,
RA-1262,8D,F,2021,Privada *Parcerias com Bolsa 100%,,,,,,,,,,,,,,,,10.0,0,,,,19.0,8.0,2023,,0,0
RA-1262,8D,F,2021,Privada,,,,,,,0.0,,,,,,,,,10.0,0,,,,20.0,8.0,2024,,,
RA-1263,8D,F,2021,Privada *Parcerias com Bolsa 100%,,,,,,,,,,,,,,,,10.0,0,,,,20.0,8.0,2023,,0,0
RA-1263,8D,F,2021,Privada *Parcerias com Bolsa 100%,,,,,,,0.0,,,,,,,,,10.0,0,,,,21.0,8.0,2024,,,
RA-1264,8D,F,2021,Privada *Parcerias com Bolsa 100%,,,,,,,,,,,,,,,,10.0,0,,,,20.0,8.0,2023,,0,0
RA-1264,8D,F,2021,Privada,,,,,,,0.0,,,,,,,,,10.0,0,,,,21.0,8.0,2024,,,
RA-1265,8D,M,2022,Privada *Parcerias com Bolsa 100%,,,,,,,,,,,,,,,,10.0,0,,,,20.0,8.0,2023,,0,0
RA-1265,8D,M,2022,Pública,,,,,,,0.0,,,,,,,,,10.0,0,,,,21.0,8.0,2024,,,
RA-1266,8D,F,2021,Privada *Parcerias com Bolsa 100%,,,,,,,,,,,,,,,,10.0,0,,,,19.0,8.0,2023,,0,0
RA-1266,9,F,2021,Privada,INCLUIR,,,,,,0.0,,,,,,,,,10.0,1,,,,20.0,,2024,,,
RA-1267,8D,F,2021,Privada *Parcerias com Bolsa 100%,,,,,,,,,,,,,,,,10.0,0,,,,22.0,8.0,2023,,0,0
RA-1267,9,F,2021,Privada,INCLUIR,,,,,,0.0,,,,,,,,,10.0,1,,,,23.0,,2024,,,
RA-1268,8D,M,2021,Privada *Parcerias com Bolsa 100%,,,,,,,,,,,,,,,,10.0,0,,,,19.0,8.0,2023,,0,0
RA-1268,9,M,2021,Privada,INCLUIR,,,,,,0.0,,,,,,,,,10.0,1,,,,20.0,,2024,,,
RA-1269,8E,F,2021,Privada - Pagamento por *Empresa Parceira,,,,,,,,,,,,,,,,10.0,0,,,,18.0,8.0,2023,,0,0
RA-1269,8E,F,2021,Privada - Pagamento por *Empresa Parceira,,,,,,,0.0,,,,,,,,,10.0,0,,,,19.0,8.0,2024,,,
RA-127,B,F,2022,Escola Pública,Topázio,8.283,63.0,7.0,1.0,7.5,8.7,7.5,7.9,7.7,7.7,8.3,Sim,Não,8.125,10.0,0,Destaque: A sua boa entrega das lições de casa.,Destaque: As suas boas notas na Passos Mágicos.,Destaque: A sua boa integração aos Princípios Passos Mágicos.,14.0,4.0,2022,,0,0
RA-127,5B,F,2022,Pública,Ametista,7.91935,,,,8.8,7.8,6.26,6.4,4.7,6.3,8.2,,,8.6725,10.0,0,,,,15.0,5.0,2023,8.4375,0,0
RA-127,5A,F,2022,Privada - Programa de Apadrinhamento,Topázio,8.5605939394,,,,8.751,9.488636363666666,7.51,7.833333333333333,10.0,3.5,10.0,,,8.538,10.0,0,,,,16.0,5.0,2024,7.625,,
RA-1270,8E,F,2021,Privada *Parcerias com Bolsa 100%,,,,,,,,,,,,,,,,10.0,0,,,,19.0,8.0,2023,,0,0
RA-1270,8E,F,2021,Privada - Pagamento por *Empresa Parceira,,,,,,,0.0,,,,,,,,,10.0,0,,,,20.0,8.0,2024,,,
RA-1271,8E,F,2021,Privada *Parcerias com Bolsa 100%,,,,,,,,,,,,,,,,10.0,0,,,,18.0,8.0,2023,,0,0
RA-1271,8E,F,2021,Privada *Parcerias com Bolsa 100%,,,,,,,0.0,,,,,,,,,10.0,0,,,,19.0,8.0,2024,,,
RA-1272,8E,F,2021,Privada *Parcerias com Bolsa 100%,,,,,,,,,,,,,,,,10.0,0,,,,18.0,8.0,2023,,0,0
RA-1272,8E,F,2021,Privada *Parcerias com Bolsa 100%,,,,,,,0.0,,,,,,,,,10.0,0,,,,20.0,8.0,2024,,,
RA-1273,8E,F,2023,Privada - Pagamento por *Empresa Parceira,,,,,,,,,,,,,,,,10.0,1,,,,17.0,8.0,2023,,1,0
RA-1273,8E,F,2023,Privada *Parcerias com Bolsa 100%,,,,,,,0.0,,,,,,,,,10.0,0,,,,18.0,8.0,2024,,,
RA-1274,8E,F,2021,Privada - Pagamento por *Empresa Parceira,,,,,,,,,,,,,,,,10.0,0,,,,18.0,8.0,2023,,0,0
RA-1274,8E,F,2021,Privada - Pagamento por *Empresa Parceira,,,,,,,0.0,,,,,,,,,10.0,0,,,,19.0,8.0,2024,,,
RA-1275,ALFA A - G0/G1,M,2024,Pública,Ametista,7.611366666700001,,,,10.002,8.6666666665,6.26,8.0,10.0,6.0,,,,5.446666667,10.0,0,,,,8.0,0.0,2024,5.625,,
RA-1276,ALFA A - G0/G1,F,2024,Pública,Topázio,8.002866666700001,,,,10.002,9.3333333335,3.76,8.0,10.0,6.0,,,,7.05,10.0,0,,,,8.0,0.0,2024,7.5,,
RA-1277,ALFA A - G0/G1,M,2024,Pública,Ametista,7.952200000100001,,,,10.002,9.0833333335,3.76,8.0,10.0,6.0,,,,7.046666667,10.0,0,,,,8.0,0.0,2024,7.5,,
RA-1278,ALFA A - G0/G1,M,2024,Pública,Quartzo,5.444199999900001,,,,9.002,4.1666666665,3.76,7.5,8.0,7.0,,,,4.173333333,5.0,-1,,,,9.0,0.0,2024,5.0,,
RA-1279,ALFA B - G2/G3,F,2024,Pública,Topázio,8.0822,,,,10.002,10.0,6.26,8.25,9.0,7.5,,,,7.78,5.0,-1,,,,9.0,0.0,2024,7.5,,
RA-128,B,M,2019,Escola Pública,Quartzo,5.563,778.0,71.0,13.0,0.0,6.2,7.5,5.6,6.7,6.8,3.2,Sim,Não,6.167,5.0,-1,Melhorar: Melhorar a sua entrega de lições de casa.,Melhorar: Empenhar-se mais nas aulas e avaliações.,Melhorar: Integrar-se mais aos Princípios Passos Mágicos.,15.0,4.0,2022,,0,0
RA-128,5A,M,2019,Privada,Agata,6.503908333,,,,6.7,7.3,5.0,5.7,6.3,4.0,6.7,,,7.5475,5.0,-1,,,,16.0,5.0,2023,7.34375,,1
RA-1280,ALFA B - G2/G3,M,2024,Pública,Topázio,8.152624242500002,,,,10.002,9.5454545455,6.26,8.5,10.0,7.0,,,,8.336666667,5.0,-1,,,,9.0,0.0,2024,7.5,,
RA-1281,ALFA B - G2/G3,F,2024,Pública,Ametista,7.982890909100001,,,,7.918,9.5454545455,6.26,9.25,10.0,8.5,,,,7.78,5.0,-1,,,,9.0,0.0,2024,7.5,,
RA-1282,ALFA B - G2/G3,F,2024,Pública,Ametista,7.8769272727000015,,,,9.502,8.1136363635,6.26,9.25,10.0,8.5,,,,7.89,5.0,-1,,,,9.0,0.0,2024,7.5,,
RA-1283,ALFA B - G2/G3,M,2024,Pública,Topázio,8.3033538462,,,,10.002,9.230769231,7.51,9.0,10.0,8.0,,,,8.28,5.0,-2,,,,10.0,0.0,2024,7.5,,
RA-1284,ALFA C - G0/G1,F,2024,Pública,Topázio,8.3800152174,,,,9.002,9.347826087,2.51,10.0,10.0,10.0,,,,7.89,10.0,0,,,,8.0,0.0,2024,7.8125,,
RA-1285,ALFA C - G0/G1,F,2024,Pública,Topázio,8.156578882000002,,,,10.002,8.830227742999998,2.51,8.0,8.0,8.0,,,,8.946666667,10.0,0,,,,7.0,0.0,2024,7.5,,
RA-1286,ALFA C - G0/G1,M,2024,Pública,Quartzo,5.914801966800001,,,,8.002,5.051759834,2.51,7.0,8.0,6.0,,,,4.61,10.0,0,,,,7.0,0.0,2024,5.3125,,
RA-1287,ALFA C - G0/G1,F,2024,Pública,Ametista,7.619650310500001,,,,10.002,9.3064182195,2.51,7.75,8.0,7.5,,,,8.223333333,5.0,-1,,,,8.0,0.0,2024,8.125,,
RA-1288,ALFA C - G0/G1,F,2024,Pública,Ametista,7.9208899585,,,,9.002,7.9813664595,2.51,10.0,10.0,10.0,,,,7.273333333,10.0,0,,,,7.0,0.0,2024,7.1875,,
RA-1289,ALFA D - G2/G3,F,2024,Pública,Ametista,7.2171722223,,,,7.002,9.4444444445,7.51,7.75,9.0,6.5,,,,6.166666667,5.0,-1,,,,10.0,0.0,2024,5.9375,,
RA-129,B,M,2019,Escola Pública,Ágata,6.926,516.0,42.0,7.0,6.7,6.4,7.5,6.7,6.0,5.3,8.7,Sim,Não,7.792,5.0,-1,Melhorar: Melhorar a sua entrega de lições de casa.,Melhorar: Empenhar-se mais nas aulas e avaliações.,Destaque: A sua boa integração aos Princípios Passos Mágicos.,15.0,4.0,2022,,,1
RA-1290,ALFA D - G2/G3,M,2024,Pública,Topázio,8.407200000000001,,,,10.002,10.0,7.51,8.75,10.0,7.5,,,,8.28,5.0,-1,,,,9.0,0.0,2024,7.5,,
RA-1291,ALFA D - G2/G3,M,2024,Pública,Topázio,8.079200000000002,,,,9.502,9.5,7.51,8.25,10.0,6.5,,,,7.89,5.0,-1,,,,9.0,0.0,2024,7.5,,
RA-1292,ALFA D - G2/G3,F,2024,Pública,Agata,6.9031621211,,,,7.502,4.7727272725,7.51,8.25,10.0,6.5,,,,7.893333333,5.0,-1,,,,9.0,0.0,2024,7.1875,,
RA-1293,ALFA D - G2/G3,F,2024,Pública,Topázio,8.005023232300001,,,,8.002,9.4949494945,7.51,8.5,8.5,8.5,,,,8.336666667,5.0,-1,,,,9.0,0.0,2024,6.875,,
RA-1294,ALFA D - G2/G3,M,2024,Pública,Ametista,7.9493666666,,,,9.502,10.0,7.51,7.75,9.0,6.5,,,,7.553333333,5.0,-2,,,,10.0,0.0,2024,6.875,,
RA-1295,ALFA E - G2/G3,F,2024,Pública,Topázio,8.0617454545,,,,10.002,9.5227272725,2.51,7.5,7.0,8.0,,,,8.28,10.0,0,,,,8.0,0.0,2024,7.5,,
RA-1296,ALFA E - G2/G3,F,2024,Pública,Ametista,7.0574222223000005,,,,9.002,8.4444444445,2.51,6.5,7.5,5.5,,,,8.336666667,5.0,-1,,,,9.0,0.0,2024,7.5,,
RA-1297,ALFA E - G2/G3,M,2024,Pública,Ametista,7.620247619000001,,,,9.502,9.761904762,2.51,9.25,10.0,8.5,,,,6.833333333,5.0,-1,,,,8.0,0.0,2024,7.5,,
RA-1298,ALFA E - G2/G3,M,2024,Pública,Ametista,7.577287995300001,,,,9.502,6.643356643500001,7.51,6.75,7.0,6.5,,,,7.393333333,10.0,0,,,,8.0,0.0,2024,7.1875,,
RA-1299,ALFA E - G2/G3,M,2024,Pública,Ametista,7.069727777800001,,,,8.502,7.638888889,7.51,6.5,7.0,6.0,,,,7.11,5.0,-2,,,,10.0,0.0,2024,7.1875,,
RA-13,A,M,2016,Escola Pública,Ágata,6.902,524.0,10.0,4.0,7.9,7.4,7.5,4.7,3.5,5.5,5.2,Sim,Não,8.056,5.0,-1,Melhorar: Melhorar a sua entrega de lições de casa.,Melhorar: Empenhar-se mais nas aulas e avaliações.,Destaque: A sua boa integração aos Princípios Passos Mágicos.,18.0,7.0,2022,,0,0
RA-13,8E,M,2016,Privada *Parcerias com Bolsa 100%,,,,,,,,,,,,,,,,10.0,0,,,,18.0,8.0,2023,,0,0
RA-13,8D,M,2021,Privada *Parcerias com Bolsa 100%,,,,,,,0.0,,,,,,,,,10.0,0,,,,19.0,8.0,2024,,,
RA-130,F,F,2018,Escola Pública,Quartzo,5.624,772.0,69.0,14.0,8.3,4.7,5.0,4.1,3.7,5.2,3.5,Não,Não,6.5,5.0,-2,Melhorar: Melhorar a sua entrega de lições de casa.,Melhorar: Empenhar-se mais nas aulas e avaliações.,Melhorar: Integrar-se mais aos Princípios Passos Mágicos.,16.0,4.0,2022,,,1
RA-1300,ALFA F - G0/G1,F,2024,Pública,Ametista,7.623866666600001,,,,8.502,8.75,2.51,9.0,10.0,8.0,,,,8.613333333,5.0,-1,,,,8.0,0.0,2024,7.5,,
RA-1301,ALFA F - G0/G1,M,2024,Pública,Quartzo,5.6345333333,,,,9.502,2.9166666665000003,2.51,7.0,10.0,4.0,,,,6.0,5.0,-1,,,,8.0,0.0,2024,7.5,,
RA-1302,ALFA F - G0/G1,M,2024,Pública,Quartzo,5.758866666800001,,,,10.002,5.416666667,2.51,4.0,4.0,4.0,,,,4.996666667,10.0,0,,,,8.0,0.0,2024,6.25,,
RA-1303,ALFA F - G0/G1,F,2024,Pública,Topázio,8.8352,,,,10.002,10.0,2.51,10.0,10.0,10.0,,,,9.17,10.0,0,,,,8.0,0.0,2024,7.5,,
RA-1304,ALFA G - G2/G3,F,2024,Pública,Ametista,7.085119934500001,,,,9.002,7.9575163395,8.135,6.0,6.0,6.0,,,,6.493333333,5.0,-2,,,,10.0,0.0,2024,7.8125,,
RA-1305,ALFA G - G2/G3,F,2024,Pública,Agata,6.685221929800001,,,,8.502,8.710526316,2.51,4.75,2.0,7.5,,,,8.053333333,5.0,-1,,,,10.0,0.0,2024,7.8125,,
RA-1306,ALFA G - G2/G3,F,2024,Pública,Topázio,8.503033333400001,,,,9.002,10.0,8.135,9.75,10.0,9.5,,,,7.946666667,5.0,-1,,,,8.0,0.0,2024,7.5,,
RA-1307,ALFA H - G0/G1,M,2024,Pública,Agata,6.5940333333000005,,,,10.002,5.833333333500001,6.255,5.5,7.0,4.0,,,,5.383333333,10.0,0,,,,8.0,0.0,2024,6.25,,
RA-1308,ALFA H - G0/G1,F,2024,Pública,Agata,6.876997101400001,,,,10.002,7.445652174,7.51,6.0,8.0,4.0,,,,5.933333333,5.0,-1,,,,9.0,0.0,2024,7.5,,
RA-1309,ALFA H - G0/G1,F,2024,Pública,Topázio,8.379199999899999,,,,9.002,9.1666666665,7.51,7.5,8.0,7.0,,,,8.223333333,10.0,0,,,,7.0,0.0,2024,7.5,,
RA-131,F,F,2016,Escola Pública,Ametista,7.174,440.0,35.0,7.0,8.8,9.0,5.6,5.6,6.0,6.5,4.2,Sim,Não,7.75,5.0,-1,Destaque: A sua boa entrega das lições de casa.,Melhorar: Empenhar-se mais nas aulas e avaliações.,Destaque: A sua boa integração aos Princípios Passos Mágicos.,15.0,4.0,2022,,0,0
RA-131,5F,F,2016,Pública,Quartzo,5.952358333,,,,8.3,7.8,5.0,2.2,0.0,3.0,3.5,,,6.8,5.0,-1,,,,16.0,5.0,2023,7.65625,1,0
RA-131,5F,F,2021,Pública,Ametista,7.263155555633333,,,,8.751,9.444444444666667,7.51,5.0,4.0,5.0,6.0,,,7.386666667,5.0,-2,,,,17.0,5.0,2024,7.708333333,,
RA-1310,ALFA H - G0/G1,F,2024,Pública,Topázio,8.3907833334,,,,8.502,9.375,2.51,10.0,10.0,10.0,,,,8.166666667,10.0,0,,,,7.0,0.0,2024,7.8125,,
RA-1311,ALFA H - G0/G1,M,2024,Pública,Agata,6.4118666668,,,,9.002,9.166666667,2.51,0.0,0.0,0.0,,,,8.386666667,10.0,0,,,,8.0,0.0,2024,7.5,,
RA-1312,ALFA H - G0/G1,M,2024,Pública,Ametista,7.510200000000001,,,,10.002,8.333333333,7.51,6.5,8.0,5.0,,,,8.336666667,5.0,-1,,,,9.0,0.0,2024,6.25,,
RA-1313,ALFA H - G0/G1,M,2024,Pública,Topázio,8.0155333334,,,,9.502,8.125,7.51,6.25,4.0,8.5,,,,8.446666667,10.0,0,,,,8.0,0.0,2024,7.5,,
RA-1314,ALFA H - G0/G1,F,2024,Pública,Topázio,8.239799999999999,,,,7.418,8.541666667,7.51,9.0,8.0,10.0,,,,7.443333333,10.0,0,,,,7.0,0.0,2024,7.5,,
RA-1315,ALFA H - G0/G1,M,2024,Pública,Topázio,8.3510666667,,,,6.834,8.3333333335,7.51,9.0,10.0,8.0,,,,8.5,10.0,0,,,,7.0,0.0,2024,7.5,,
RA-1316,ALFA I - G2/G3,F,2024,Pública,Ametista,7.59291123,,,,9.002,8.20855615,7.51,7.75,9.0,6.5,,,,7.5,5.0,-1,,,,9.0,0.0,2024,7.5,,
RA-1317,ALFA I - G2/G3,F,2024,Pública,Ametista,7.665638502700001,,,,7.502,7.0721925135,7.51,10.0,10.0,10.0,,,,7.5,5.0,-1,,,,9.0,0.0,2024,7.5,,
RA-1318,ALFA I - G2/G3,F,2024,Pública,Agata,6.823383155100001,,,,8.502,7.6871657755000005,7.51,5.0,4.0,6.0,,,,7.33,5.0,-1,,,,8.0,0.0,2024,7.1875,,
RA-1319,ALFA J - G2/G3,M,2024,Pública,Ametista,7.201526797300001,,,,8.502,5.7516339865,7.51,8.5,10.0,7.0,,,,7.5,5.0,-1,,,,9.0,0.0,2024,7.5,,
RA-132,F,F,2019,Rede Decisão,Topázio,8.355,53.0,5.0,2.0,10.0,8.8,5.6,7.7,6.5,7.5,9.1,Não,Sim,8.458,10.0,0,Destaque: A sua boa entrega das lições de casa.,Destaque: As suas boas notas na Passos Mágicos.,Destaque: A sua boa integração aos Princípios Passos Mágicos.,14.0,4.0,2022,,0,0
RA-132,5F,F,2019,Privada - Programa de Apadrinhamento,Ametista,7.350625,,,,7.5,8.7,2.52,6.5,6.3,6.5,6.7,,,7.715,10.0,0,,,,15.0,5.0,2023,7.65625,0,0
RA-132,6A,F,2021,Privada - Programa de Apadrinhamento,Topázio,8.4746321428,,,,8.334,8.380952380666665,7.51,8.333333333333334,7.0,8.0,10.0,,,8.44,10.0,0,,,,16.0,6.0,2024,8.59375,,
RA-1320,ALFA J - G2/G3,M,2024,Pública,Ametista,7.8845333333,,,,9.002,9.1666666665,7.51,8.25,9.0,7.5,,,,7.5,5.0,-1,,,,10.0,0.0,2024,7.5,,
RA-1321,ALFA K - G0/G1,M,2024,Pública,Ametista,7.95295,,,,9.002,8.875,6.885,8.75,10.0,7.5,,,,5.915,10.0,0,,,,7.0,0.0,2024,6.5625,,
RA-1322,ALFA K - G0/G1,F,2024,Pública,Topázio,8.47795,,,,9.502,9.0,7.51,7.5,8.5,6.5,,,,8.165,10.0,0,,,,8.0,0.0,2024,8.4375,,
RA-1323,ALFA K - G0/G1,M,2024,Pública,Ametista,7.487366666700001,,,,10.002,9.0833333335,7.51,7.0,10.0,4.0,,,,6.66,5.0,-1,,,,9.0,0.0,2024,6.875,,
RA-1324,ALFA K - G0/G1,M,2024,Pública,Topázio,8.332450000000001,,,,10.002,10.0,7.51,8.5,10.0,7.0,,,,8.0,5.0,-1,,,,9.0,0.0,2024,7.8125,,
RA-1325,ALFA K - G0/G1,M,2024,Pública,Topázio,8.9824954545,,,,9.002,9.5227272725,7.51,10.0,10.0,10.0,,,,7.915,10.0,0,,,,8.0,0.0,2024,8.4375,,
RA-1326,ALFA K - G0/G1,F,2024,Pública,Ametista,7.6397833333000005,,,,9.002,9.2916666665,7.51,4.5,0.0,9.0,,,,7.245,10.0,0,,,,8.0,0.0,2024,7.8125,,
RA-1327,ALFA K - G0/G1,F,2024,Pública,Topázio,8.264116666700001,,,,9.002,9.3333333335,7.51,7.5,10.0,5.0,,,,7.325,10.0,0,,,,7.0,0.0,2024,7.8125,,
RA-1328,ALFA K - G0/G1,F,2024,Pública,Topázio,8.0588666667,,,,8.502,8.2083333335,7.51,10.0,10.0,10.0,,,,7.83,5.0,-1,,,,8.0,0.0,2024,7.5,,
RA-1329,ALFA K - G0/G1,M,2024,Pública,Ametista,7.98945,,,,9.502,10.0,7.51,6.5,10.0,3.0,,,,6.66,10.0,0,,,,8.0,0.0,2024,6.5625,,
RA-133,F,F,2016,Escola Pública,Ágata,6.875,530.0,45.0,10.0,7.9,7.1,7.5,5.6,4.7,7.2,5.0,Não,Não,7.625,5.0,-1,Melhorar: Melhorar a sua entrega de lições de casa.,Melhorar: Empenhar-se mais nas aulas e avaliações.,Destaque: A sua boa integração aos Princípios Passos Mágicos.,15.0,4.0,2022,,0,0
RA-133,5F,F,2016,Pública,Agata,6.168416667,,,,7.5,7.9,2.52,5.3,5.0,4.3,6.7,,,6.505,5.0,-1,,,,16.0,5.0,2023,7.1875,,1
RA-1330,ALFA K - G0/G1,F,2024,Pública,Topázio,8.944616666700002,,,,10.002,9.3333333335,7.51,9.5,10.0,9.0,,,,7.915,10.0,0,,,,8.0,0.0,2024,8.4375,,
RA-1331,ALFA K - G0/G1,F,2024,Pública,Ametista,7.8522833333,,,,9.002,7.291666666499999,7.51,7.25,8.0,6.5,,,,7.245,10.0,0,,,,7.0,0.0,2024,8.4375,,
RA-1332,ALFA L - G2/G3,M,2024,Pública,Topázio,8.1040529412,,,,8.502,9.411764706,7.51,8.25,10.0,6.5,,,,7.665,5.0,-2,,,,10.0,0.0,2024,9.375,,
RA-1333,ALFA L - G2/G3,M,2024,Pública,Topázio,8.213199999999999,,,,7.502,10.0,6.255,9.25,10.0,8.5,,,,7.75,5.0,-1,,,,9.0,0.0,2024,9.375,,
RA-1334,ALFA L - G2/G3,M,2024,Pública,Topázio,8.350200000000001,,,,10.002,10.0,5.625,9.0,10.0,8.0,,,,7.75,5.0,-1,,,,9.0,0.0,2024,9.375,,
RA-1335,ALFA L - G2/G3,M,2024,Pública,Topázio,8.3217,,,,9.002,9.75,7.51,8.75,10.0,7.5,,,,7.665,5.0,-2,,,,10.0,0.0,2024,9.375,,
RA-1336,ALFA M - G0/G1,F,2024,Pública,Ametista,7.141365631500001,,,,9.502,6.2008281575,2.51,9.5,10.0,9.0,,,,7.75,5.0,-1,,,,8.0,0.0,2024,7.5,,
RA-1337,ALFA M - G0/G1,M,2024,Pública,Agata,6.015144444400001,,,,8.002,4.722222222,7.51,6.0,6.0,6.0,,,,5.66,5.0,-2,,,,10.0,0.0,2024,6.875,,
RA-1338,ALFA M - G0/G1,M,2024,Pública,Agata,6.1368428571,,,,8.002,8.6607142855,7.51,3.0,2.0,4.0,,,,5.33,5.0,-1,,,,8.0,0.0,2024,6.875,,
RA-1339,ALFA M - G0/G1,F,2024,Pública,Ametista,7.3547,,,,8.502,10.0,6.885,8.75,10.0,7.5,,,,5.33,5.0,-1,,,,8.0,0.0,2024,5.0,,
RA-134,F,F,2021,Escola Pública,Ágata,6.607,623.0,56.0,12.0,8.8,6.8,7.5,4.7,4.7,6.8,2.5,Sim,Não,7.375,5.0,-1,Melhorar: Melhorar a sua entrega de lições de casa.,Melhorar: Empenhar-se mais nas aulas e avaliações.,Melhorar: Integrar-se mais aos Princípios Passos Mágicos.,15.0,4.0,2022,,,1
RA-1340,ALFA M - G0/G1,F,2024,Pública,Topázio,8.3422714286,,,,9.502,8.392857143,7.51,10.0,10.0,10.0,,,,7.0,10.0,0,,,,8.0,0.0,2024,5.625,,
RA-1341,ALFA M - G0/G1,M,2024,Pública,Ametista,7.862906349200001,,,,10.002,9.246031746,7.51,10.0,10.0,10.0,,,,6.0,5.0,-1,,,,9.0,0.0,2024,5.625,,
RA-1342,ALFA M - G0/G1,M,2024,Pública,Ametista,7.8185809524000005,,,,9.502,9.761904762,7.51,9.0,10.0,8.0,,,,5.575,5.0,-1,,,,8.0,0.0,2024,7.5,,
RA-1343,ALFA M - G0/G1,F,2024,Pública,Topázio,8.8262,,,,8.002,10.0,7.51,9.75,10.0,9.5,,,,8.5,10.0,0,,,,7.0,0.0,2024,6.25,,
RA-1344,ALFA N - G2/G3,F,2024,Pública,Topázio,9.3612,,,,8.502,10.0,7.51,10.0,10.0,10.0,,,,9.425,10.0,0,,,,8.0,0.0,2024,8.75,,
RA-1345,ALFA N - G2/G3,M,2023,Pública,Ametista,7.2340128655000004,,,,8.502,9.4590643275,7.51,6.25,6.0,6.5,,,,6.83,5.0,-1,,,,9.0,0.0,2024,6.25,,
RA-1346,ALFA N - G2/G3,M,2024,Pública,Ametista,7.3701047619,,,,9.502,8.0595238095,7.51,5.5,5.0,6.0,,,,6.66,10.0,0,,,,8.0,0.0,2024,6.25,,
RA-1347,ALFA N - G2/G3,M,2024,Pública,Agata,6.153842857100001,,,,8.502,8.7857142855,2.51,5.0,5.0,5.0,,,,6.165,5.0,-1,,,,9.0,0.0,2024,5.625,,
RA-1348,ALFA O - G2/G3,M,2024,Pública,Ametista,7.9604662539,,,,7.502,8.5913312695,7.51,9.0,10.0,8.0,,,,7.83,5.0,-1,,,,8.0,0.0,2024,8.75,,
RA-1349,ALFA O - G2/G3,M,2024,Pública,Ametista,7.855727777800001,,,,8.002,8.388888889,7.51,8.5,10.0,7.0,,,,7.915,5.0,-1,,,,10.0,0.0,2024,8.4375,,
RA-135,F,F,2019,Escola Pública,Ametista,7.692,237.0,20.0,4.0,8.3,7.8,5.6,8.6,8.0,8.2,9.5,Sim,Sim,8.583,5.0,-1,Destaque: A sua boa entrega das lições de casa.,Destaque: As suas boas notas na Passos Mágicos.,Destaque: A sua boa integração aos Princípios Passos Mágicos.,15.0,4.0,2022,,,1
RA-1350,ALFA O - G2/G3,F,2024,Pública,Topázio,8.335450000000002,,,,8.502,10.0,8.755,8.5,10.0,7.0,,,,7.83,5.0,-2,,,,10.0,0.0,2024,8.4375,,
RA-1351,ALFA O - G2/G3,M,2024,Pública,Topázio,8.1861038462,,,,9.002,9.230769231,8.13,8.75,10.0,7.5,,,,7.665,5.0,-1,,,,9.0,0.0,2024,8.4375,,
RA-1352,ALFA O - G2/G3,M,2024,Pública,Topázio,8.289950000000001,,,,10.002,9.5,8.13,8.5,8.0,9.0,,,,7.665,5.0,-1,,,,9.0,0.0,2024,8.4375,,
RA-1353,ALFA Q - G2/G3,F,2024,Pública,Agata,6.454700000000001,,,,8.002,9.5,7.51,3.0,3.5,2.5,,,,6.08,5.0,-1,,,,10.0,0.0,2024,6.875,,
RA-1354,ALFA Q - G2/G3,F,2024,Pública,Ametista,7.353427272700001,,,,9.502,8.3636363635,7.51,6.0,6.5,5.5,,,,7.335,5.0,-1,,,,10.0,0.0,2024,8.125,,
RA-1355,ALFA Q - G2/G3,M,2024,Pública,Ametista,7.202245454500001,,,,10.002,6.5227272725,7.51,7.0,8.0,6.0,,,,7.17,5.0,-1,,,,10.0,0.0,2024,8.125,,
RA-1356,ALFA Q - G2/G3,F,2024,Pública,Ametista,7.8695888889,,,,9.002,9.4444444445,7.51,5.5,5.5,5.5,,,,7.085,10.0,0,,,,8.0,0.0,2024,8.125,,
RA-1357,ALFA Q - G2/G3,M,2024,Pública,Ametista,7.1807,,,,8.002,7.5,7.51,6.75,8.0,5.5,,,,7.335,5.0,-1,,,,9.0,0.0,2024,8.125,,
RA-1358,ALFA R - G0/G1,F,2024,Pública,Agata,6.552990476200001,,,,9.168,7.380952381,5.01,4.0,4.0,4.0,,,,6.17,10.0,0,,,,7.0,0.0,2024,6.25,,
RA-1359,ALFA R - G0/G1,F,2024,Pública,Ametista,7.2102,,,,8.502,9.0,5.635,6.0,4.0,8.0,,,,6.17,10.0,0,,,,7.0,0.0,2024,5.625,,
RA-136,F,M,2019,Escola Pública,Ágata,6.478,646.0,59.0,13.0,10.0,6.3,7.5,4.6,5.3,5.7,2.8,Não,Não,6.667,5.0,-1,Melhorar: Melhorar a sua entrega de lições de casa.,Melhorar: Empenhar-se mais nas aulas e avaliações.,Melhorar: Integrar-se mais aos Princípios Passos Mágicos.,15.0,4.0,2022,,,1
RA-1360,ALFA R - G0/G1,M,2024,Pública,Agata,6.8480623189,,,,8.502,7.0018115945,7.51,5.0,0.0,10.0,,,,6.42,10.0,0,,,,8.0,0.0,2024,5.625,,
RA-1361,ALFA R - G0/G1,F,2024,Pública,Topázio,8.738700000000001,,,,9.502,9.375,5.635,10.0,10.0,10.0,,,,8.0,10.0,0,,,,8.0,0.0,2024,7.5,,
RA-1362,ALFA R - G0/G1,M,2024,Pública,Ametista,7.709200000000001,,,,10.002,6.875,5.635,8.5,8.0,9.0,,,,6.915,10.0,0,,,,7.0,0.0,2024,6.875,,
RA-1363,ALFA S - G2/G3,F,2024,Pública,Ametista,7.690800000000001,,,,7.418,10.0,5.635,6.5,6.5,6.5,,,,6.99,10.0,0,,,,7.0,0.0,2024,6.875,,
RA-1364,ALFA S - G2/G3,M,2024,Pública,Ametista,7.570033333300001,,,,8.002,8.4166666665,7.51,8.75,9.5,8.0,,,,6.99,5.0,-1,,,,9.0,0.0,2024,6.875,,
RA-1365,ALFA S - G2/G3,M,2024,Pública,Ametista,7.3700333333,,,,9.002,9.7916666665,6.26,6.5,5.5,7.5,,,,6.99,5.0,-1,,,,9.0,0.0,2024,6.875,,
RA-1366,ALFA S - G2/G3,F,2024,Pública,Agata,6.919852173900001,,,,9.002,6.6032608695,7.51,6.5,6.5,6.5,,,,6.99,5.0,-1,,,,8.0,0.0,2024,7.5,,
RA-1367,ALFA S - G2/G3,F,2024,Pública,Topázio,8.427286956500001,,,,10.002,8.3804347825,7.51,8.75,9.0,8.5,,,,7.5,10.0,0,,,,8.0,0.0,2024,7.5,,
RA-1368,ALFA S - G2/G3,M,2024,Pública,Topázio,8.6012,,,,7.002,10.0,7.51,9.5,10.0,9.0,,,,7.5,10.0,0,,,,8.0,0.0,2024,7.5,,
RA-1369,ALFA S - G2/G3,F,2024,Pública,Topázio,8.052286956500001,,,,8.502,8.6304347825,6.26,8.0,8.0,8.0,,,,7.5,10.0,0,,,,7.0,0.0,2024,7.5,,
RA-137,F,F,2016,Rede Decisão,Ametista,7.056,468.0,38.0,9.0,7.5,8.9,5.0,7.3,6.0,7.3,8.5,Não,Não,7.792,2.5,-3,Destaque: A sua boa entrega das lições de casa.,Melhorar: Empenhar-se mais nas aulas e avaliações.,Destaque: A sua boa integração aos Princípios Passos Mágicos.,17.0,4.0,2022,,0,0
RA-137,5F,F,2016,Privada - Programa de Apadrinhamento,Quartzo,5.937025,,,,7.1,6.3,2.52,6.0,7.3,4.5,6.2,,,6.88,5.0,-2,,,,17.0,5.0,2023,6.40625,0,0
RA-137,5F,F,2021,Concluiu o 3º EM,Agata,6.576761183366667,,,,9.585,7.582972583,5.005,6.833333333333333,2.0,8.5,10.0,,,6.276666667,5.0,-2,,,,18.0,5.0,2024,4.791666667,,
RA-1370,ALFA S - G2/G3,M,2024,Pública,Topázio,8.0456444444,,,,10.002,8.722222222,7.51,9.0,10.0,8.0,,,,7.5,5.0,-1,,,,9.0,0.0,2024,7.5,,
RA-1371,ALFA S - G2/G3,F,2024,Pública,Agata,6.4843521739,,,,7.502,6.9782608695,7.51,4.5,3.0,6.0,,,,7.5,5.0,-1,,,,11.0,0.0,2024,6.875,,
RA-1372,ALFA T - G2/G3,F,2024,Pública,Ametista,7.9632000000000005,,,,9.502,10.0,8.13,4.75,3.0,6.5,,,,7.5,10.0,0,,,,8.0,0.0,2024,7.5,,
RA-1373,ALFA T - G2/G3,F,2024,Pública,Ametista,7.577286956500001,,,,9.502,8.8804347825,7.51,6.75,6.0,7.5,,,,7.5,5.0,-1,,,,9.0,0.0,2024,7.5,,
RA-1374,ALFA T - G2/G3,M,2024,Pública,Ametista,7.3707652174,,,,9.502,9.347826087,7.51,5.25,5.0,5.5,,,,7.5,5.0,-1,,,,9.0,0.0,2024,7.5,,
RA-1375,ALFA T - G2/G3,M,2024,Pública,Topázio,8.101200000000002,,,,9.502,10.0,7.51,8.25,10.0,6.5,,,,7.5,5.0,-1,,,,9.0,0.0,2024,7.5,,
RA-1376,ALFA T - G2/G3,M,2024,Pública,Topázio,8.2742769231,,,,9.002,9.6153846155,7.51,9.75,10.0,9.5,,,,7.5,5.0,-1,,,,9.0,0.0,2024,7.5,,
RA-1377,ALFA T - G2/G3,M,2024,Pública,Ametista,7.8987,,,,9.002,10.0,8.13,5.5,5.0,6.0,,,,6.99,10.0,0,,,,8.0,0.0,2024,6.875,,
RA-1378,ALFA U - G2/G3,F,2024,Pública,Ametista,7.6703428571,,,,9.002,9.2857142855,8.13,6.75,7.5,6.0,,,,7.5,5.0,-1,,,,10.0,0.0,2024,7.5,,
RA-1379,ALFA U - G2/G3,M,2024,Pública,Agata,6.638292105300001,,,,9.502,8.6842105265,3.755,7.25,8.5,6.0,,,,5.16,5.0,-1,,,,8.0,0.0,2024,5.9375,,
RA-138,F,M,2016,Escola Pública,Ágata,6.738,573.0,53.0,11.0,9.6,8.0,5.6,5.6,5.0,6.5,5.2,Sim,Não,6.375,5.0,-1,Destaque: A sua boa entrega das lições de casa.,Melhorar: Empenhar-se mais nas aulas e avaliações.,Melhorar: Integrar-se mais aos Princípios Passos Mágicos.,15.0,4.0,2022,,1,0
RA-138,4F,M,2016,Pública,Agata,6.784075,,,,10.0,7.9,6.26,4.3,4.0,3.7,5.2,,,7.4175,5.0,-2,,,,16.0,4.0,2023,7.34375,0,0
RA-138,5F,M,2021,Pública,Ametista,7.3860274169,,,,9.585,8.751803751666666,7.51,5.833333333333333,7.5,5.0,5.0,,,7.443333333,5.0,-2,,,,17.0,5.0,2024,7.708333333,,
RA-1380,ALFA U - G2/G3,M,2024,Pública,Ametista,7.964342230600001,,,,9.502,8.784461152999999,4.385,8.0,10.0,6.0,,,,7.5,10.0,0,,,,8.0,0.0,2024,7.1875,,
RA-1381,ALFA U - G2/G3,F,2024,Pública,Topázio,9.038200000000002,,,,9.502,10.0,8.13,9.5,10.0,9.0,,,,7.5,10.0,0,,,,8.0,0.0,2024,8.75,,
RA-1382,ALFA U - G2/G3,F,2024,Pública,Ametista,7.834830952400001,,,,8.502,9.761904762,7.51,7.5,8.0,7.0,,,,7.5,5.0,-1,,,,9.0,0.0,2024,7.8125,,
RA-1383,ALFA U - G2/G3,F,2024,Pública,Topázio,8.3720803259,,,,8.502,9.2606516295,7.51,8.5,10.0,7.0,,,,7.5,10.0,0,,,,8.0,0.0,2024,7.1875,,
RA-1384,ALFA U - G2/G3,M,2024,Pública,Agata,6.221984461100001,,,,8.002,7.5689223055,7.51,5.0,5.0,5.0,,,,5.16,5.0,-2,,,,10.0,0.0,2024,6.25,,
RA-1385,ALFA U - G2/G3,M,2024,Pública,Ametista,7.7262,,,,10.002,10.0,4.385,8.0,9.0,7.0,,,,7.5,5.0,-1,,,,8.0,0.0,2024,6.875,,
RA-1386,ALFA U - G2/G3,F,2024,Pública,Ametista,7.803580952400001,,,,9.002,9.761904762,7.51,7.25,8.5,6.0,,,,7.5,5.0,-1,,,,8.0,0.0,2024,7.5,,
RA-1387,ALFA U - G2/G3,F,2024,Pública,Ametista,7.8030796992,,,,9.502,8.759398496,7.51,8.0,9.0,7.0,,,,7.5,5.0,-1,,,,8.0,0.0,2024,7.5,,
RA-1388,ALFA Y - G0/G1,F,2024,Pública,Ametista,7.015057142799999,,,,9.002,8.214285713999999,6.88,5.0,4.0,6.0,,,,7.67,5.0,-1,,,,8.0,0.0,2024,7.5,,
RA-1389,ALFA Y - G0/G1,F,2024,Pública,Topázio,8.980533333299999,,,,9.002,9.7916666665,6.88,10.0,10.0,10.0,,,,8.42,10.0,0,,,,7.0,0.0,2024,7.5,,
RA-139,F,M,2019,Escola Pública,Quartzo,3.738,858.0,75.0,15.0,7.1,3.5,5.0,1.4,1.7,2.7,0.0,Não,Não,3.917,2.5,-3,Melhorar: Melhorar a sua entrega de lições de casa.,Melhorar: Empenhar-se mais nas aulas e avaliações.,Melhorar: Integrar-se mais aos Princípios Passos Mágicos.,17.0,4.0,2022,,,1
RA-1390,ALFA Y - G0/G1,F,2024,Pública,Topázio,8.4930333333,,,,9.502,9.7916666665,5.005,8.25,8.0,8.5,,,,8.42,10.0,0,,,,7.0,0.0,2024,7.5,,
RA-1391,ALFA Y - G0/G1,M,2024,Pública,Topázio,8.8435333333,,,,8.502,9.2916666665,7.51,10.0,10.0,10.0,,,,8.17,10.0,0,,,,7.0,0.0,2024,7.5,,
RA-1392,ALFA Y - G0/G1,M,2024,Pública,Quartzo,5.4262,,,,9.002,5.625,7.51,0.0,0.0,0.0,,,,7.0,5.0,-1,,,,9.0,0.0,2024,7.5,,
RA-1393,ALFA Y - G0/G1,F,2024,Pública,Ametista,7.2597000000000005,,,,9.502,7.5,3.755,5.0,10.0,0.0,,,,8.42,10.0,0,,,,7.0,0.0,2024,7.5,,
RA-1394,1A,F,2024,Pública,Ametista,7.503255555500002,,,,9.502,8.6944444445,7.51,5.75,5.5,6.0,,,,8.003333333,5.0,-1,,,,10.0,1.0,2024,8.125,,
RA-1395,1A,F,2024,Pública,Topázio,8.5997833334,,,,9.502,10.0,7.51,7.75,7.5,8.0,,,,7.836666667,10.0,0,,,,9.0,1.0,2024,7.8125,,
RA-1396,1A,F,2024,Pública,Ametista,7.8477,,,,9.502,10.0,7.51,6.5,6.0,7.0,,,,7.67,5.0,-1,,,,11.0,1.0,2024,8.125,,
RA-1397,1A,F,2024,Pública,Ametista,7.8280333334000005,,,,9.002,10.0,6.26,7.0,7.0,7.0,,,,7.946666667,5.0,-1,,,,10.0,1.0,2024,8.125,,
RA-1398,1B,F,2024,Pública,Ametista,7.989700527000001,,,,6.918,9.555335968,7.51,8.0,8.0,8.0,,,,8.616666667,5.0,-1,,,,11.0,1.0,2024,8.125,,
RA-1399,1B,F,2024,Pública,Ametista,7.438578787899999,,,,9.002,9.7727272725,5.005,6.0,6.0,6.0,,,,8.166666667,5.0,-1,,,,11.0,1.0,2024,7.5,,
RA-14,D,M,2022,Escola Pública,Ágata,6.793,558.0,12.0,7.0,7.9,8.3,7.5,4.0,8.0,0.0,,Sim,Não,7.75,5.0,-1,Destaque: A sua boa entrega das lições de casa.,Melhorar: Empenhar-se mais nas aulas e avaliações.,Destaque: A sua boa integração aos Princípios Passos Mágicos.,21.0,7.0,2022,,0,0
RA-14,8E,M,2022,Privada *Parcerias com Bolsa 100%,,,,,,,,,,,,,,,,10.0,0,,,,21.0,8.0,2023,,0,0
RA-14,8E,M,2022,Privada *Parcerias com Bolsa 100%,,,,,,,0.0,,,,,,,,,10.0,0,,,,22.0,8.0,2024,,,
RA-140,F,F,2021,Escola Pública,Ametista,7.407,358.0,28.0,6.0,7.9,7.6,6.9,5.7,5.0,6.5,5.6,Sim,Não,7.667,10.0,0,Destaque: A sua boa entrega das lições de casa.,Melhorar: Empenhar-se mais nas aulas e avaliações.,Destaque: A sua boa integração aos Princípios Passos Mágicos.,14.0,4.0,2022,,,1
RA-1400,1B,M,2024,Pública,Ametista,7.622839525700001,,,,8.418,6.6501976285,7.51,7.25,6.5,8.0,,,,7.5,10.0,0,,,,9.0,1.0,2024,7.5,,
RA-1401,1C,M,2024,Pública,Topázio,8.1188277778,,,,6.918,8.888888889,7.51,10.0,10.0,10.0,,,,8.085,5.0,-2,,,,13.0,1.0,2024,7.8125,,
RA-1402,1D,F,2024,Pública,Topázio,8.588040909100002,,,,10.002,9.5454545455,7.51,7.25,7.0,7.5,,,,8.17,10.0,0,,,,10.0,1.0,2024,8.4375,,
RA-1403,1D,F,2024,Pública,Topázio,8.257421861500001,,,,9.002,9.3073593075,7.51,8.75,7.5,10.0,,,,8.255,5.0,-1,,,,11.0,1.0,2024,8.4375,,
RA-1404,1D,F,2024,Pública,Topázio,8.3971318182,,,,8.502,9.090909091,7.51,7.5,6.0,9.0,,,,8.17,10.0,0,,,,9.0,1.0,2024,8.4375,,
RA-1405,1D,F,2024,Pública,Topázio,8.4749727273,,,,8.002,8.6363636365,7.51,8.75,8.0,9.5,,,,8.17,10.0,0,,,,10.0,1.0,2024,8.125,,
RA-1406,1D,F,2024,Pública,Ametista,7.8186772727000005,,,,8.002,8.8636363635,7.51,7.5,5.5,9.5,,,,8.255,5.0,-1,,,,10.0,1.0,2024,8.4375,,
RA-1407,1D,M,2024,Pública,Ametista,7.546086363600001,,,,10.002,9.318181818,7.51,5.75,5.5,6.0,,,,7.5,5.0,-1,,,,10.0,1.0,2024,7.8125,,
RA-1408,1D,M,2024,Pública,Ametista,7.626768181800001,,,,10.002,8.409090909,7.51,6.75,5.5,8.0,,,,7.5,5.0,-1,,,,11.0,1.0,2024,8.4375,,
RA-1409,1D,M,2024,Pública,Ametista,7.863131818100001,,,,10.002,9.0909090905,7.51,7.25,7.5,7.0,,,,7.5,5.0,-1,,,,10.0,1.0,2024,8.4375,,
RA-141,F,M,2017,Escola Pública,Ametista,7.118,450.0,36.0,8.0,9.2,8.2,5.6,5.7,5.8,6.2,5.0,Não,Não,5.917,10.0,0,Destaque: A sua boa entrega das lições de casa.,Melhorar: Empenhar-se mais nas aulas e avaliações.,Melhorar: Integrar-se mais aos Princípios Passos Mágicos.,14.0,4.0,2022,,1,0
RA-141,4F,M,2017,Pública,Agata,6.719791667,,,,9.6,8.4,5.63,4.5,6.0,5.3,2.3,,,7.0425,5.0,-1,,,,15.0,4.0,2023,7.03125,,1
RA-1410,1E,M,2024,Pública,Ametista,7.5319272727,,,,9.002,8.1136363635,7.51,6.25,6.5,6.0,,,,8.165,5.0,-1,,,,11.0,1.0,2024,8.75,,
RA-1411,1E,M,2024,Pública,Agata,6.886950000000001,,,,9.002,9.5,6.26,2.75,5.5,0.0,,,,7.835,5.0,-1,,,,11.0,1.0,2024,8.4375,,
RA-1412,1E,M,2024,Pública,Topázio,9.204671861500001,,,,10.002,9.3073593075,7.51,9.75,10.0,9.5,,,,8.835,10.0,0,,,,10.0,1.0,2024,8.75,,
RA-1413,1E,M,2024,Pública,Ametista,7.747564718600001,,,,9.002,8.593073593,7.51,7.25,7.5,7.0,,,,7.92,5.0,-2,,,,12.0,1.0,2024,8.4375,,
RA-1414,1E,F,2024,Pública,Topázio,8.840007359300001,,,,9.502,9.2965367965,6.885,8.5,10.0,7.0,,,,8.835,10.0,0,,,,10.0,1.0,2024,8.75,,
RA-1415,1G,F,2024,Pública,Ametista,7.3712454546,,,,8.002,9.7727272725,6.26,6.75,6.5,7.0,,,,7.056666667,5.0,-1,,,,10.0,1.0,2024,7.291666667,,
RA-1416,1G,F,2024,Pública,Ametista,7.375503030400001,,,,8.502,8.2765151515,7.51,7.75,6.5,9.0,,,,6.386666667,5.0,-1,,,,12.0,1.0,2024,7.916666667,,
RA-1417,1G,M,2024,Pública,Ametista,7.7436242424,,,,9.002,9.337121212,7.51,9.0,10.0,8.0,,,,6.5,5.0,-1,,,,10.0,1.0,2024,6.25,,
RA-1418,1G,M,2024,Pública,Ametista,7.7352909091000015,,,,8.502,9.128787879,7.51,8.25,8.5,8.0,,,,6.833333333,5.0,-1,,,,11.0,1.0,2024,7.916666667,,
RA-1419,1H,F,2024,Pública,Topázio,8.7536999999,,,,8.502,10.0,7.51,7.5,6.0,9.0,,,,8.783333333,10.0,0,,,,10.0,1.0,2024,8.958333333,,
RA-142,F,F,2021,Escola Pública,Ametista,7.457,332.0,27.0,5.0,6.7,8.6,5.6,6.3,6.0,6.8,6.0,Não,Não,7.583,10.0,0,Destaque: A sua boa entrega das lições de casa.,Melhorar: Empenhar-se mais nas aulas e avaliações.,Destaque: A sua boa integração aos Princípios Passos Mágicos.,14.0,4.0,2022,,,1
RA-1420,1H,M,2024,Pública,Quartzo,5.6558,,,,7.918,5.520833333500001,6.26,4.5,5.0,4.0,,,,5.44,5.0,-2,,,,12.0,1.0,2024,6.458333333,,
RA-1421,1H,M,2024,Pública,Ametista,7.126922222200001,,,,9.002,6.777777778,7.51,7.5,8.0,7.0,,,,7.163333333,5.0,-1,,,,11.0,1.0,2024,6.875,,
RA-1422,1J,F,2024,Pública,Ametista,7.0132,,,,9.502,7.5,7.51,4.75,0.0,9.5,,,,7.7475,5.0,-1,,,,11.0,1.0,2024,8.125,,
RA-1423,1J,M,2024,Pública,Agata,6.403450000000001,,,,8.502,5.3125,7.51,5.75,4.0,7.5,,,,6.5425,5.0,-1,,,,11.0,1.0,2024,7.8125,,
RA-1424,1J,F,2024,Pública,Ametista,7.5543388889,,,,9.002,8.9444444445,7.51,7.25,7.5,7.0,,,,6.915,5.0,-1,,,,12.0,1.0,2024,7.8125,,
RA-1425,1J,M,2024,Pública,Agata,6.8290988095000005,,,,9.002,6.7976190475,7.51,7.0,6.0,8.0,,,,5.92,5.0,-1,,,,12.0,1.0,2024,7.34375,,
RA-1426,1J,F,2023,Pública,Quartzo,5.8367476190000005,,,,9.502,5.845238095,7.51,2.75,5.5,0.0,,,,5.8325,5.0,-1,,,,11.0,1.0,2024,7.5,,
RA-1427,1J,F,2024,Pública,Topázio,8.425325,,,,9.502,10.0,7.51,8.0,6.5,9.5,,,,8.6675,5.0,-1,,,,11.0,1.0,2024,8.90625,,
RA-1428,1L,M,2024,Pública,Topázio,8.006108496800001,,,,8.502,8.8562091505,7.51,8.0,7.0,9.0,,,,8.085,5.0,-1,,,,10.0,1.0,2024,9.166666667,,
RA-1429,1L,M,2024,Pública,Topázio,8.041811111100001,,,,9.502,8.888888889,7.51,7.75,8.5,7.0,,,,8.085,5.0,-1,,,,11.0,1.0,2024,8.958333333,,
RA-143,F,M,2019,Rede Decisão,Topázio,8.638,24.0,3.0,1.0,8.3,9.9,5.6,7.9,9.7,7.7,6.4,Não,Sim,9.5,10.0,1,Destaque: A sua boa entrega das lições de casa.,Destaque: As suas boas notas na Passos Mágicos.,Destaque: A sua boa integração aos Princípios Passos Mágicos.,13.0,4.0,2022,,0,0
RA-143,5A,M,2019,Privada - Programa de Apadrinhamento,Ametista,7.794358333,,,,8.3,9.6,2.52,6.5,9.2,5.0,5.2,,,8.3375,10.0,1,,,,14.0,5.0,2023,8.28125,0,0
RA-143,7E,M,2021,Privada - Programa de Apadrinhamento,Ametista,7.449366666666667,,,,10.002,9.92,6.885,2.6333333333333333,0.0,0.0,7.9,,,7.5,10.0,2,,,,15.0,7.0,2024,7.5,,
RA-1430,1L,M,2024,Pública,Ametista,7.864033333300001,,,,8.502,10.0,7.51,6.25,6.0,6.5,,,,8.085,5.0,-1,,,,11.0,1.0,2024,8.958333333,,
RA-1431,1M,F,2024,Pública,Ametista,7.9147292443,,,,9.002,7.7432712215,7.51,8.0,8.0,8.0,,,,9.09,5.0,-1,,,,11.0,1.0,2024,7.96875,,
RA-1432,1M,F,2024,Pública,Topázio,8.774075000000002,,,,10.002,10.0,7.51,9.5,10.0,9.0,,,,8.505,5.0,-1,,,,10.0,1.0,2024,9.21875,,
RA-1433,1M,F,2024,Pública,Topázio,8.1939895962,,,,8.502,9.068322981,7.51,8.75,8.0,9.5,,,,8.505,5.0,-1,,,,10.0,1.0,2024,8.28125,,
RA-1434,1M,M,2024,Pública,Topázio,8.2775982919,,,,8.502,7.9813664595,6.26,9.0,10.0,8.0,,,,9.76,5.0,-1,,,,10.0,1.0,2024,9.53125,,
RA-1435,1M,M,2024,Pública,Ametista,7.7196166667,,,,9.502,7.833333333500001,7.51,7.5,7.5,7.5,,,,6.165,10.0,0,,,,10.0,1.0,2024,7.1875,,
RA-1436,1M,F,2024,Pública,Ametista,7.589914648100001,,,,7.418,8.674948240500001,7.51,8.0,8.0,8.0,,,,7.17,5.0,-1,,,,11.0,1.0,2024,8.28125,,
RA-1437,1M,F,2024,Pública,Ametista,7.982890217400001,,,,8.502,9.347826087,7.51,8.0,8.0,8.0,,,,7.92,5.0,-1,,,,11.0,1.0,2024,8.28125,,
RA-1438,1M,F,2024,Pública,Topázio,8.176825000000001,,,,10.002,9.0,7.51,7.0,6.0,8.0,,,,9.175,5.0,-1,,,,10.0,1.0,2024,8.90625,,
RA-1439,1M,F,2024,Pública,Topázio,8.507700000000002,,,,7.502,10.0,7.51,8.5,9.0,8.0,,,,9.345,5.0,-1,,,,11.0,1.0,2024,9.375,,
RA-144,F,F,2017,Rede Decisão,Topázio,8.181,89.0,9.0,3.0,7.5,9.3,5.0,7.9,7.5,7.2,9.0,Não,Não,8.292,10.0,0,Destaque: A sua boa entrega das lições de casa.,Destaque: As suas boas notas na Passos Mágicos.,Destaque: A sua boa integração aos Princípios Passos Mágicos.,14.0,4.0,2022,,0,0
RA-144,5F,F,2017,Privada - Programa de Apadrinhamento,Quartzo,4.990333333,,,,0.0,5.2,2.52,4.4,3.3,2.5,7.3,,,6.0,10.0,1,,,,14.0,5.0,2023,6.25,,1
RA-1440,1M,F,2024,Pública,Ametista,7.469102691500001,,,,9.002,9.544513457499999,7.51,4.5,9.0,0.0,,,,8.17,5.0,-1,,,,10.0,1.0,2024,8.75,,
RA-1441,1M,M,2024,Pública,Topázio,8.961646169800002,,,,9.502,9.109730849,7.51,8.5,9.0,8.0,,,,9.005,10.0,0,,,,9.0,1.0,2024,9.375,,
RA-1442,1M,M,2024,Pública,Ametista,7.135189648100001,,,,8.002,8.674948240500001,7.51,7.25,8.5,6.0,,,,5.745,5.0,-2,,,,13.0,1.0,2024,7.5,,
RA-1443,1N,F,2024,Pública,Agata,6.921633333300001,,,,6.918,7.5,6.26,6.75,6.5,7.0,,,,7.415,5.0,-2,,,,13.0,1.0,2024,7.708333333,,
RA-1444,1N,M,2024,Pública,Agata,6.610588888900001,,,,8.502,5.277777778,7.51,6.0,8.0,4.0,,,,7.415,5.0,-1,,,,11.0,1.0,2024,7.708333333,,
RA-1445,1N,F,2024,Pública,Ametista,7.842866666700001,,,,9.502,9.5,7.51,7.25,6.5,8.0,,,,7.5,5.0,-1,,,,10.0,1.0,2024,7.916666667,,
RA-1446,1N,M,2024,Pública,Quartzo,5.9004061924,,,,8.002,6.6501976285,6.26,0.0,0.0,0.0,,,,7.075,10.0,0,,,,9.0,1.0,2024,7.291666667,,
RA-1447,1N,F,2024,Pública,Ametista,7.5402350878,,,,9.502,9.7368421055,7.51,5.25,6.5,4.0,,,,7.75,5.0,-1,,,,11.0,1.0,2024,7.916666667,,
RA-1448,1P,F,2024,Pública,Ametista,7.466126406900001,,,,9.002,9.5346320345,7.51,6.0,6.0,6.0,,,,7.29,5.0,-2,,,,13.0,1.0,2024,7.5,,
RA-1449,1R,F,2024,Pública,Ametista,7.214341666700001,,,,7.418,8.3333333335,7.51,6.75,6.5,7.0,,,,7.04,5.0,-1,,,,10.0,1.0,2024,7.96875,,
RA-145,H,M,2017,Escola Pública,Quartzo,5.846,746.0,68.0,7.0,0.0,6.3,8.1,5.2,3.0,4.8,7.8,Sim,Não,7.25,5.0,-2,Melhorar: Melhorar a sua entrega de lições de casa.,Melhorar: Empenhar-se mais nas aulas e avaliações.,Melhorar: Integrar-se mais aos Princípios Passos Mágicos.,16.0,4.0,2022,,1,0
RA-145,4H,M,2017,Pública,,,,,,7.9,9.0,,6.2,5.3,6.0,7.2,,,7.4625,2.5,-3,,,,17.0,4.0,2023,7.96875,,1
RA-1450,1R,M,2024,Pública,Ametista,7.405235714200002,,,,9.502,8.571428571,7.51,3.5,0.0,7.0,,,,7.5425,10.0,0,,,,9.0,1.0,2024,7.8125,,
RA-1451,1R,F,2024,Pública,Ametista,7.560479761900002,,,,10.002,8.8095238095,7.51,6.0,6.0,6.0,,,,7.7525,5.0,-1,,,,11.0,1.0,2024,7.96875,,
RA-1452,2A,M,2024,Pública,Topázio,8.6268666667,,,,9.002,10.0,7.51,7.75,7.0,8.5,,,,8.17,10.0,0,,,,12.0,2.0,2024,7.916666667,,
RA-1453,2A,F,2021,Pública,Ametista,7.1234857143,,,,8.502,7.8214285715,6.25,6.5,4.5,8.5,,,,7.67,5.0,-1,,,,12.0,2.0,2024,7.5,,
RA-1454,2A,F,2023,Pública,Ametista,7.7042238095,,,,8.002,5.880952381,7.51,7.75,7.5,8.0,,,,8.28,10.0,0,,,,10.0,2.0,2024,7.708333333,,
RA-1455,2A,F,2024,Pública,Agata,6.6442555555,,,,8.002,7.777777778,7.51,3.5,,3.5,,,,7.833333333,5.0,-1,,,,12.0,2.0,2024,7.708333333,,
RA-1456,2A,M,2024,Pública,Topázio,8.492914285800001,,,,9.502,9.511904762,7.51,7.75,5.5,10.0,,,,7.946666667,10.0,0,,,,11.0,2.0,2024,7.5,,
RA-1457,2B,F,2024,Pública,Agata,6.0197761904,,,,3.498,8.0357142855,7.51,2.75,2.5,3.0,,,,7.663333333,5.0,-1,,,,12.0,2.0,2024,7.291666667,,
RA-1458,2B,F,2024,Pública,Quartzo,5.879073684200001,,,,8.751,7.280701754500001,7.51,3.25,0.5,6.0,,,,5.213333333,5.0,-1,,,,12.0,2.0,2024,6.041666667,,
RA-1459,2C,M,2024,Pública,Agata,6.665390476100001,,,,8.002,8.2976190475,7.51,3.75,2.0,5.5,,,,7.273333333,5.0,-1,,,,12.0,2.0,2024,7.5,,
RA-146,H,F,2022,Escola Pública,Ametista,7.947,156.0,15.0,1.0,8.3,9.2,7.5,7.9,6.3,7.3,10.0,Sim,Não,8.208,5.0,-1,Destaque: A sua boa entrega das lições de casa.,Destaque: As suas boas notas na Passos Mágicos.,Destaque: A sua boa integração aos Princípios Passos Mágicos.,15.0,4.0,2022,,0,0
RA-146,5C,F,2022,Pública,Ametista,7.584483333,,,,6.2,9.5,5.0,7.9,7.8,5.8,10.0,,,8.2125,5.0,-1,,,,16.0,5.0,2023,8.4375,1,0
RA-146,5D,F,2022,Pública,Topázio,8.134554885333333,,,,8.751,9.514316093333333,5.635,9.333333333333334,9.0,9.0,10.0,,,8.304,5.0,-2,,,,17.0,5.0,2024,7.65625,,
RA-1460,2C,M,2024,Pública,Agata,6.784805263200001,,,,9.502,7.460526316,7.51,3.25,2.5,4.0,,,,6.27,10.0,0,,,,12.0,2.0,2024,6.875,,
RA-1461,2C,F,2024,Pública,Agata,6.871961904800001,,,,10.002,9.273809524,7.51,2.75,0.5,5.0,,,,7.33,5.0,-1,,,,12.0,2.0,2024,7.5,,
RA-1462,2D,F,2024,Pública,Ametista,7.6243666666,,,,8.502,10.0,7.51,6.5,6.0,7.0,,,,7.053333333,5.0,-1,,,,13.0,2.0,2024,8.125,,
RA-1463,2D,M,2024,Pública,Topázio,9.074561111000001,,,,8.502,9.722222222,7.51,10.0,10.0,10.0,,,,8.113333333,10.0,0,,,,12.0,2.0,2024,9.0625,,
RA-1464,2D,F,2024,Pública,Ametista,7.288424359,,,,8.002,7.794871795,7.51,6.25,4.0,8.5,,,,7.61,5.0,-1,,,,13.0,2.0,2024,9.0625,,
RA-1465,2D,M,2024,Pública,Ametista,7.3344666666,,,,7.418,8.75,7.51,5.75,5.0,6.5,,,,7.833333333,5.0,-1,,,,12.0,2.0,2024,8.75,,
RA-1466,2D,M,2024,Pública,Topázio,8.213723809600001,,,,10.002,7.380952381,7.51,7.5,7.0,8.0,,,,8.056666667,10.0,0,,,,12.0,2.0,2024,8.75,,
RA-1467,2D,M,2024,Pública,Topázio,8.836711278200001,,,,9.002,9.022556391,7.51,9.25,9.0,9.5,,,,8.28,10.0,0,,,,12.0,2.0,2024,8.75,,
RA-1468,2D,F,2024,Pública,Topázio,8.1281028822,,,,8.502,8.972431078,7.51,7.0,4.5,9.5,,,,7.443333333,10.0,0,,,,12.0,2.0,2024,8.4375,,
RA-1469,2D,M,2024,Pública,Ametista,7.459755555500001,,,,8.502,9.4444444445,7.51,4.75,6.0,3.5,,,,8.223333333,5.0,-1,,,,13.0,2.0,2024,8.75,,
RA-147,H,F,2022,Escola Pública,Ametista,7.541,293.0,24.0,4.0,8.3,7.7,7.5,6.1,5.8,4.8,7.7,Não,Não,7.25,10.0,0,Destaque: A sua boa entrega das lições de casa.,Melhorar: Empenhar-se mais nas aulas e avaliações.,Melhorar: Integrar-se mais aos Princípios Passos Mágicos.,14.0,4.0,2022,,1,0
RA-147,4F,F,2022,Pública,Quartzo,5.5425,,,,0.0,7.0,5.63,4.5,5.0,6.0,2.5,,,7.46,5.0,-1,,,,15.0,4.0,2023,6.875,0,0
RA-147,5F,F,2022,Pública,Ametista,7.400477922133334,,,,8.334,9.277056277,7.51,6.166666666666667,6.0,2.5,10.0,,,7.386666667,5.0,-1,,,,16.0,5.0,2024,7.5,,
RA-1470,2G,F,2024,Pública,Quartzo,5.967421532000001,,,,8.002,6.35610766,6.26,5.0,5.0,5.0,,,,5.4125,5.0,-1,,,,12.0,2.0,2024,6.875,,
RA-1471,2G,M,2024,Pública,Ametista,7.404455434800001,,,,10.002,7.195652174,7.51,7.5,8.0,7.0,,,,7.2425,5.0,-1,,,,13.0,2.0,2024,7.65625,,
RA-1472,2G,M,2022,Pública,Topázio,8.773575000000001,,,,8.502,10.0,7.51,8.75,9.0,8.5,,,,8.1275,10.0,0,,,,11.0,2.0,2024,7.96875,,
RA-1473,2G,M,2024,Pública,Agata,6.689320600500001,,,,9.502,8.4368530025,5.625,5.25,6.0,4.5,,,,6.415,5.0,-1,,,,13.0,2.0,2024,6.5625,,
RA-1474,2H,F,2024,Pública,Ametista,7.384207505200001,,,,8.002,7.960662526,5.625,7.5,7.0,8.0,,,,6.2875,10.0,0,,,,11.0,2.0,2024,6.71875,,
RA-1475,2I,F,2024,Pública,Ametista,7.413901754400001,,,,9.002,8.070175439,7.51,5.0,7.0,3.0,,,,6.993333333,10.0,0,,,,10.0,2.0,2024,7.5,,
RA-1476,2K,F,2024,Pública,Topázio,8.80795,,,,9.502,10.0,5.635,8.5,8.0,9.0,,,,8.7525,10.0,0,,,,11.0,2.0,2024,8.4375,,
RA-1477,2K,M,2024,Pública,Ametista,7.0514989130000005,,,,8.002,8.010869565,7.51,5.0,5.0,5.0,,,,6.2875,10.0,0,,,,11.0,2.0,2024,6.40625,,
RA-1478,2K,M,2024,Pública,Agata,6.7210333334,,,,8.002,6.666666667,6.255,4.25,4.0,4.5,,,,7.1225,10.0,0,,,,11.0,2.0,2024,6.875,,
RA-1479,2K,M,2024,Pública,Agata,6.615766239300001,,,,8.502,6.1965811965,7.51,4.25,4.0,4.5,,,,6.0325,10.0,0,,,,12.0,2.0,2024,7.1875,,
RA-148,H,M,2022,Escola Pública,Ametista,7.894,172.0,16.0,2.0,9.2,7.9,10.0,5.3,4.7,6.3,5.0,Sim,Não,7.708,10.0,0,Destaque: A sua boa entrega das lições de casa.,Melhorar: Empenhar-se mais nas aulas e avaliações.,Destaque: A sua boa integração aos Princípios Passos Mágicos.,14.0,4.0,2022,,,1
RA-1480,2K,M,2024,Pública,Ametista,7.09445,,,,8.502,8.875,7.51,5.5,,5.5,,,,6.9975,5.0,-1,,,,12.0,2.0,2024,7.1875,,
RA-1481,2K,F,2024,Pública,Agata,6.860721739100001,,,,8.502,8.782608695499999,7.51,4.75,4.0,5.5,,,,6.8275,5.0,-1,,,,12.0,2.0,2024,6.875,,
RA-1482,2K,M,2024,Pública,Quartzo,5.2257,,,,8.502,5.0,7.51,0.0,0.0,0.0,,,,6.8725,5.0,-1,,,,14.0,2.0,2024,7.5,,
RA-1483,2K,M,2024,Pública,Ametista,7.311433695700001,,,,9.502,7.913043478500001,7.51,6.5,6.0,7.0,,,,5.7475,10.0,0,,,,11.0,2.0,2024,5.78125,,
RA-1484,2L,F,2024,Pública,Ametista,7.754200000000001,,,,9.002,10.0,6.26,7.0,5.0,9.0,,,,7.89,5.0,-1,,,,14.0,2.0,2024,7.5,,
RA-1485,2L,M,2024,Pública,Agata,6.7386875776999995,,,,9.002,7.7432712215,5.625,5.0,5.0,5.0,,,,7.386666667,5.0,-1,,,,13.0,2.0,2024,7.5,,
RA-1486,2L,M,2024,Pública,Agata,6.865474509900001,,,,8.002,5.431372549,6.26,5.75,6.0,5.5,,,,7.056666667,10.0,0,,,,11.0,2.0,2024,7.916666667,,
RA-1487,2L,F,2024,Pública,Topázio,8.0267434782,,,,10.002,9.5652173915,6.26,8.25,7.0,9.5,,,,7.833333333,5.0,-1,,,,13.0,2.0,2024,7.708333333,,
RA-1488,2L,F,2024,Pública,Agata,6.7668935818000016,,,,8.002,7.111801242,7.51,3.5,7.0,0.0,,,,6.716666667,10.0,0,,,,11.0,2.0,2024,7.5,,
RA-1489,2L,M,2024,Pública,Quartzo,5.9842289855000015,,,,9.002,5.793478261000001,6.26,5.0,5.0,5.0,,,,5.663333333,5.0,-1,,,,12.0,2.0,2024,6.666666667,,
RA-149,H,F,2022,Escola Pública,Ágata,6.323,679.0,60.0,6.0,9.2,6.5,7.5,5.0,4.0,6.0,,Não,Não,6.125,5.0,-1,Melhorar: Melhorar a sua entrega de lições de casa.,Melhorar: Empenhar-se mais nas aulas e avaliações.,Melhorar: Integrar-se mais aos Princípios Passos Mágicos.,15.0,4.0,2022,,1,0
RA-149,4C,F,2022,Pública,Quartzo,5.622266667,,,,8.8,4.2,2.52,4.7,5.7,3.5,5.0,,,7.2925,5.0,-2,,,,16.0,4.0,2023,7.5,0,0
RA-149,5D,F,2022,Pública,Quartzo,5.7316173854,,,,9.585,4.104378593666667,6.26,3.8333333333333335,0.0,6.5,5.0,,,6.626,5.0,-2,,,,17.0,5.0,2024,7.34375,,
RA-1490,2L,F,2024,Privada,Ametista,7.3725768116,,,,8.502,9.5652173915,6.26,7.75,8.0,7.5,,,,6.333333333,5.0,-1,,,,12.0,2.0,2024,6.666666667,,
RA-1491,2L,M,2024,Pública,Ametista,7.5072,,,,9.002,6.25,7.51,6.5,6.0,7.0,,,,7.78,10.0,0,,,,12.0,2.0,2024,7.5,,
RA-1492,2L,M,2024,Pública,Topázio,8.479020512900002,,,,8.002,8.8141025645,7.51,8.0,6.0,10.0,,,,8.45,10.0,1,,,,9.0,2.0,2024,8.75,,
RA-1493,2M,M,2024,Pública,Agata,6.378661323900001,,,,8.502,7.8468899525,7.51,4.0,3.5,4.5,,,,5.946666667,5.0,-1,,,,12.0,2.0,2024,7.1875,,
RA-1494,2M,F,2024,Pública,Quartzo,5.8748823529,,,,0.0,6.7794117645,7.51,4.25,8.5,0.0,,,,5.84,10.0,0,,,,11.0,2.0,2024,7.5,,
RA-1495,2M,F,2021,Pública,Topázio,8.4845030302,,,,9.002,8.318181818,7.51,8.25,8.5,8.0,,,,8.223333333,10.0,0,,,,11.0,2.0,2024,8.75,,
RA-1496,2M,F,2024,Pública,Agata,6.7799738095,,,,9.002,5.714285714500001,7.51,4.25,2.5,6.0,,,,6.773333333,10.0,0,,,,12.0,2.0,2024,7.8125,,
RA-1497,2M,F,2024,Pública,Quartzo,5.2423787879,,,,0.0,5.0227272725,7.51,2.0,4.0,0.0,,,,6.996666667,10.0,0,,,,12.0,2.0,2024,6.875,,
RA-1498,2M,F,2024,Pública,Ametista,7.147881818200001,,,,8.502,7.840909091,7.51,7.0,5.0,9.0,,,,6.33,5.0,-1,,,,13.0,2.0,2024,8.125,,
RA-1499,2N,F,2024,Pública,Ametista,7.914800000000001,,,,8.418,9.25,6.885,6.5,6.0,7.0,,,,7.11,10.0,0,,,,12.0,2.0,2024,8.125,,
RA-15,D,M,2022,Escola Pública,Ametista,7.783,207.0,3.0,2.0,8.8,10.0,7.5,7.3,8.0,6.5,,Sim,Não,7.292,5.0,-1,Destaque: A sua boa entrega das lições de casa.,Melhorar: Empenhar-se mais nas aulas e avaliações.,Melhorar: Integrar-se mais aos Princípios Passos Mágicos.,18.0,7.0,2022,,,1
RA-150,H,F,2020,Escola Pública,Ágata,6.962,498.0,41.0,5.0,9.6,6.3,6.9,6.9,5.3,6.7,8.6,Sim,Não,7.333,5.0,-2,Melhorar: Melhorar a sua entrega de lições de casa.,Melhorar: Empenhar-se mais nas aulas e avaliações.,Melhorar: Integrar-se mais aos Princípios Passos Mágicos.,16.0,4.0,2022,,,1
RA-1500,2N,M,2024,Pública,Ametista,7.360450000100002,,,,9.502,8.3333333335,6.885,3.5,2.0,5.0,,,,7.556666667,10.0,0,,,,11.0,2.0,2024,8.4375,,
RA-1501,2N,F,2024,Pública,Topázio,8.04495,,,,9.502,10.0,7.51,5.0,4.5,5.5,,,,7.5,10.0,0,,,,11.0,2.0,2024,8.4375,,
RA-1502,2N,F,2024,Pública,Agata,6.886091025600001,,,,8.002,7.628205128,7.51,5.25,3.5,7.0,,,,7.39,5.0,-1,,,,12.0,2.0,2024,7.8125,,
RA-1503,2P,F,2024,Pública,Agata,6.991699999900001,,,,7.502,10.0,7.51,2.75,3.0,2.5,,,,7.723333333,5.0,-1,,,,13.0,2.0,2024,8.958333333,,
RA-1504,2P,F,2024,Pública,Agata,6.057060605999999,,,,7.5,4.6136363634999995,5.63,6.75,5.0,8.5,,,,6.94,5.0,-1,,,,12.0,2.0,2024,5.833333333,,
RA-1505,2P,M,2024,Pública,Agata,6.7199171717,,,,9.502,7.5252525255,7.51,3.75,3.0,4.5,,,,6.943333333,5.0,-1,,,,13.0,2.0,2024,8.75,,
RA-1506,2R,F,2024,Pública,Ametista,7.151855844200001,,,,8.002,8.3874458875,7.51,3.5,0.0,7.0,,,,7.886666667,10.0,0,,,,11.0,2.0,2024,6.458333333,,
RA-1507,2R,M,2024,Pública,Quartzo,5.046077056300001,,,,6.918,4.448051948,7.51,5.0,5.0,5.0,,,,3.776666667,5.0,-1,,,,12.0,2.0,2024,4.583333333,,
RA-1508,2R,F,2024,Pública,Topázio,8.1804207793,,,,7.502,7.2294372295,7.51,9.25,10.0,8.5,,,,8.166666667,10.0,0,,,,10.0,2.0,2024,7.5,,
RA-1509,2R,M,2024,Pública,Ametista,7.560230303200001,,,,8.502,6.5151515155,7.51,7.5,7.0,8.0,,,,7.446666667,10.0,0,,,,11.0,2.0,2024,6.666666667,,
RA-151,H,F,2020,Escola Pública,Ametista,7.563,289.0,23.0,3.0,8.8,7.5,6.9,8.3,7.3,8.0,9.5,Sim,Não,7.958,5.0,-2,Destaque: A sua boa entrega das lições de casa.,Destaque: As suas boas notas na Passos Mágicos.,Destaque: A sua boa integração aos Princípios Passos Mágicos.,16.0,4.0,2022,,0,0
RA-151,5C,F,2020,Pública,Agata,6.892541667,,,,0.0,7.8,7.52,7.9,6.8,7.0,10.0,,,8.1725,5.0,-2,,,,17.0,5.0,2023,8.59375,,1
RA-1510,2R,F,2024,Pública,Topázio,9.464745454400001,,,,10.002,9.7727272725,7.51,10.0,10.0,10.0,,,,9.003333333,10.0,0,,,,11.0,2.0,2024,9.583333333,,
RA-1511,2U,F,2024,Pública,Topázio,8.9217077641,,,,10.002,9.3271221535,7.51,8.75,8.0,9.5,,,,8.556666667,10.0,0,,,,11.0,2.0,2024,8.4375,,
RA-1512,2U,F,2024,Pública,Topázio,8.10445,,,,9.502,10.0,7.51,5.5,7.0,4.0,,,,7.61,10.0,0,,,,10.0,2.0,2024,7.8125,,
RA-1513,2U,F,2024,Pública,Agata,6.5509171717,,,,8.502,7.5252525255,7.51,3.75,4.0,3.5,,,,7.223333333,5.0,-1,,,,12.0,2.0,2024,7.5,,
RA-1514,2U,F,2024,Pública,Ametista,7.520576262600001,,,,9.002,7.979797980000001,7.51,5.5,5.0,6.0,,,,7.273333333,10.0,0,,,,12.0,2.0,2024,7.1875,,
RA-1515,2U,F,2024,Pública,Quartzo,5.832133333300001,,,,6.418,6.6666666665,6.255,3.5,6.0,1.0,,,,6.72,5.0,-1,,,,12.0,2.0,2024,6.875,,
RA-1516,3A,F,2024,Privada,Ametista,7.217066033133334,,,,9.585,5.404288499000001,9.38,4.666666666666667,0.0,5.0,9.0,,,7.5475,10.0,3,,,,13.0,3.0,2024,7.96875,,
RA-1517,3A,M,2024,Pública,Agata,6.240744444466667,,,,9.168,4.305555555666667,9.38,4.666666666666667,5.0,4.5,4.5,,,6.7075,5.0,-1,,,,15.0,3.0,2024,7.5,,
RA-1518,3A,F,2022,Pública,Quartzo,5.721382142866666,,,,7.084,5.714285714333333,9.38,1.75,0.0,3.5,,,,6.5825,5.0,-1,,,,15.0,3.0,2024,7.65625,,
RA-1519,3A,M,2024,,Ametista,7.210222117800001,,,,9.585,5.560902255666666,8.755,4.833333333333333,0.0,6.5,8.0,,,7.5025,10.0,3,,,,15.0,3.0,2024,7.96875,,
RA-152,L,F,2022,Escola Pública,Ágata,6.712,586.0,54.0,13.0,8.3,7.0,7.5,6.5,4.0,7.0,8.5,Não,Não,6.292,5.0,-2,Melhorar: Melhorar a sua entrega de lições de casa.,Melhorar: Empenhar-se mais nas aulas e avaliações.,Melhorar: Integrar-se mais aos Princípios Passos Mágicos.,16.0,4.0,2022,,0,0
RA-152,4M,F,2022,Pública,Agata,6.30695,,,,7.9,7.7,2.52,4.5,4.0,5.0,4.5,,,7.71,5.0,-2,,,,16.0,4.0,2023,7.8125,0,0
RA-152,5L,F,2022,Pública,Agata,6.5837938596,,,,7.5,7.337719298333333,5.63,5.166666666666667,0.0,7.5,8.0,,,7.443333333,5.0,-2,,,,17.0,5.0,2024,7.8125,,
RA-1520,3B,F,2024,Pública,Ametista,7.0026462121333335,,,,8.334,9.060606060666666,8.75,3.75,4.0,3.5,,,,7.3325,5.0,-1,,,,14.0,3.0,2024,7.65625,,
RA-1521,3B,F,2024,Pública,Quartzo,5.065788844333333,,,,7.5,6.157902555,2.51,3.1666666666666665,2.0,5.5,2.0,,,5.4525,5.0,-1,,,,14.0,3.0,2024,6.09375,,
RA-1522,3B,M,2024,Pública,Topázio,8.3261,,,,8.751,10.0,9.38,7.0,10.0,4.0,,,,7.1275,10.0,0,,,,13.0,3.0,2024,6.875,,
RA-1523,3B,M,2024,Pública,Topázio,8.67371279,,,,6.666,9.283272283333334,8.755,8.166666666666666,8.0,6.5,10.0,,,8.755,10.0,1,,,,11.0,3.0,2024,8.90625,,
RA-1524,3B,F,2024,Pública,Quartzo,5.5473805555333335,,,,7.917,2.777777777666667,7.51,4.0,4.0,,,,,6.9175,5.0,-1,,,,14.0,3.0,2024,7.65625,,
RA-1525,3C,M,2024,Pública,Ametista,7.778263492033334,,,,7.917,8.293650793666666,5.63,7.0,6.5,5.5,9.0,,,7.553333333,10.0,0,,,,13.0,3.0,2024,8.541666667,,
RA-1526,3D,F,2024,Pública,Ametista,7.9798,,,,9.168,10.0,8.75,3.75,2.0,5.5,,,,8.1275,10.0,0,,,,13.0,3.0,2024,8.125,,
RA-1527,3D,M,2024,Pública,Topázio,8.631675000000001,,,,9.168,10.0,7.51,8.0,9.0,7.0,,,,7.835,10.0,0,,,,13.0,3.0,2024,7.96875,,
RA-1528,3D,M,2024,Pública,Ametista,7.622584090933335,,,,9.168,7.787878788,7.51,5.666666666666667,3.0,6.0,8.0,,,7.335,10.0,0,,,,13.0,3.0,2024,7.96875,,
RA-1529,3F,F,2024,Pública,Agata,6.710079487200001,,,,6.666,7.435897436,7.51,5.5,6.0,5.5,5.0,,,6.964,5.0,-1,,,,14.0,3.0,2024,8.125,,
RA-153,L,F,2018,Rede Decisão,Ametista,7.535,297.0,25.0,5.0,7.9,8.2,5.0,6.6,3.3,7.7,8.8,Não,Não,7.708,10.0,0,Destaque: A sua boa entrega das lições de casa.,Melhorar: Empenhar-se mais nas aulas e avaliações.,Destaque: A sua boa integração aos Princípios Passos Mágicos.,14.0,4.0,2022,,0,0
RA-153,5M,F,2018,Privada - Programa de Apadrinhamento,Ametista,7.289966667,,,,9.2,7.4,2.52,6.4,6.0,5.3,8.0,,,7.71,10.0,0,,,,15.0,5.0,2023,8.125,0,0
RA-153,7E,F,2021,Privada - Programa de Apadrinhamento,Quartzo,4.78185,,,,8.751,0.0,6.5675,0.0,0.0,0.0,0.0,,,7.5,10.0,2,,,,16.0,7.0,2024,7.5,,
RA-1530,3F,M,2024,Pública,Quartzo,4.6391535714200005,,,,0.0,2.5238095237666665,8.13,2.8333333333333335,1.5,7.0,0.0,,,5.258,10.0,0,,,,13.0,3.0,2024,7.03125,,
RA-1531,3F,M,2024,Pública,Ametista,7.0491790134,,,,8.751,7.9726867336666665,7.505,5.833333333333333,4.5,8.0,5.0,,,7.14,5.0,-1,,,,14.0,3.0,2024,7.34375,,
RA-1532,3H,M,2024,Pública,Quartzo,4.548544781066667,,,,0.0,3.9057239053333332,7.51,2.0,0.0,6.0,0.0,,,6.832,5.0,-1,,,,15.0,3.0,2024,7.5,,
RA-1533,3I,F,2024,Pública,Topázio,9.089828985533336,,,,9.168,9.710144927666667,8.135,9.5,10.0,8.5,10.0,,,8.3375,10.0,0,,,,14.0,3.0,2024,8.5,,
RA-1534,3I,F,2024,Pública,Ametista,7.188366666666667,,,,7.917,9.666666666666666,8.135,1.1666666666666667,2.0,1.5,0.0,,,8.0825,10.0,0,,,,13.0,3.0,2024,8.0,,
RA-1535,3I,F,2024,Pública,Ametista,7.109390969933334,,,,8.751,5.103121516333333,7.51,5.833333333333333,7.5,5.5,4.5,,,7.9175,10.0,0,,,,13.0,3.0,2024,7.125,,
RA-1536,3I,F,2024,Pública,Ametista,7.653744444466668,,,,9.168,8.722222222333334,8.135,7.0,10.0,3.5,7.5,,,7.4575,5.0,-1,,,,15.0,3.0,2024,7.875,,
RA-1537,3I,F,2024,Pública,Topázio,8.176263231333333,,,,9.168,8.33064949,8.135,8.666666666666666,10.0,6.0,10.0,,,8.67,5.0,-1,,,,14.0,3.0,2024,8.125,,
RA-1538,3K,M,2021,Pública,Ametista,7.9631703704333345,,,,9.168,7.935185184999999,8.13,7.166666666666667,7.5,6.0,8.0,,,7.106666667,10.0,1,,,,13.0,3.0,2024,7.916666667,,
RA-1539,3K,F,2024,Pública,Ametista,7.709588888900001,,,,6.667,9.027777777666666,6.885,6.833333333333333,6.0,7.0,7.5,,,7.056666667,10.0,0,,,,13.0,3.0,2024,7.708333333,,
RA-154,L,M,2017,Escola Pública,Ágata,6.073,714.0,65.0,15.0,8.3,6.1,6.3,4.0,3.7,6.2,2.1,Sim,Não,6.833,5.0,-1,Melhorar: Melhorar a sua entrega de lições de casa.,Melhorar: Empenhar-se mais nas aulas e avaliações.,Melhorar: Integrar-se mais aos Princípios Passos Mágicos.,15.0,4.0,2022,,,1
RA-1540,3M,F,2024,Pública,Quartzo,5.696233333333334,,,,8.334,5.0,7.51,2.6666666666666665,2.0,2.0,4.0,,,6.83,5.0,-1,,,,14.0,3.0,2024,7.125,,
RA-1541,3M,M,2024,Pública,Topázio,8.337,,,,9.168,8.633333333333333,6.88,8.166666666666666,9.0,7.0,8.5,,,7.736,10.0,0,,,,13.0,3.0,2024,8.25,,
RA-1542,3M,F,2024,Pública,Agata,6.0886079922,,,,7.501,6.304873294333333,8.135,3.1666666666666665,1.0,3.5,5.0,,,6.966,5.0,-2,,,,16.0,3.0,2024,7.375,,
RA-1543,3M,M,2024,Pública,Agata,6.754584615400001,,,,7.5,8.076923077,7.51,5.0,6.0,4.0,,,,7.066,5.0,-1,,,,14.0,3.0,2024,7.25,,
RA-1544,3M,F,2024,Pública,Agata,6.905568627466667,,,,8.334,8.674509804,6.885,5.833333333333333,5.5,5.5,6.5,,,6.598,5.0,-1,,,,14.0,3.0,2024,6.625,,
RA-1545,3N,F,2024,Pública,Ametista,7.296598575533334,,,,7.501,6.210826211,8.13,8.166666666666666,8.0,6.5,10.0,,,6.165,10.0,0,,,,12.0,3.0,2024,6.25,,
RA-1546,3N,M,2024,Pública,Agata,6.900662108266667,,,,8.334,6.374643874666667,8.75,4.666666666666667,5.0,3.0,6.0,,,6.17,10.0,0,,,,14.0,3.0,2024,7.5,,
RA-1547,3N,F,2024,Pública,Agata,6.748480626800001,,,,7.917,6.467236467333334,8.13,6.666666666666667,9.5,6.0,4.5,,,6.335,5.0,-1,,,,14.0,3.0,2024,7.5,,
RA-1548,3N,F,2024,Pública,Agata,6.482499715066667,,,,8.334,5.2421652420000004,7.51,4.833333333333333,9.0,4.5,1.0,,,5.665,10.0,0,,,,13.0,3.0,2024,7.5,,
RA-1549,3N,M,2024,Pública,Agata,6.514862200466668,,,,9.585,7.441394335666668,7.51,4.166666666666667,5.5,3.0,4.0,,,6.325,5.0,-2,,,,15.0,3.0,2024,7.1875,,
RA-155,L,M,2022,Escola Pública,Ametista,7.051,470.0,39.0,9.0,10.0,8.3,7.5,5.2,4.3,6.8,4.3,Sim,Não,6.833,5.0,-2,Destaque: A sua boa entrega das lições de casa.,Melhorar: Empenhar-se mais nas aulas e avaliações.,Melhorar: Integrar-se mais aos Princípios Passos Mágicos.,16.0,4.0,2022,,0,0
RA-155,5L,M,2022,Pública,Agata,6.318991667,,,,7.9,8.1,5.0,4.4,5.3,2.8,5.2,,,6.5875,5.0,-2,,,,17.0,5.0,2023,7.03125,0,0
RA-155,8F,M,2022,Privada *Parcerias com Bolsa 100%,,,,,,,0.0,,,,,,,,,10.0,0,,,,18.0,8.0,2024,,,
RA-1550,3P,M,2024,Pública,Agata,6.064236111066667,,,,9.585,5.222222222,7.51,4.333333333333333,5.0,3.0,5.0,,,6.2025,5.0,-1,,,,15.0,3.0,2024,7.03125,,
RA-1551,3P,M,2024,Pública,Quartzo,5.9717087542,,,,9.585,4.7710437709999995,7.51,3.5,1.0,5.5,4.0,,,6.79,5.0,-2,,,,15.0,3.0,2024,7.5,,
RA-1552,3P,M,2024,Pública,Ametista,7.443301282066667,,,,9.585,9.743589743666666,7.51,3.1666666666666665,1.0,4.5,4.0,,,7.165,10.0,0,,,,13.0,3.0,2024,7.1875,,
RA-1553,3R,M,2024,Pública,Ametista,7.641184313700001,,,,8.334,9.003921568666668,7.51,4.333333333333333,6.0,5.0,2.0,,,7.78,10.0,0,,,,13.0,3.0,2024,8.333333333,,
RA-1554,3R,M,2024,Pública,Agata,6.941692592633334,,,,6.666,9.629629629666667,8.76,4.0,3.0,,5.0,,,7.22,5.0,-2,,,,15.0,3.0,2024,7.291666667,,
RA-1555,3R,M,2024,Pública,Ametista,7.4827333334,,,,8.334,10.0,6.255,3.0,9.0,0.0,0.0,,,8.056666667,10.0,0,,,,13.0,3.0,2024,8.125,,
RA-1556,3U,M,2024,Pública,Agata,6.666811111166668,,,,7.917,5.222222222333333,7.51,4.0,3.5,,4.5,,,7.44,10.0,0,,,,14.0,3.0,2024,7.916666667,,
RA-1557,3U,F,2024,Pública,Topázio,8.228500000033334,,,,9.585,8.916666666666666,7.51,7.0,6.0,,8.0,,,7.72,10.0,0,,,,14.0,3.0,2024,7.916666667,,
RA-1558,4A,M,2024,Pública,Ametista,7.643772047733333,,,,9.168,8.705360238666666,8.755,5.5,5.0,5.5,6.0,,,8.302,5.0,-1,,,,16.0,4.0,2024,8.5,,
RA-1559,4A,F,2024,Pública,Agata,6.330428437666668,,,,7.917,5.2929755216666665,6.885,4.666666666666667,8.0,0.0,6.0,,,7.604,5.0,-1,,,,15.0,4.0,2024,8.375,,
RA-156,L,M,2018,Escola Pública,Ametista,7.357,376.0,30.0,6.0,10.0,8.3,9.4,4.4,4.7,6.5,2.1,Sim,Não,7.792,5.0,-1,Destaque: A sua boa entrega das lições de casa.,Melhorar: Empenhar-se mais nas aulas e avaliações.,Destaque: A sua boa integração aos Princípios Passos Mágicos.,15.0,4.0,2022,,,1
RA-1560,4A,F,2024,Privada,Topázio,8.4721031746,,,,9.168,9.206349206333334,5.635,8.166666666666666,6.0,8.5,10.0,,,8.336,10.0,1,,,,14.0,4.0,2024,8.5,,
RA-1561,4A,M,2024,Pública,Ametista,7.9402206349333335,,,,9.585,9.174603174666666,5.0,9.0,8.5,8.5,10.0,,,7.734,5.0,-1,,,,16.0,4.0,2024,8.0,,
RA-1562,4B,F,2024,Pública,Quartzo,5.458833333333334,,,,6.25,8.666666666666666,5.01,0.5,0.5,,,,,6.8725,5.0,-2,,,,16.0,4.0,2024,6.25,,
RA-1563,4B,F,2024,Pública,Ametista,7.604211111133335,,,,8.751,8.305555555666666,7.51,7.0,5.0,7.5,8.5,,,8.46,5.0,-1,,,,15.0,4.0,2024,7.25,,
RA-1564,4B,M,2024,Pública,Quartzo,5.0761468806000005,,,,8.334,4.942067736333334,6.885,2.1666666666666665,1.0,3.5,2.0,,,5.2875,5.0,-1,,,,15.0,4.0,2024,5.75,,
RA-1565,4B,M,2024,Pública,Quartzo,5.816448179266667,,,,0.0,8.102240896333333,7.51,5.5,7.0,3.0,6.5,,,6.0375,5.0,-1,,,,16.0,4.0,2024,6.375,,
RA-1566,4B,F,2024,Pública,Ametista,7.759243871133334,,,,9.168,9.247219355666667,7.51,6.5,3.0,8.0,8.5,,,8.335,5.0,-2,,,,17.0,4.0,2024,7.75,,
RA-1567,4B,F,2024,Pública,Ametista,7.913942087533334,,,,8.334,8.771043771,7.51,8.166666666666666,5.0,9.5,10.0,,,8.335,5.0,-2,,,,16.0,4.0,2024,7.75,,
RA-1568,4B,F,2024,Pública,Ametista,7.8003261438000004,,,,9.168,7.493464052333334,7.51,8.166666666666666,7.5,7.5,9.5,,,8.5025,5.0,-1,,,,15.0,4.0,2024,8.0,,
RA-1569,4B,F,2024,Pública,Quartzo,5.7191555556,,,,6.666,7.111111111333334,6.26,2.1666666666666665,2.0,3.0,1.5,,,6.9175,5.0,-2,,,,17.0,4.0,2024,6.875,,
RA-157,L,F,2018,Rede Decisão,Topázio,8.317,59.0,6.0,1.0,7.5,10.0,6.3,7.7,7.0,7.5,8.7,Não,Não,8.292,10.0,1,Destaque: A sua boa entrega das lições de casa.,Destaque: As suas boas notas na Passos Mágicos.,Destaque: A sua boa integração aos Princípios Passos Mágicos.,12.0,4.0,2022,,0,0
RA-157,5M,F,2018,Privada - Programa de Apadrinhamento,Ametista,7.879008333,,,,7.1,9.9,2.52,6.8,6.0,6.8,7.5,,,8.63,10.0,2,,,,13.0,5.0,2023,8.59375,1,0
RA-157,5N,F,2021,Privada - Programa de Apadrinhamento,Topázio,8.950566666733334,,,,8.334,10.0,6.26,9.666666666666666,10.0,9.0,10.0,,,8.726666667,10.0,1,,,,14.0,5.0,2024,8.125,,
RA-1570,4B,F,2024,Pública,Ametista,7.894084175066667,,,,9.585,7.542087542,7.51,8.333333333333334,6.5,9.0,9.5,,,8.6725,5.0,-1,,,,16.0,4.0,2024,7.75,,
RA-1571,4B,M,2024,Pública,Ametista,7.2484555556,,,,8.334,9.111111111333335,5.005,5.666666666666667,5.0,6.0,6.0,,,8.545,5.0,-1,,,,16.0,4.0,2024,7.5,,
RA-1572,4C,F,2024,Pública,Topázio,8.080345634866667,,,,9.168,9.841269841333334,7.51,7.5,7.5,6.5,8.5,,,8.393333333,5.0,-1,,,,15.0,4.0,2024,7.65625,,
RA-1573,4C,M,2024,Pública,Agata,6.743847969266667,,,,9.168,6.120448179333334,6.26,5.0,0.0,6.0,9.0,,,8.556666667,5.0,-1,,,,16.0,4.0,2024,7.65625,,
RA-1574,4C,F,2024,Pública,Ametista,7.777244180000001,,,,8.751,8.399470899666667,7.51,7.333333333333333,7.0,6.0,9.0,,,8.616666667,5.0,-1,,,,16.0,4.0,2024,7.8125,,
RA-1575,4C,F,2024,Pública,Ametista,7.318459391466667,,,,9.168,8.624338624,6.885,5.333333333333333,0.0,7.5,8.5,,,8.28,5.0,-1,,,,16.0,4.0,2024,7.65625,,
RA-1576,4C,F,2024,Pública,Ametista,7.4636202380666665,,,,8.334,9.523809523666666,5.635,6.666666666666667,7.5,4.5,8.0,,,8.44,5.0,-1,,,,16.0,4.0,2024,6.40625,,
RA-1577,4C,M,2024,Pública,Agata,6.305585581933334,,,,10.002,4.993386243333333,7.51,4.333333333333333,4.0,7.0,2.0,,,7.273333333,5.0,-1,,,,16.0,4.0,2024,7.34375,,
RA-1578,4F,F,2024,Pública,Ametista,7.880605848,,,,8.334,6.761695906666667,7.51,7.333333333333333,6.0,6.0,10.0,,,8.636,10.0,1,,,,13.0,4.0,2024,7.5,,
RA-1579,4F,F,2022,Pública,Ametista,7.894385710733333,,,,8.751,9.090261886999999,5.635,7.166666666666667,7.5,6.0,8.0,,,9.272,5.0,-2,,,,16.0,4.0,2024,8.5,,
RA-158,L,F,2017,Rede Decisão,Ametista,7.302,392.0,32.0,7.0,7.9,9.8,5.6,6.6,5.0,6.7,8.1,Não,Não,8.125,2.5,-3,Destaque: A sua boa entrega das lições de casa.,Melhorar: Empenhar-se mais nas aulas e avaliações.,Destaque: A sua boa integração aos Princípios Passos Mágicos.,17.0,4.0,2022,,0,0
RA-158,5M,F,2017,Privada - Programa de Apadrinhamento,Ametista,7.297425,,,,7.1,9.0,2.52,6.0,6.0,5.7,6.3,,,7.545,10.0,1,,,,14.0,5.0,2023,8.28125,1,0
RA-158,5M,F,2021,Privada - Programa de Apadrinhamento,Agata,6.855159259266667,,,,8.334,7.796296296333334,6.26,4.0,2.5,1.5,8.0,,,6.745,10.0,0,,,,15.0,5.0,2024,6.875,,
RA-1580,4F,M,2024,Pública,Ametista,7.790523996266667,,,,8.751,9.049953314666666,7.51,6.166666666666667,5.0,7.5,6.0,,,9.168,5.0,-1,,,,16.0,4.0,2024,7.875,,
RA-1581,4H,M,2024,Pública,Agata,6.9787022855,,,,8.334,7.834844760666667,6.26,6.333333333333333,7.0,4.5,7.5,,,7.386666667,5.0,-1,,,,16.0,4.0,2024,7.083333333,,
RA-1582,4H,M,2024,Pública,Agata,6.472788888966667,,,,8.334,8.069444444333334,6.255,4.5,7.0,2.0,4.5,,,6.666666667,5.0,-1,,,,15.0,4.0,2024,6.666666667,,
RA-1583,4H,F,2024,Pública,Ametista,7.8197579711000005,,,,7.917,7.753623188333333,6.26,8.166666666666666,8.0,6.5,10.0,,,9.006666667,5.0,-1,,,,15.0,4.0,2024,9.166666667,,
RA-1584,4L,F,2024,Pública,Ametista,7.429837830666667,,,,8.334,9.153439153333332,7.51,5.5,6.0,5.5,5.0,,,8.1675,5.0,-1,,,,15.0,4.0,2024,7.8125,,
RA-1585,4L,F,2024,Pública,Agata,6.730367016866668,,,,10.002,6.775210084333334,7.51,4.0,5.0,3.0,4.0,,,7.7925,5.0,-1,,,,15.0,4.0,2024,7.65625,,
RA-1586,4L,F,2024,Pública,Agata,6.555764327466668,,,,10.002,6.128654970666666,5.01,5.666666666666667,3.5,5.5,8.0,,,7.54,5.0,-1,,,,15.0,4.0,2024,6.875,,
RA-1587,4L,F,2024,Pública,Ametista,7.34055,,,,9.168,10.0,7.51,3.75,7.5,0.0,,,,8.2075,5.0,-2,,,,16.0,4.0,2024,7.8125,,
RA-1588,4L,F,2024,Pública,Ametista,7.303823728133333,,,,7.917,8.640618640666666,7.51,4.0,3.5,4.5,,,,7.415,10.0,0,,,,14.0,4.0,2024,7.5,,
RA-1589,4M,F,2024,Pública,Quartzo,5.260851851866667,,,,0.0,6.259259259333334,7.51,2.5,3.0,2.0,,,,7.54,5.0,-1,,,,15.0,4.0,2024,7.5,,
RA-159,L,F,2021,Escola Pública,Ágata,6.49,644.0,58.0,14.0,8.3,8.1,5.6,4.7,4.3,5.8,3.9,Não,Não,6.458,5.0,-1,Destaque: A sua boa entrega das lições de casa.,Melhorar: Empenhar-se mais nas aulas e avaliações.,Melhorar: Integrar-se mais aos Princípios Passos Mágicos.,15.0,4.0,2022,,1,0
RA-159,4N,F,2021,Pública,Agata,6.805033333,,,,7.9,8.1,2.52,6.3,5.0,6.0,7.8,,,7.8775,5.0,-2,,,,16.0,4.0,2023,8.125,,1
RA-1590,4N,F,2024,Pública,Topázio,8.1907875086,,,,7.917,8.267770876333332,7.51,8.666666666666666,8.5,8.0,9.5,,,8.806,5.0,-1,,,,15.0,4.0,2024,10.0,,
RA-1591,4N,F,2024,Pública,Agata,6.1707952862,,,,7.083,6.430976431,7.51,3.5,3.0,4.5,3.0,,,7.064,5.0,-2,,,,16.0,4.0,2024,8.125,,
RA-1592,4N,F,2024,Pública,Agata,6.812545479666667,,,,7.917,6.854727398333334,7.51,5.5,4.0,7.5,5.0,,,7.432,5.0,-1,,,,15.0,4.0,2024,8.125,,
RA-1593,4N,M,2024,Pública,Agata,6.638525017333334,,,,6.249,4.868875086666667,6.26,6.5,9.0,6.5,4.0,,,8.538,5.0,-1,,,,15.0,4.0,2024,9.0625,,
RA-1594,4N,M,2024,Pública,Quartzo,5.731267287800001,,,,9.585,6.112836439,6.26,3.0,1.0,4.0,4.0,,,5.996,5.0,-2,,,,16.0,4.0,2024,6.25,,
RA-1595,4R,M,2024,Pública,Agata,6.6599304233000005,,,,8.334,7.949735449666666,6.26,2.3333333333333335,3.0,0.0,4.0,,,7.021666667,10.0,0,,,,14.0,4.0,2024,7.395833333,,
RA-1596,4R,F,2024,Pública,Ametista,7.261016666766667,,,,8.751,10.0,7.51,3.3333333333333335,5.0,0.0,5.0,,,8.226666667,5.0,-2,,,,17.0,4.0,2024,8.229166667,,
RA-1597,4R,F,2024,Pública,Agata,6.7187063492,,,,7.5,8.412698412666666,7.51,2.8333333333333335,2.0,0.0,6.5,,,8.28,5.0,-1,,,,16.0,4.0,2024,8.125,,
RA-1598,5B,F,2024,Pública,Topázio,8.4656285714,,,,9.585,8.857142857,7.51,7.5,7.5,7.5,,,,8.236,10.0,0,,,,15.0,5.0,2024,8.375,,
RA-1599,5B,F,2024,Pública,Ametista,7.6059333333333345,,,,8.334,9.666666666666666,7.51,6.5,7.0,6.0,,,,7.566,5.0,-2,,,,17.0,5.0,2024,7.75,,
RA-16,D,M,2022,Escola Pública,Ágata,6.112,706.0,14.0,8.0,7.9,8.3,5.0,3.5,7.0,0.0,,Sim,Não,6.333,5.0,-1,Destaque: A sua boa entrega das lições de casa.,Melhorar: Empenhar-se mais nas aulas e avaliações.,Melhorar: Integrar-se mais aos Princípios Passos Mágicos.,19.0,7.0,2022,,,1
RA-160,L,F,2021,Escola Pública,Ágata,6.746,568.0,52.0,12.0,7.5,7.2,5.6,5.3,2.7,6.0,7.1,Sim,Não,8.25,5.0,-1,Melhorar: Melhorar a sua entrega de lições de casa.,Melhorar: Empenhar-se mais nas aulas e avaliações.,Destaque: A sua boa integração aos Princípios Passos Mágicos.,15.0,4.0,2022,,0,0
RA-160,5L,F,2021,Privada - Programa de Apadrinhamento,Agata,6.598266667,,,,8.8,8.3,2.52,5.0,3.3,3.8,8.0,,,7.46,5.0,-1,,,,16.0,5.0,2023,8.125,0,0
RA-160,5L,F,2021,Privada - Programa de Apadrinhamento,Agata,6.855108333266668,,,,8.334,7.416666666666667,6.26,5.666666666666667,3.0,5.5,8.5,,,7.723333333,5.0,-1,,,,17.0,5.0,2024,7.34375,,
RA-1600,5B,F,2024,Pública,Agata,6.750618518533334,,,,8.751,8.425925926,6.26,5.666666666666667,5.0,2.0,10.0,,,6.03,5.0,-2,,,,17.0,5.0,2024,7.25,,
RA-1601,5C,F,2024,Pública,Ametista,7.2431,,,,8.751,7.0,7.51,6.5,5.0,5.0,9.5,,,8.335,5.0,-1,,,,17.0,5.0,2024,7.5,,
RA-1602,5C,F,2024,Pública,Topázio,8.041889814800001,,,,7.917,8.782407407333332,7.51,7.166666666666667,9.5,2.0,10.0,,,7.875,10.0,0,,,,15.0,5.0,2024,7.34375,,
RA-1603,5C,F,2024,Pública,Ametista,7.836518518466668,,,,7.5,9.259259258999998,7.51,8.333333333333334,8.5,7.0,9.5,,,7.835,5.0,-1,,,,16.0,5.0,2024,7.5,,
RA-1604,5C,M,2024,Pública,Topázio,8.0118555556,,,,9.168,7.777777778,7.51,8.5,10.0,5.5,10.0,,,8.88,5.0,-1,,,,16.0,5.0,2024,8.125,,
RA-1605,5D,M,2024,Pública,Quartzo,4.920488888866667,,,,0.0,5.0694444443333335,7.51,2.5,0.0,7.5,0.0,,,7.028,5.0,-1,,,,16.0,5.0,2024,7.5,,
RA-1606,5D,F,2024,Pública,Quartzo,5.8216796296,,,,8.334,5.148148148,7.51,2.5,7.5,0.0,0.0,,,7.132,5.0,-2,,,,17.0,5.0,2024,7.8125,,
RA-1607,5D,M,2024,Pública,Quartzo,4.899894444466667,,,,5.833,6.222222222333333,5.635,0.0,,0.0,0.0,,,6.762,5.0,-1,,,,16.0,5.0,2024,6.5625,,
RA-1608,5D,M,2024,Pública,Ametista,7.072539814866667,,,,8.751,7.199074074333335,7.51,5.0,8.5,3.5,3.0,,,6.83,10.0,0,,,,15.0,5.0,2024,6.40625,,
RA-1609,5F,F,2024,Pública,Ametista,7.577233333233334,,,,8.334,9.666666666666666,7.51,6.0,6.0,4.0,8.0,,,7.943333333,5.0,-2,,,,17.0,5.0,2024,7.708333333,,
RA-161,L,F,2018,Rede Decisão,Ametista,7.957,153.0,14.0,4.0,7.9,9.1,5.6,6.9,5.3,6.8,8.5,Não,Não,8.083,10.0,2,Destaque: A sua boa entrega das lições de casa.,Melhorar: Empenhar-se mais nas aulas e avaliações.,Destaque: A sua boa integração aos Princípios Passos Mágicos.,11.0,4.0,2022,,1,0
RA-161,5M,F,2018,Privada - Programa de Apadrinhamento,Agata,6.250166667,,,,0.0,7.3,2.52,5.8,7.0,4.5,6.0,,,7.795,10.0,1,,,,14.0,5.0,2023,8.125,1,0
RA-161,5L,F,2021,Privada - Programa de Apadrinhamento,Ametista,7.258445588333334,,,,8.751,7.965686274666666,6.26,4.0,5.0,7.0,0.0,,,7.836666667,10.0,0,,,,15.0,5.0,2024,7.96875,,
RA-1610,5F,M,2024,Pública,Agata,6.7023729275666675,,,,9.168,7.753697970666667,7.51,5.166666666666667,4.0,2.0,9.5,,,6.106666667,5.0,-2,,,,17.0,5.0,2024,7.291666667,,
RA-1611,5F,M,2024,Pública,Agata,6.4589186218000005,,,,7.083,8.361426442,7.51,4.5,2.0,2.5,9.0,,,5.886666667,5.0,-2,,,,17.0,5.0,2024,7.5,,
RA-1612,5F,M,2024,Pública,Ametista,7.014528571366666,,,,6.666,8.523809523666666,7.51,6.166666666666667,5.0,6.5,7.0,,,6.94,5.0,-2,,,,18.0,5.0,2024,7.708333333,,
RA-1613,5G,F,2024,Pública,Agata,6.085471428700001,,,,8.334,7.1428571430000005,7.51,3.0,0.0,1.0,8.0,,,6.216666667,5.0,-2,,,,17.0,5.0,2024,7.291666667,,
RA-1614,5L,M,2024,Pública,Agata,6.787898989933334,,,,7.5,6.574494949666668,7.51,6.5,5.0,5.5,9.0,,,7.11,5.0,-1,,,,16.0,5.0,2024,7.5,,
RA-1615,5M,F,2024,Pública,Topázio,8.417533333333333,,,,7.917,9.833333333333334,7.51,8.333333333333334,8.0,7.0,10.0,,,7.4575,10.0,0,,,,15.0,5.0,2024,7.5,,
RA-1616,5M,F,2024,Pública,Ametista,7.147738235266668,,,,8.334,8.436274509666667,7.51,6.166666666666667,5.5,6.5,6.5,,,7.12,5.0,-1,,,,17.0,5.0,2024,7.1875,,
RA-1617,5M,F,2024,Pública,Quartzo,4.926285714266666,,,,0.0,5.571428571333333,7.51,3.25,0.5,6.0,,,,6.1175,5.0,-1,,,,16.0,5.0,2024,6.875,,
RA-1618,5M,M,2024,Pública,Ametista,7.0487660130666665,,,,8.334,7.908496732000001,7.51,6.333333333333333,5.0,7.0,7.0,,,6.83,5.0,-1,,,,17.0,5.0,2024,7.5,,
RA-1619,5M,M,2024,Pública,Ametista,7.393951851866667,,,,7.501,9.259259259333334,7.51,4.25,4.0,4.5,,,,7.205,10.0,1,,,,15.0,5.0,2024,7.5,,
RA-162,L,F,2021,Escola Pública,Ametista,7.215,423.0,34.0,8.0,6.7,8.5,7.5,5.5,4.7,5.5,6.4,Não,Não,6.542,10.0,0,Destaque: A sua boa entrega das lições de casa.,Melhorar: Empenhar-se mais nas aulas e avaliações.,Melhorar: Integrar-se mais aos Princípios Passos Mágicos.,14.0,4.0,2022,,,1
RA-1620,5N,M,2024,Pública,Agata,6.652766666666667,,,,8.751,6.666666666666667,7.51,5.166666666666667,5.5,7.0,3.0,,,7.05,5.0,-1,,,,16.0,5.0,2024,7.5,,
RA-1621,5N,F,2024,Pública,Topázio,8.107033333366667,,,,7.917,10.0,6.26,8.333333333333334,7.5,7.5,10.0,,,8.446666667,5.0,-1,,,,17.0,5.0,2024,8.333333333,,
RA-1622,5N,F,2024,Pública,Topázio,8.429066666633334,,,,8.334,10.0,7.51,9.666666666666666,10.0,9.0,10.0,,,7.89,5.0,-1,,,,16.0,5.0,2024,8.333333333,,
RA-1623,6A,M,2024,Pública,Ametista,7.7609537037333345,,,,9.168,8.518518518666667,6.26,6.0,5.5,2.5,10.0,,,7.666,10.0,0,,,,17.0,6.0,2024,7.8125,,
RA-1624,6A,F,2024,Concluiu o 3º EM,Ametista,7.743213492066667,,,,7.917,9.460317460333334,7.51,7.5,8.0,5.5,9.0,,,7.636,5.0,-1,,,,18.0,6.0,2024,7.8125,,
RA-1625,6A,M,2024,Pública,Agata,6.888194089266667,,,,7.5,7.112887113,7.51,4.333333333333333,3.0,2.0,8.0,,,6.896,10.0,0,,,,17.0,6.0,2024,7.1875,,
RA-1626,6A,F,2024,Pública,Topázio,8.541085606066668,,,,8.751,9.696969697,7.51,7.333333333333333,5.5,6.5,10.0,,,8.404,10.0,0,,,,16.0,6.0,2024,8.28125,,
RA-1627,6A,F,2024,Pública,Ametista,7.481547222200001,,,,7.083,7.777777777666667,7.51,7.833333333333333,6.0,7.5,10.0,,,8.172,5.0,-1,,,,17.0,6.0,2024,7.65625,,
RA-1628,6A,F,2024,Pública,Ametista,7.500131368600001,,,,8.334,8.509823509666667,7.51,5.833333333333333,3.0,5.0,9.5,,,6.798,10.0,0,,,,16.0,6.0,2024,6.875,,
RA-1629,6A,F,2024,Pública,Ametista,7.560550529133334,,,,9.585,8.645502645666667,7.51,7.25,8.75,3.0,10.0,,,7.266,5.0,-1,,,,17.0,6.0,2024,7.1875,,
RA-163,L,F,2021,Escola Pública,Ágata,6.797,556.0,49.0,10.0,8.8,7.9,5.6,6.7,6.5,6.3,7.4,Não,Não,6.5,5.0,-1,Destaque: A sua boa entrega das lições de casa.,Melhorar: Empenhar-se mais nas aulas e avaliações.,Melhorar: Integrar-se mais aos Princípios Passos Mágicos.,15.0,4.0,2022,,,1
RA-1630,6L,M,2024,Privada - Programa de Apadrinhamento,Topázio,8.583133333333334,,,,8.334,9.833333333333334,7.51,7.333333333333333,9.0,9.0,4.0,,,8.702,10.0,0,,,,16.0,6.0,2024,8.25,,
RA-1631,6L,M,2024,Privada,Topázio,8.186433333333333,,,,9.585,10.0,7.51,7.166666666666667,5.0,6.5,10.0,,,8.468,5.0,-1,,,,17.0,6.0,2024,8.5,,
RA-1632,6L,M,2024,Pública,Topázio,8.389333333333335,,,,9.168,10.0,7.51,6.666666666666667,9.0,6.0,5.0,,,8.066,10.0,0,,,,16.0,6.0,2024,7.75,,
RA-1633,8B,M,2021,Privada,,,,,,,0.0,,,,,,,,,10.0,0,,,,21.0,8.0,2024,,,
RA-1634,8B,F,2021,Privada,,,,,,,0.0,,,,,,,,,10.0,0,,,,21.0,8.0,2024,,,
RA-1635,8D,F,2021,Privada,,,,,,,0.0,,,,,,,,,10.0,0,,,,20.0,8.0,2024,,,
RA-1636,8E,F,2021,Privada,,,,,,,0.0,,,,,,,,,10.0,0,,,,20.0,8.0,2024,,,
RA-1637,9,M,2021,Privada,INCLUIR,,,,,,0.0,,,,,,,,,10.0,1,,,,23.0,,2024,,,
RA-1638,9,F,2021,Bolsista Universitário *Formado (a),INCLUIR,,,,,,0.0,,,,,,,,,10.0,1,,,,22.0,,2024,,,
RA-1639,9,M,2021,Bolsista Universitário *Formado (a),INCLUIR,,,,,,0.0,,,,,,,,,10.0,1,,,,21.0,,2024,,,
RA-164,L,M,2018,Escola Pública,Ágata,6.776,562.0,50.0,11.0,8.3,7.3,5.6,6.5,4.7,6.5,8.3,Sim,Não,7.208,5.0,-2,Melhorar: Melhorar a sua entrega de lições de casa.,Melhorar: Empenhar-se mais nas aulas e avaliações.,Melhorar: Integrar-se mais aos Princípios Passos Mágicos.,16.0,4.0,2022,,0,0
RA-164,5M,M,2018,Privada,Quartzo,5.638666667,,,,0.0,8.2,2.52,5.8,6.0,4.2,7.3,,,6.9625,5.0,-1,,,,16.0,5.0,2023,6.875,1,0
RA-164,5L,M,2021,Privada,Agata,6.837125731066667,,,,9.585,8.084795321666666,6.26,5.666666666666667,6.0,2.0,9.0,,,6.886666667,5.0,-2,,,,17.0,5.0,2024,6.25,,
RA-1640,9,F,2021,Privada,INCLUIR,,,,,,0.0,,,,,,,,,10.0,1,,,,23.0,,2024,,,
RA-1641,9,M,2021,Privada,INCLUIR,,,,,,0.0,,,,,,,,,10.0,1,,,,21.0,,2024,,,
RA-1642,9,M,2021,Bolsista Universitário *Formado (a),INCLUIR,,,,,,0.0,,,,,,,,,10.0,1,,,,23.0,,2024,,,
RA-1643,9,M,2021,Privada,INCLUIR,,,,,,0.0,,,,,,,,,10.0,1,,,,22.0,,2024,,,
RA-1644,9,M,2021,Bolsista Universitário *Formado (a),INCLUIR,,,,,,0.0,,,,,,,,,10.0,1,,,,21.0,,2024,,,
RA-1645,9,M,2021,Privada,INCLUIR,,,,,,0.0,,,,,,,,,10.0,1,,,,23.0,,2024,,,
RA-1646,9,M,2021,Bolsista Universitário *Formado (a),INCLUIR,,,,,,0.0,,,,,,,,,10.0,1,,,,21.0,,2024,,,
RA-1647,9,F,2021,Privada,INCLUIR,,,,,,0.0,,,,,,,,,10.0,1,,,,22.0,,2024,,,
RA-1648,9,M,2021,Bolsista Universitário *Formado (a),INCLUIR,,,,,,0.0,,,,,,,,,10.0,1,,,,22.0,,2024,,,
RA-1649,9,M,2021,Privada,INCLUIR,,,,,,0.0,,,,,,,,,10.0,1,,,,23.0,,2024,,,
RA-165,L,F,2017,Rede Decisão,Topázio,8.063,128.0,12.0,3.0,7.1,9.8,5.6,7.6,5.3,7.8,9.7,Não,Não,7.5,10.0,0,Destaque: A sua boa entrega das lições de casa.,Destaque: As suas boas notas na Passos Mágicos.,Destaque: A sua boa integração aos Princípios Passos Mágicos.,14.0,4.0,2022,,0,0
RA-165,5M,F,2017,Privada - Programa de Apadrinhamento,Ametista,7.583433333,,,,6.7,9.2,2.52,7.3,7.3,6.2,8.3,,,7.795,10.0,0,,,,15.0,5.0,2023,8.125,0,0
RA-165,5L,F,2021,Privada - Programa de Apadrinhamento,Topázio,8.4627502436,,,,7.5,9.431042884999998,7.51,8.5,10.0,7.5,8.0,,,7.893333333,10.0,0,,,,16.0,5.0,2024,7.96875,,
RA-1650,9,M,2021,Privada,INCLUIR,,,,,,0.0,,,,,,,,,10.0,1,,,,22.0,,2024,,,
RA-1651,9,M,2021,Bolsista Universitário *Formado (a),INCLUIR,,,,,,0.0,,,,,,,,,10.0,1,,,,22.0,,2024,,,
RA-1652,9,F,2021,Privada,INCLUIR,,,,,,0.0,,,,,,,,,10.0,1,,,,22.0,,2024,,,
RA-1653,9,M,2021,Bolsista Universitário *Formado (a),INCLUIR,,,,,,0.0,,,,,,,,,10.0,1,,,,20.0,,2024,,,
RA-1654,9,M,2021,Bolsista Universitário *Formado (a),INCLUIR,,,,,,0.0,,,,,,,,,10.0,1,,,,22.0,,2024,,,
RA-1655,9,F,2022,Privada,INCLUIR,,,,,,0.0,,,,,,,,,10.0,1,,,,21.0,,2024,,,
RA-1656,9,M,2021,Privada,INCLUIR,,,,,,0.0,,,,,,,,,10.0,1,,,,22.0,,2024,,,
RA-1657,9,M,2021,Bolsista Universitário *Formado (a),INCLUIR,,,,,,0.0,,,,,,,,,10.0,1,,,,20.0,,2024,,,
RA-1658,9,M,2021,Privada,INCLUIR,,,,,,0.0,,,,,,,,,10.0,1,,,,21.0,,2024,,,
RA-1659,9,M,2021,Bolsista Universitário *Formado (a),INCLUIR,,,,,,0.0,,,,,,,,,10.0,1,,,,21.0,,2024,,,
RA-166,L,M,2020,Escola Pública,Topázio,8.253,73.0,8.0,2.0,9.2,9.0,6.3,8.1,7.0,7.2,10.0,Sim,Não,7.542,10.0,0,Destaque: A sua boa entrega das lições de casa.,Destaque: As suas boas notas na Passos Mágicos.,Destaque: A sua boa integração aos Princípios Passos Mágicos.,14.0,4.0,2022,,0,0
RA-166,5L,M,2020,Privada - Programa de Apadrinhamento,Topázio,8.105583333,,,,7.5,8.9,6.26,8.1,7.0,7.2,10.0,,,7.4625,10.0,0,,,,15.0,5.0,2023,8.4375,0,0
RA-166,7E,M,2021,Privada *Parcerias com Bolsa 100%,Topázio,8.243183333333334,,,,8.334,9.246,6.5725,8.266666666666667,8.2,7.8,8.8,,,7.5,10.0,1,,,,16.0,7.0,2024,7.5,,
RA-1660,9,F,2021,Bolsista Universitário *Formado (a),INCLUIR,,,,,,0.0,,,,,,,,,10.0,1,,,,24.0,,2024,,,
RA-1661,9,F,2021,Bolsista Universitário *Formado (a),INCLUIR,,,,,,0.0,,,,,,,,,10.0,1,,,,21.0,,2024,,,
RA-167,P,F,2018,Rede Decisão,Ametista,7.798,200.0,19.0,3.0,9.2,9.7,5.6,7.9,9.3,8.0,6.3,Não,Não,7.833,5.0,-2,Destaque: A sua boa entrega das lições de casa.,Destaque: As suas boas notas na Passos Mágicos.,Destaque: A sua boa integração aos Princípios Passos Mágicos.,16.0,4.0,2022,,0,0
RA-167,5L,F,2018,Privada - Programa de Apadrinhamento,Ametista,7.806141667,,,,8.8,9.9,5.0,7.9,8.3,7.2,8.3,,,7.8375,5.0,-2,,,,17.0,5.0,2023,7.96875,0,0
RA-167,6L,F,2021,Privada - Programa de Apadrinhamento,Topázio,8.033470175466666,,,,8.751,9.473684210666667,6.26,8.166666666666666,8.0,6.5,10.0,,,8.334,5.0,-1,,,,18.0,6.0,2024,8.375,,
RA-168,P,F,2018,Rede Decisão,Ágata,6.917,522.0,44.0,5.0,7.9,8.3,6.3,5.9,4.7,8.2,5.0,Não,Não,7.083,5.0,-1,Destaque: A sua boa entrega das lições de casa.,Melhorar: Empenhar-se mais nas aulas e avaliações.,Melhorar: Integrar-se mais aos Princípios Passos Mágicos.,15.0,4.0,2022,,0,0
RA-168,5L,F,2018,Privada - Programa de Apadrinhamento,Agata,6.483083333,,,,0.0,9.6,6.89,4.7,4.3,3.0,6.7,,,6.4225,10.0,0,,,,15.0,5.0,2023,6.5625,,1
RA-169,P,F,2018,Escola Pública,Quartzo,5.159,814.0,73.0,9.0,7.5,5.1,6.3,3.2,1.3,4.5,3.8,Não,Não,4.792,5.0,-1,Melhorar: Melhorar a sua entrega de lições de casa.,Melhorar: Empenhar-se mais nas aulas e avaliações.,Melhorar: Integrar-se mais aos Princípios Passos Mágicos.,15.0,4.0,2022,,,1
RA-17,D,M,2022,Escola Pública,Topázio,8.068,125.0,2.0,1.0,8.8,10.0,7.5,7.8,9.0,6.5,,Sim,Não,8.292,5.0,-1,Destaque: A sua boa entrega das lições de casa.,Destaque: As suas boas notas na Passos Mágicos.,Destaque: A sua boa integração aos Princípios Passos Mágicos.,20.0,7.0,2022,,0,0
RA-17,8E,M,2022,Privada - Pagamento por *Empresa Parceira,,,,,,,,,,,,,,,,10.0,0,,,,21.0,8.0,2023,,0,0
RA-17,8E,M,2022,Privada - Pagamento por *Empresa Parceira,,,,,,,0.0,,,,,,,,,10.0,0,,,,22.0,8.0,2024,,,
RA-170,P,F,2018,Rede Decisão,Ágata,7.007,484.0,40.0,4.0,8.3,9.2,5.6,4.9,3.7,6.7,4.3,Não,Não,5.792,10.0,0,Destaque: A sua boa entrega das lições de casa.,Melhorar: Empenhar-se mais nas aulas e avaliações.,Melhorar: Integrar-se mais aos Princípios Passos Mágicos.,14.0,4.0,2022,,1,0
RA-170,3P,F,2018,Privada - Programa de Apadrinhamento,Ametista,7.062433333,,,,8.8,8.9,2.52,7.2,6.3,8.7,6.5,,,7.6725,5.0,-2,,,,15.0,3.0,2023,6.875,0,0
RA-170,4R,F,2021,Privada - Programa de Apadrinhamento,Ametista,7.646383333300001,,,,9.168,8.5,5.635,8.0,10.0,6.5,7.5,,,8.028333333,5.0,-1,,,,16.0,4.0,2024,7.604166667,,
RA-171,P,M,2022,Escola Pública,Ágata,6.581,632.0,57.0,7.0,7.5,6.8,7.5,5.5,3.0,8.0,,Não,Não,6.875,5.0,-2,Melhorar: Melhorar a sua entrega de lições de casa.,Melhorar: Empenhar-se mais nas aulas e avaliações.,Melhorar: Integrar-se mais aos Princípios Passos Mágicos.,16.0,4.0,2022,,0,0
RA-171,5L,M,2022,Pública,Agata,6.293083333,,,,7.5,7.2,5.0,5.2,4.5,4.8,6.2,,,6.755,5.0,-2,,,,17.0,5.0,2023,7.1875,0,0
RA-171,6L,M,2022,Pública,Ametista,7.3289333333333335,,,,7.5,7.833333333333333,5.635,8.333333333333334,7.0,8.0,10.0,,,7.598,5.0,-1,,,,18.0,6.0,2024,7.625,,
RA-172,P,F,2018,Rede Decisão,Topázio,8.673,18.0,1.0,1.0,9.2,8.9,9.4,7.3,6.0,7.7,8.1,Não,Sim,8.917,10.0,0,Destaque: A sua boa entrega das lições de casa.,Melhorar: Empenhar-se mais nas aulas e avaliações.,Destaque: A sua boa integração aos Princípios Passos Mágicos.,14.0,4.0,2022,,0,0
RA-172,7E,F,2018,Privada - Programa de Apadrinhamento,,,,,,0.0,,3.77,,,,,,,,10.0,2,,,,15.0,7.0,2023,,1,0
RA-172,7E,F,2021,Privada - Programa de Apadrinhamento,Topázio,8.128766666666667,,,,8.751,9.8,6.57,6.933333333333334,6.7,7.7,6.4,,,7.5,10.0,1,,,,16.0,7.0,2024,7.5,,
RA-173,P,M,2019,Rede Decisão,Ametista,7.816,198.0,18.0,2.0,8.3,9.2,6.9,7.9,9.0,7.5,7.1,Não,Sim,9.25,2.5,-3,Destaque: A sua boa entrega das lições de casa.,Destaque: As suas boas notas na Passos Mágicos.,Destaque: A sua boa integração aos Princípios Passos Mágicos.,17.0,4.0,2022,,0,0
RA-173,5L,M,2019,Privada - Programa de Apadrinhamento,Ametista,7.757466667,,,,9.2,8.5,6.26,8.1,9.0,6.2,9.2,,,7.8775,5.0,-2,,,,17.0,5.0,2023,8.125,0,0
RA-173,8F,M,2021,Privada *Parcerias com Bolsa 100%,,,,,,,0.0,,,,,,,,,10.0,0,,,,18.0,8.0,2024,,,
RA-174,P,F,2019,Escola Pública,Ágata,6.075,713.0,64.0,8.0,7.9,6.2,7.5,4.4,4.0,5.3,3.8,Não,Não,6.042,5.0,-1,Melhorar: Melhorar a sua entrega de lições de casa.,Melhorar: Empenhar-se mais nas aulas e avaliações.,Melhorar: Integrar-se mais aos Princípios Passos Mágicos.,15.0,4.0,2022,,1,0
RA-174,4L,F,2019,Pública,Agata,6.1242,,,,7.9,5.6,5.0,5.1,3.7,7.3,4.3,,,7.2125,5.0,-2,,,,16.0,4.0,2023,7.5,,1
RA-175,P,F,2018,Rede Decisão,Ágata,6.75,567.0,51.0,6.0,8.3,9.2,5.6,5.9,4.7,7.2,5.9,Não,Não,5.833,5.0,-1,Destaque: A sua boa entrega das lições de casa.,Melhorar: Empenhar-se mais nas aulas e avaliações.,Melhorar: Integrar-se mais aos Princípios Passos Mágicos.,15.0,4.0,2022,,0,0
RA-175,5L,F,2018,Privada - Programa de Apadrinhamento,Agata,6.569516667,,,,8.8,9.2,2.52,4.8,5.0,5.0,4.5,,,7.085,5.0,-1,,,,16.0,5.0,2023,7.1875,0,0
RA-175,6L,F,2021,Privada - Programa de Apadrinhamento,Topázio,8.024136842133334,,,,10.002,9.473684210666667,6.26,8.5,9.5,6.5,9.5,,,7.766,5.0,-1,,,,17.0,6.0,2024,7.5,,
RA-176,A,F,2018,Rede Decisão,Topázio,8.427,44.0,12.0,4.0,9.6,9.1,5.6,6.9,5.1,6.8,8.7,Não,Sim,9.083,10.0,0,Destaque: A sua boa entrega das lições de casa.,Melhorar: Empenhar-se mais nas aulas e avaliações.,Destaque: A sua boa integração aos Princípios Passos Mágicos.,13.0,3.0,2022,,0,0
RA-176,4A,F,2018,Privada - Programa de Apadrinhamento,Topázio,8.316833333,,,,9.6,9.5,2.52,8.0,7.3,7.3,9.3,,,9.0025,10.0,0,,,,14.0,4.0,2023,8.125,0,0
RA-176,5C,F,2021,Privada - Programa de Apadrinhamento,Topázio,8.828632575733334,,,,9.585,9.545454545333333,6.26,8.833333333333334,9.0,8.0,9.5,,,8.545,10.0,1,,,,15.0,5.0,2024,8.59375,,
RA-177,A,F,2022,Escola Pública,Ametista,7.424,347.0,40.0,9.0,7.9,8.8,4.4,6.8,6.0,7.5,,Não,Não,6.958,10.0,0,Destaque: A sua boa entrega das lições de casa.,Melhorar: Empenhar-se mais nas aulas e avaliações.,Melhorar: Integrar-se mais aos Princípios Passos Mágicos.,13.0,3.0,2022,,,1
RA-178,A,F,2016,Rede Decisão,Ágata,7.025,481.0,61.0,13.0,0.0,8.8,4.4,6.3,6.2,5.3,7.3,Não,Sim,8.458,10.0,0,Destaque: A sua boa entrega das lições de casa.,Melhorar: Empenhar-se mais nas aulas e avaliações.,Destaque: A sua boa integração aos Princípios Passos Mágicos.,13.0,3.0,2022,,0,0
RA-178,4A,F,2016,Privada - Programa de Apadrinhamento,Ametista,7.406658333,,,,7.9,8.7,2.52,5.9,6.3,5.8,5.5,,,8.42,10.0,0,,,,14.0,4.0,2023,7.65625,0,0
RA-178,5A,F,2021,Privada - Programa de Apadrinhamento,Ametista,7.234168831200001,,,,9.585,8.739177489333334,6.26,4.166666666666667,2.5,2.5,7.5,,,6.53,10.0,0,,,,16.0,5.0,2024,7.625,,
RA-179,A,M,2022,Escola Pública,Ametista,7.993,145.0,22.0,5.0,7.5,9.2,7.5,6.1,3.7,6.7,8.0,Sim,Não,8.042,10.0,0,Destaque: A sua boa entrega das lições de casa.,Melhorar: Empenhar-se mais nas aulas e avaliações.,Destaque: A sua boa integração aos Princípios Passos Mágicos.,12.0,3.0,2022,,0,0
RA-179,3A,M,2022,Pública,Topázio,8.437641667,,,,8.8,9.4,7.52,6.4,8.7,6.3,4.3,,,8.9225,10.0,0,,,,12.0,3.0,2023,8.59375,0,0
RA-179,4A,M,2022,Privada,Topázio,8.932712280733334,,,,9.168,9.407894737,9.38,8.166666666666666,7.0,8.0,9.5,,,8.44,10.0,1,,,,13.0,4.0,2024,8.75,,
RA-18,D,M,2022,Escola Pública,Ametista,7.226,418.0,7.0,5.0,6.3,8.7,6.3,9.0,9.0,9.0,,Sim,Não,6.875,5.0,-1,Destaque: A sua boa entrega das lições de casa.,Destaque: As suas boas notas na Passos Mágicos.,Melhorar: Integrar-se mais aos Princípios Passos Mágicos.,19.0,7.0,2022,,,1
RA-180,A,M,2018,Rede Decisão,Topázio,8.442,42.0,11.0,3.0,9.2,8.3,6.3,8.1,7.7,8.3,8.3,Não,Sim,8.625,10.0,0,Destaque: A sua boa entrega das lições de casa.,Destaque: As suas boas notas na Passos Mágicos.,Destaque: A sua boa integração aos Princípios Passos Mágicos.,12.0,3.0,2022,,0,0
RA-180,4A,M,2018,Privada - Programa de Apadrinhamento,Topázio,8.283216667,,,,9.2,9.4,2.52,8.0,8.3,7.3,8.5,,,8.92,10.0,1,,,,13.0,4.0,2023,8.4375,0,0
RA-180,5A,M,2021,Privada - Programa de Apadrinhamento,Topázio,8.801463636333335,,,,9.168,9.431818181666666,7.51,8.5,9.0,8.5,8.0,,,8.674,10.0,2,,,,14.0,5.0,2024,8.125,,
RA-181,A,F,2019,Rede Decisão,Topázio,8.623,25.0,6.0,2.0,9.2,9.5,8.8,6.8,6.8,7.3,6.2,Não,Sim,8.458,10.0,0,Destaque: A sua boa entrega das lições de casa.,Melhorar: Empenhar-se mais nas aulas e avaliações.,Destaque: A sua boa integração aos Princípios Passos Mágicos.,13.0,3.0,2022,,0,0
RA-181,4A,F,2019,Privada - Programa de Apadrinhamento,Ametista,7.671208333,,,,9.6,8.3,2.52,6.8,8.3,6.5,5.5,,,8.2525,10.0,0,,,,14.0,4.0,2023,7.96875,0,0
RA-181,5A,F,2021,Privada - Programa de Apadrinhamento,Ametista,7.439841414133334,,,,7.5,8.737373737333334,6.26,4.333333333333333,0.0,7.5,5.5,,,8.436,10.0,0,,,,15.0,5.0,2024,7.625,,
RA-182,A,F,2021,Escola Pública,Ágata,6.328,677.0,93.0,15.0,7.5,8.0,7.5,4.1,1.3,5.7,5.4,Não,Não,6.958,2.5,-3,Destaque: A sua boa entrega das lições de casa.,Melhorar: Empenhar-se mais nas aulas e avaliações.,Melhorar: Integrar-se mais aos Princípios Passos Mágicos.,16.0,3.0,2022,,,1
RA-183,A,F,2022,Escola Pública,Ametista,7.3,394.0,46.0,11.0,8.3,8.8,7.5,3.8,0.0,7.5,,Não,Não,7.25,10.0,0,Destaque: A sua boa entrega das lições de casa.,Melhorar: Empenhar-se mais nas aulas e avaliações.,Melhorar: Integrar-se mais aos Princípios Passos Mágicos.,13.0,3.0,2022,,1,0
RA-183,3D,F,2022,Pública,Ametista,7.586241667,,,,7.9,9.7,2.52,7.7,7.0,8.0,8.2,,,8.795,5.0,-1,,,,14.0,3.0,2023,7.96875,0,0
RA-183,4A,F,2022,Pública,Topázio,8.266902371533334,,,,7.917,9.249011857666666,6.26,7.5,5.0,7.5,10.0,,,8.372,10.0,0,,,,15.0,4.0,2024,8.25,,
RA-184,A,M,2019,Escola Pública,Ametista,7.28,403.0,47.0,12.0,8.8,7.7,7.5,7.2,5.0,7.3,9.3,Sim,Não,8.0,2.5,-3,Destaque: A sua boa entrega das lições de casa.,Melhorar: Empenhar-se mais nas aulas e avaliações.,Destaque: A sua boa integração aos Princípios Passos Mágicos.,16.0,3.0,2022,,0,0
RA-184,4B,M,2019,Pública,Topázio,8.430241667,,,,7.9,9.5,7.52,7.1,7.3,6.3,7.8,,,8.5025,10.0,1,,,,13.0,4.0,2023,8.59375,0,0
RA-184,5D,M,2021,Privada - Programa de Apadrinhamento,Topázio,8.471456704266666,,,,8.751,8.696741854666667,6.26,8.166666666666666,9.5,5.0,10.0,,,9.004,10.0,1,,,,14.0,5.0,2024,7.96875,,
RA-185,A,M,2021,Escola Pública,Ágata,6.615,621.0,81.0,14.0,7.9,7.7,7.5,4.5,3.3,5.7,4.5,Não,Não,6.875,5.0,-2,Destaque: A sua boa entrega das lições de casa.,Melhorar: Empenhar-se mais nas aulas e avaliações.,Melhorar: Integrar-se mais aos Princípios Passos Mágicos.,15.0,3.0,2022,,,1
RA-186,A,F,2019,Escola Pública,Ametista,7.832,192.0,29.0,7.0,8.3,8.5,7.5,6.6,6.0,5.7,8.0,Sim,Não,7.5,10.0,0,Destaque: A sua boa entrega das lições de casa.,Melhorar: Empenhar-se mais nas aulas e avaliações.,Melhorar: Integrar-se mais aos Princípios Passos Mágicos.,13.0,3.0,2022,,0,0
RA-186,4A,F,2019,Privada,Ametista,7.817541667,,,,7.5,9.7,2.52,6.9,6.8,7.0,7.0,,,8.46,10.0,0,,,,14.0,4.0,2023,7.96875,0,0
RA-186,5B,F,2021,Privada,Topázio,8.325963636333334,,,,7.917,9.640151515,6.26,7.166666666666667,6.0,7.0,8.5,,,8.672,10.0,1,,,,15.0,5.0,2024,8.125,,
RA-187,A,F,2019,Rede Decisão,Ametista,7.928,161.0,25.0,6.0,8.8,8.9,7.5,5.8,5.3,7.2,4.8,Não,Não,7.917,10.0,0,Destaque: A sua boa entrega das lições de casa.,Melhorar: Empenhar-se mais nas aulas e avaliações.,Destaque: A sua boa integração aos Princípios Passos Mágicos.,12.0,3.0,2022,,0,0
RA-187,3D,F,2019,Privada - Programa de Apadrinhamento,Ametista,7.809875,,,,7.5,9.9,2.52,6.9,7.3,8.7,4.7,,,8.255,10.0,0,,,,13.0,3.0,2023,7.96875,0,0
RA-187,4C,F,2021,Privada - Programa de Apadrinhamento,Topázio,8.568424074066666,,,,8.751,9.537037037,5.635,7.833333333333333,7.5,7.0,9.0,,,9.06,10.0,0,,,,14.0,4.0,2024,8.4375,,
RA-188,A,M,2021,Escola Pública,Quartzo,5.307,803.0,122.0,16.0,0.0,6.1,7.5,2.7,3.0,3.2,2.0,Sim,Não,7.583,5.0,-1,Melhorar: Melhorar a sua entrega de lições de casa.,Melhorar: Empenhar-se mais nas aulas e avaliações.,Destaque: A sua boa integração aos Princípios Passos Mágicos.,14.0,3.0,2022,,,1
RA-189,A,M,2018,Rede Decisão,Ametista,7.629,261.0,33.0,8.0,10.0,9.7,5.0,7.2,6.3,7.2,8.0,Não,Não,7.333,5.0,-1,Destaque: A sua boa entrega das lições de casa.,Melhorar: Empenhar-se mais nas aulas e avaliações.,Melhorar: Integrar-se mais aos Princípios Passos Mágicos.,14.0,3.0,2022,,0,0
RA-189,4A,M,2018,Privada - Programa de Apadrinhamento,Ametista,7.727325,,,,7.9,9.4,2.52,6.5,6.3,6.5,6.7,,,8.3775,10.0,0,,,,14.0,4.0,2023,8.28125,0,0
RA-189,5A,M,2021,Privada - Programa de Apadrinhamento,Topázio,8.586533333333334,,,,10.002,10.0,6.255,8.166666666666666,7.0,7.5,10.0,,,8.2,10.0,0,,,,15.0,5.0,2024,6.875,,
RA-19,D,F,2022,Escola Pública,Ametista,7.665,248.0,4.0,3.0,7.9,9.5,7.5,8.0,7.0,9.0,,Sim,Não,7.0,5.0,-1,Destaque: A sua boa entrega das lições de casa.,Destaque: As suas boas notas na Passos Mágicos.,Melhorar: Integrar-se mais aos Princípios Passos Mágicos.,19.0,7.0,2022,,0,0
RA-19,7A,F,2022,Nenhuma das opções acima,Ametista,7.710866667,,,,7.9,9.4,5.63,7.8,7.7,7.0,8.8,,,8.1725,5.0,-1,,,,19.0,7.0,2023,7.75,0,0
RA-19,8F,F,2022,Privada *Parcerias com Bolsa 100%,,,,,,,0.0,,,,,,,,,10.0,0,,,,20.0,8.0,2024,,,
RA-190,A,F,2022,Escola Pública,Ametista,7.335,380.0,44.0,10.0,6.7,6.9,8.8,6.3,5.0,7.5,,Não,Não,7.25,10.0,0,Melhorar: Melhorar a sua entrega de lições de casa.,Melhorar: Empenhar-se mais nas aulas e avaliações.,Melhorar: Integrar-se mais aos Princípios Passos Mágicos.,13.0,3.0,2022,,1,0
RA-190,3D,F,2022,Pública,Agata,6.934158333,,,,7.9,9.5,2.52,5.7,5.8,5.2,6.0,,,7.9575,5.0,-1,,,,14.0,3.0,2023,7.65625,,1
RA-191,A,M,2019,Rede Decisão,Topázio,8.74,13.0,2.0,1.0,10.0,9.4,8.8,7.2,8.0,7.2,6.3,Não,Sim,8.5,10.0,0,Destaque: A sua boa entrega das lições de casa.,Melhorar: Empenhar-se mais nas aulas e avaliações.,Destaque: A sua boa integração aos Princípios Passos Mágicos.,13.0,3.0,2022,,0,0
RA-191,4A,M,2019,Privada - Programa de Apadrinhamento,Ametista,7.263666667,,,,0.0,9.7,2.52,7.8,8.7,7.0,7.8,,,8.4625,10.0,0,,,,14.0,4.0,2023,8.125,0,0
RA-191,7E,M,2021,Privada *Parcerias com Bolsa 100%,Ametista,7.7887,,,,7.5,9.571,5.945,6.3999999999999995,6.0,6.9,6.3,,,7.5,10.0,2,,,,15.0,7.0,2024,7.5,,
RA-192,B,M,2021,Escola Pública,Quartzo,4.932,829.0,130.0,14.0,8.8,3.6,7.5,2.7,1.7,4.7,1.7,Não,Não,4.708,5.0,-2,Melhorar: Melhorar a sua entrega de lições de casa.,Melhorar: Empenhar-se mais nas aulas e avaliações.,Melhorar: Integrar-se mais aos Princípios Passos Mágicos.,15.0,3.0,2022,,0,0
RA-192,4B,M,2021,Privada,Agata,6.616016667,,,,8.8,6.2,5.0,6.5,6.0,5.8,7.8,,,7.3775,5.0,-2,,,,16.0,4.0,2023,7.1875,0,0
RA-192,5B,M,2021,Privada,Agata,6.882960606066668,,,,8.334,6.363636363666667,7.51,7.166666666666667,4.0,7.5,10.0,,,6.9,5.0,-2,,,,17.0,5.0,2024,7.125,,
RA-193,B,M,2016,Rede Decisão,Topázio,8.155,95.0,16.0,2.0,9.2,8.9,5.6,6.7,5.0,6.3,8.7,Não,Sim,8.5,10.0,0,Destaque: A sua boa entrega das lições de casa.,Melhorar: Empenhar-se mais nas aulas e avaliações.,Destaque: A sua boa integração aos Princípios Passos Mágicos.,12.0,3.0,2022,,0,0
RA-193,4A,M,2016,Privada - Programa de Apadrinhamento,Ametista,7.718566667,,,,8.3,9.4,2.52,6.5,6.0,6.3,7.3,,,8.17,10.0,1,,,,13.0,4.0,2023,8.125,0,0
RA-193,5C,M,2021,Privada - Programa de Apadrinhamento,Topázio,8.465046969666668,,,,8.751,9.848484848333333,6.26,7.0,6.5,4.5,10.0,,,8.7525,10.0,1,,,,14.0,5.0,2024,8.4375,,
RA-194,B,F,2022,Escola Pública,Quartzo,4.265,851.0,144.0,15.0,0.0,6.2,5.0,3.2,3.7,5.8,0.0,Não,Não,3.75,5.0,-1,Melhorar: Melhorar a sua entrega de lições de casa.,Melhorar: Empenhar-se mais nas aulas e avaliações.,Melhorar: Integrar-se mais aos Princípios Passos Mágicos.,14.0,3.0,2022,,,1
RA-195,B,F,2017,Rede Decisão,Ametista,8.017,137.0,21.0,4.0,8.8,9.2,5.0,6.3,6.8,6.3,5.8,Não,Não,8.25,10.0,0,Destaque: A sua boa entrega das lições de casa.,Melhorar: Empenhar-se mais nas aulas e avaliações.,Destaque: A sua boa integração aos Princípios Passos Mágicos.,13.0,3.0,2022,,0,0
RA-195,4A,F,2017,Privada - Programa de Apadrinhamento,Ametista,7.60205,,,,7.1,9.2,2.52,6.0,6.3,6.2,5.5,,,8.79,10.0,0,,,,14.0,4.0,2023,8.4375,0,0
RA-195,5C,F,2021,Privada - Programa de Apadrinhamento,Topázio,8.4690496032,,,,7.5,9.682539682666667,6.26,7.833333333333333,9.0,6.5,8.0,,,8.965,10.0,1,,,,15.0,5.0,2024,7.96875,,
RA-196,B,M,2018,Rede Decisão,Topázio,8.124,106.0,17.0,3.0,9.2,9.1,7.5,5.1,4.0,6.0,5.3,Não,Sim,8.625,10.0,0,Destaque: A sua boa entrega das lições de casa.,Melhorar: Empenhar-se mais nas aulas e avaliações.,Destaque: A sua boa integração aos Princípios Passos Mágicos.,12.0,3.0,2022,,0,0
RA-196,4A,M,2018,Privada - Programa de Apadrinhamento,Ametista,7.560991667,,,,7.9,9.0,2.52,6.2,7.0,6.0,5.7,,,8.2125,10.0,1,,,,13.0,4.0,2023,8.28125,0,0
RA-196,5C,M,2021,Privada - Programa de Apadrinhamento,Topázio,8.823550937933334,,,,8.751,9.689754689666666,7.51,8.0,8.0,7.0,9.0,,,8.9225,10.0,1,,,,14.0,5.0,2024,8.75,,
RA-197,B,F,2021,Rede Decisão,Topázio,8.218,82.0,15.0,1.0,8.8,9.7,4.4,7.3,6.0,7.5,8.3,Não,Não,8.292,10.0,0,Destaque: A sua boa entrega das lições de casa.,Melhorar: Empenhar-se mais nas aulas e avaliações.,Destaque: A sua boa integração aos Princípios Passos Mágicos.,13.0,3.0,2022,,0,0
RA-197,4A,F,2021,Privada - Programa de Apadrinhamento,Ametista,7.967608333,,,,8.3,9.8,2.52,7.2,7.0,7.3,7.2,,,8.46,10.0,1,,,,13.0,4.0,2023,7.96875,1,0
RA-197,5C,F,2021,Privada - Programa de Apadrinhamento,Topázio,8.568238636333334,,,,7.5,9.848484848333333,6.26,8.333333333333334,7.0,8.0,10.0,,,8.795,10.0,0,,,,14.0,5.0,2024,7.96875,,
RA-198,B,M,2017,Escola Pública,Quartzo,5.554,782.0,117.0,11.0,0.0,6.2,5.0,4.6,5.2,5.8,2.8,Não,Não,5.958,10.0,0,Melhorar: Melhorar a sua entrega de lições de casa.,Melhorar: Empenhar-se mais nas aulas e avaliações.,Melhorar: Integrar-se mais aos Princípios Passos Mágicos.,13.0,3.0,2022,,,1
RA-199,B,M,2022,Escola Pública,Ametista,7.564,287.0,34.0,5.0,8.3,7.1,7.5,7.5,5.7,7.8,9.0,Não,Não,6.458,10.0,0,Melhorar: Melhorar a sua entrega de lições de casa.,Destaque: As suas boas notas na Passos Mágicos.,Melhorar: Integrar-se mais aos Princípios Passos Mágicos.,13.0,3.0,2022,,1,0
RA-199,3A,M,2022,Privada,Ametista,7.892341667,,,,9.2,7.6,7.51,8.5,8.2,8.2,9.2,,,8.505,5.0,-1,,,,14.0,3.0,2023,7.96875,0,0
RA-199,4A,M,2022,Privada,Ametista,7.419398245666667,,,,8.334,7.554824561666667,6.88,7.166666666666667,5.0,9.0,7.5,,,8.206,5.0,-1,,,,15.0,4.0,2024,8.125,,
RA-2,A,F,2017,Rede Decisão,Ametista,7.055,469.0,8.0,3.0,8.8,5.2,6.3,6.8,6.3,4.5,9.7,Não,Não,6.778,10.0,0,Melhorar: Melhorar a sua entrega de lições de casa.,Melhorar: Empenhar-se mais nas aulas e avaliações.,Melhorar: Integrar-se mais aos Princípios Passos Mágicos.,17.0,7.0,2022,,0,0
RA-2,8E,F,2017,Privada *Parcerias com Bolsa 100%,,,,,,,,,,,,,,,,10.0,0,,,,18.0,8.0,2023,,0,0
RA-2,8E,F,2021,Privada *Parcerias com Bolsa 100%,,,,,,,0.0,,,,,,,,,10.0,0,,,,19.0,8.0,2024,,,
RA-20,D,F,2022,Escola Pública,Ametista,7.535,296.0,5.0,4.0,7.1,10.0,6.3,7.8,9.0,6.5,,Sim,Não,7.167,5.0,-1,Destaque: A sua boa entrega das lições de casa.,Destaque: As suas boas notas na Passos Mágicos.,Melhorar: Integrar-se mais aos Princípios Passos Mágicos.,19.0,7.0,2022,,,1
RA-200,B,M,2018,Escola JP II,Quartzo,5.705,759.0,109.0,9.0,7.9,5.6,4.4,5.5,4.7,5.0,6.8,Não,Não,4.917,5.0,-2,Melhorar: Melhorar a sua entrega de lições de casa.,Melhorar: Empenhar-se mais nas aulas e avaliações.,Melhorar: Integrar-se mais aos Princípios Passos Mágicos.,15.0,3.0,2022,,0,0
RA-200,4B,M,2018,Privada - Programa de Apadrinhamento,Quartzo,5.661166667,,,,9.6,4.5,2.52,4.3,4.3,4.2,4.5,,,7.17,5.0,-2,,,,16.0,4.0,2023,7.5,,1
RA-201,B,F,2021,Escola Pública,Ametista,7.078,462.0,58.0,7.0,7.9,7.3,7.5,6.5,6.0,7.2,6.3,Não,Não,7.542,5.0,-2,Melhorar: Melhorar a sua entrega de lições de casa.,Melhorar: Empenhar-se mais nas aulas e avaliações.,Destaque: A sua boa integração aos Princípios Passos Mágicos.,15.0,3.0,2022,,,1
RA-202,B,F,2017,Escola Pública,Quartzo,5.201,810.0,123.0,13.0,0.0,5.2,4.4,5.4,6.3,5.8,4.2,Sim,Não,6.917,5.0,-1,Melhorar: Melhorar a sua entrega de lições de casa.,Melhorar: Empenhar-se mais nas aulas e avaliações.,Melhorar: Integrar-se mais aos Princípios Passos Mágicos.,14.0,3.0,2022,,0,0
RA-202,4C,F,2017,Pública,Agata,6.791641667,,,,8.8,7.9,2.52,5.9,6.3,4.8,6.7,,,8.005,5.0,-1,,,,15.0,4.0,2023,7.96875,0,0
RA-202,5C,F,2021,Pública,Ametista,7.3512154762,,,,8.334,7.880952381,6.26,7.5,8.5,6.0,8.0,,,7.75,5.0,-1,,,,16.0,5.0,2024,7.65625,,
RA-203,B,F,2021,Escola Pública,Quartzo,5.669,766.0,113.0,10.0,8.8,4.3,7.5,2.8,2.3,3.5,2.5,Não,Não,6.875,5.0,-1,Melhorar: Melhorar a sua entrega de lições de casa.,Melhorar: Empenhar-se mais nas aulas e avaliações.,Melhorar: Integrar-se mais aos Princípios Passos Mágicos.,14.0,3.0,2022,,,1
RA-204,B,F,2019,Escola Pública,Ágata,6.943,509.0,64.0,8.0,7.9,6.7,4.4,7.4,5.3,8.5,8.5,Não,Não,5.708,10.0,0,Melhorar: Melhorar a sua entrega de lições de casa.,Melhorar: Empenhar-se mais nas aulas e avaliações.,Melhorar: Integrar-se mais aos Princípios Passos Mágicos.,13.0,3.0,2022,,0,0
RA-204,4B,F,2019,Pública,Ametista,7.557558333,,,,8.8,7.9,2.52,7.1,4.7,8.0,8.5,,,8.045,10.0,0,,,,14.0,4.0,2023,8.28125,0,0
RA-204,4B,F,2021,Pública,Ametista,7.838218894866668,,,,9.168,6.827094474333333,6.26,7.5,5.0,7.5,10.0,,,8.5875,10.0,0,,,,15.0,4.0,2024,7.125,,
RA-205,B,M,2020,Escola Pública,Quartzo,5.372,797.0,120.0,12.0,9.6,3.8,7.5,4.1,5.7,1.7,5.0,Não,Não,4.833,5.0,-1,Melhorar: Melhorar a sua entrega de lições de casa.,Melhorar: Empenhar-se mais nas aulas e avaliações.,Melhorar: Integrar-se mais aos Princípios Passos Mágicos.,14.0,3.0,2022,,0,0
RA-205,4C,M,2020,Pública,Agata,6.857625,,,,9.6,7.6,4.38,6.6,7.0,5.5,7.3,,,7.09,5.0,-1,,,,15.0,4.0,2023,7.03125,,1
RA-206,B,F,2022,Escola Pública,Ametista,7.101,455.0,56.0,6.0,8.3,8.8,7.5,5.0,4.0,6.0,,Não,Não,5.167,10.0,0,Destaque: A sua boa entrega das lições de casa.,Melhorar: Empenhar-se mais nas aulas e avaliações.,Melhorar: Integrar-se mais aos Princípios Passos Mágicos.,12.0,3.0,2022,,,1
RA-207,C,M,2021,Escola Pública,Quartzo,4.936,827.0,129.0,5.0,0.0,4.8,7.5,5.8,5.3,4.0,8.0,Não,Não,5.708,2.5,-3,Melhorar: Melhorar a sua entrega de lições de casa.,Melhorar: Empenhar-se mais nas aulas e avaliações.,Melhorar: Integrar-se mais aos Princípios Passos Mágicos.,16.0,3.0,2022,,,1
RA-208,C,M,2018,Escola Pública,Ágata,6.667,599.0,78.0,4.0,7.5,7.1,7.5,6.1,5.0,7.5,5.8,Não,Não,6.417,5.0,-1,Melhorar: Melhorar a sua entrega de lições de casa.,Melhorar: Empenhar-se mais nas aulas e avaliações.,Melhorar: Integrar-se mais aos Princípios Passos Mágicos.,14.0,3.0,2022,,,1
RA-209,C,M,2019,Escola Pública,Quartzo,4.499,843.0,140.0,7.0,0.0,4.8,5.6,6.0,5.0,5.2,7.8,Não,Não,3.75,5.0,-1,Melhorar: Melhorar a sua entrega de lições de casa.,Melhorar: Empenhar-se mais nas aulas e avaliações.,Melhorar: Integrar-se mais aos Princípios Passos Mágicos.,14.0,3.0,2022,,,1
RA-21,D,M,2022,Escola Pública,Ágata,6.945,508.0,9.0,6.0,9.6,9.2,7.5,3.8,7.0,0.5,,Sim,Não,7.25,5.0,-1,Destaque: A sua boa entrega das lições de casa.,Melhorar: Empenhar-se mais nas aulas e avaliações.,Melhorar: Integrar-se mais aos Princípios Passos Mágicos.,18.0,7.0,2022,,0,0
RA-21,8E,M,2022,Privada *Parcerias com Bolsa 100%,,,,,,,,,,,,,,,,10.0,0,,,,19.0,8.0,2023,,0,0
RA-21,8E,M,2022,Privada - Pagamento por *Empresa Parceira,,,,,,,0.0,,,,,,,,,10.0,0,,,,20.0,8.0,2024,,,
RA-210,C,M,2022,Escola Pública,Quartzo,4.44,844.0,141.0,8.0,0.0,5.1,7.5,3.4,2.7,5.3,2.3,Não,Não,4.417,5.0,-1,Melhorar: Melhorar a sua entrega de lições de casa.,Melhorar: Empenhar-se mais nas aulas e avaliações.,Melhorar: Integrar-se mais aos Princípios Passos Mágicos.,14.0,3.0,2022,,,1
RA-211,C,M,2021,Escola Pública,Topázio,8.465,39.0,10.0,1.0,9.2,8.8,7.5,7.6,6.7,7.5,8.5,Sim,Sim,8.458,10.0,0,Destaque: A sua boa entrega das lições de casa.,Destaque: As suas boas notas na Passos Mágicos.,Destaque: A sua boa integração aos Princípios Passos Mágicos.,13.0,3.0,2022,,0,0
RA-211,4A,M,2021,Privada - Programa de Apadrinhamento,Topázio,8.024791667,,,,9.6,9.4,2.52,7.1,7.7,8.0,5.7,,,8.71,10.0,0,,,,14.0,4.0,2023,7.65625,0,0
RA-211,5A,M,2021,Privada - Programa de Apadrinhamento,Topázio,8.283601875933334,,,,9.585,9.379509379666667,7.51,7.0,5.5,6.5,9.0,,,7.866,10.0,0,,,,15.0,5.0,2024,7.25,,
RA-212,C,M,2022,Escola Pública,Ametista,7.268,407.0,49.0,2.0,9.6,8.4,7.5,6.2,4.8,5.8,7.8,Não,Não,6.958,5.0,-1,Destaque: A sua boa entrega das lições de casa.,Melhorar: Empenhar-se mais nas aulas e avaliações.,Melhorar: Integrar-se mais aos Princípios Passos Mágicos.,14.0,3.0,2022,,,1
RA-213,C,M,2022,Escola Pública,Ametista,7.209,425.0,51.0,3.0,9.6,8.7,7.5,3.5,5.0,2.0,,Não,Não,6.833,10.0,0,Destaque: A sua boa entrega das lições de casa.,Melhorar: Empenhar-se mais nas aulas e avaliações.,Melhorar: Integrar-se mais aos Princípios Passos Mágicos.,13.0,3.0,2022,,,1
RA-214,C,M,2022,Escola Pública,Quartzo,4.87,832.0,133.0,6.0,0.0,6.1,7.5,4.3,5.0,3.5,,Não,Não,5.125,5.0,-2,Melhorar: Melhorar a sua entrega de lições de casa.,Melhorar: Empenhar-se mais nas aulas e avaliações.,Melhorar: Integrar-se mais aos Princípios Passos Mágicos.,15.0,3.0,2022,,,1
RA-215,D,F,2021,Escola Pública,Ametista,7.172,442.0,53.0,3.0,6.7,5.8,7.5,7.8,5.7,7.7,10.0,Não,Não,6.542,10.0,0,Melhorar: Melhorar a sua entrega de lições de casa.,Destaque: As suas boas notas na Passos Mágicos.,Melhorar: Integrar-se mais aos Princípios Passos Mágicos.,13.0,3.0,2022,,0,0
RA-215,4C,F,2021,Pública,Ametista,7.166475,,,,8.8,6.6,2.52,6.9,5.7,6.7,8.3,,,7.7125,10.0,0,,,,14.0,4.0,2023,7.96875,0,0
RA-215,5B,F,2021,Pública,Ametista,7.045258874400002,,,,7.084,6.455627705333334,6.26,5.666666666666667,5.0,2.0,10.0,,,7.432,10.0,0,,,,15.0,5.0,2024,8.0,,
RA-216,D,F,2018,Escola Pública,Ametista,7.502,310.0,35.0,1.0,7.9,8.5,7.5,7.0,5.3,6.5,9.2,Não,Não,5.583,10.0,0,Destaque: A sua boa entrega das lições de casa.,Melhorar: Empenhar-se mais nas aulas e avaliações.,Melhorar: Integrar-se mais aos Princípios Passos Mágicos.,13.0,3.0,2022,,,1
RA-217,D,F,2021,Escola Pública,Ametista,7.397,363.0,42.0,2.0,7.9,8.5,7.5,7.1,6.3,7.2,7.7,Sim,Não,7.292,5.0,-2,Destaque: A sua boa entrega das lições de casa.,Melhorar: Empenhar-se mais nas aulas e avaliações.,Melhorar: Integrar-se mais aos Princípios Passos Mágicos.,15.0,3.0,2022,,0,0
RA-217,4B,F,2021,Pública,Agata,6.96965,,,,8.3,8.6,2.52,5.6,6.7,5.3,4.8,,,8.5025,5.0,-1,,,,15.0,4.0,2023,8.4375,0,0
RA-217,5A,F,2021,Privada - Programa de Apadrinhamento,Ametista,7.4209164502,,,,8.334,8.917748917666666,6.26,7.833333333333333,9.0,7.0,7.5,,,6.994,5.0,-1,,,,17.0,5.0,2024,7.125,,
RA-218,D,F,2022,Escola Pública,Ágata,6.1,709.0,99.0,6.0,6.3,7.3,7.5,4.0,5.0,7.0,0.0,Não,Não,6.125,5.0,-1,Melhorar: Melhorar a sua entrega de lições de casa.,Melhorar: Empenhar-se mais nas aulas e avaliações.,Melhorar: Integrar-se mais aos Princípios Passos Mágicos.,14.0,3.0,2022,,0,0
RA-218,4C,F,2022,Pública,Quartzo,5.811541667,,,,0.0,6.7,2.52,6.7,5.7,7.0,7.5,,,7.88,5.0,-1,,,,15.0,4.0,2023,7.96875,,1
RA-219,D,M,2019,Escola Pública,Quartzo,5.942,733.0,105.0,7.0,8.8,6.9,7.5,3.5,4.0,4.8,1.7,Não,Não,6.375,2.5,-3,Melhorar: Melhorar a sua entrega de lições de casa.,Melhorar: Empenhar-se mais nas aulas e avaliações.,Melhorar: Integrar-se mais aos Princípios Passos Mágicos.,16.0,3.0,2022,,,1
RA-22,A,F,2019,Rede Decisão,Ametista,7.474,327.0,10.0,10.0,8.3,7.4,8.1,6.7,9.0,3.1,7.8,Não,Sim,8.833,5.0,-1,Melhorar: Melhorar a sua entrega de lições de casa.,Melhorar: Empenhar-se mais nas aulas e avaliações.,Destaque: A sua boa integração aos Princípios Passos Mágicos.,17.0,6.0,2022,,,1
RA-220,D,F,2022,Escola Pública,Ágata,7.028,479.0,60.0,4.0,0.0,8.1,7.5,6.5,6.8,6.8,5.8,Sim,Não,7.833,10.0,0,Destaque: A sua boa entrega das lições de casa.,Melhorar: Empenhar-se mais nas aulas e avaliações.,Destaque: A sua boa integração aos Princípios Passos Mágicos.,13.0,3.0,2022,,0,0
RA-220,4C,F,2022,Pública,Ametista,7.102016667,,,,8.8,7.6,2.52,6.1,6.3,5.8,6.3,,,7.5475,10.0,0,,,,14.0,4.0,2023,7.1875,0,0
RA-220,5B,F,2022,Pública,Ametista,7.6987770562666675,,,,8.751,8.198051948,6.26,6.833333333333333,8.0,3.5,9.0,,,7.332,10.0,0,,,,15.0,5.0,2024,7.25,,
RA-221,D,M,2022,Escola Pública,Ágata,6.892,528.0,68.0,5.0,9.6,8.5,7.5,5.2,7.0,3.5,5.0,Não,Não,6.0,5.0,-1,Destaque: A sua boa entrega das lições de casa.,Melhorar: Empenhar-se mais nas aulas e avaliações.,Melhorar: Integrar-se mais aos Princípios Passos Mágicos.,14.0,3.0,2022,,1,0
RA-221,3C,M,2022,Pública,Agata,6.959916667,,,,9.6,9.0,5.0,5.0,5.5,4.8,4.8,,,7.38,5.0,-2,,,,15.0,3.0,2023,7.1875,,1
RA-222,D,F,2019,Escola Pública,Quartzo,5.604,774.0,115.0,8.0,7.1,4.6,7.5,6.2,5.0,7.5,6.0,Não,Não,4.917,5.0,-2,Melhorar: Melhorar a sua entrega de lições de casa.,Melhorar: Empenhar-se mais nas aulas e avaliações.,Melhorar: Integrar-se mais aos Princípios Passos Mágicos.,15.0,3.0,2022,,,1
RA-223,E,F,2022,Escola Pública,Quartzo,4.966,823.0,128.0,12.0,0.0,4.6,7.5,3.1,4.3,4.7,0.2,Não,Não,5.583,10.0,0,Melhorar: Melhorar a sua entrega de lições de casa.,Melhorar: Empenhar-se mais nas aulas e avaliações.,Melhorar: Integrar-se mais aos Princípios Passos Mágicos.,13.0,3.0,2022,,1,0
RA-223,3G,F,2022,Pública,Quartzo,5.089833333,,,,0.0,4.5,7.52,3.8,5.5,4.0,1.8,,,7.1725,5.0,-1,,,,14.0,3.0,2023,7.5,,1
RA-224,E,M,2021,Escola Pública,Quartzo,5.671,765.0,112.0,11.0,9.6,4.3,7.5,2.6,5.0,2.7,0.0,Não,Não,4.875,10.0,0,Melhorar: Melhorar a sua entrega de lições de casa.,Melhorar: Empenhar-se mais nas aulas e avaliações.,Melhorar: Integrar-se mais aos Princípios Passos Mágicos.,13.0,3.0,2022,,,1
RA-225,E,M,2022,Escola Pública,Quartzo,5.918,736.0,107.0,10.0,8.3,5.3,7.5,5.0,3.0,7.0,,Não,Não,5.708,5.0,-1,Melhorar: Melhorar a sua entrega de lições de casa.,Melhorar: Empenhar-se mais nas aulas e avaliações.,Melhorar: Integrar-se mais aos Princípios Passos Mágicos.,14.0,3.0,2022,,,1
RA-226,E,F,2022,Escola Pública,Ágata,6.549,638.0,82.0,4.0,7.5,6.1,7.5,6.8,7.0,6.5,,Não,Não,6.208,5.0,-1,Melhorar: Melhorar a sua entrega de lições de casa.,Melhorar: Empenhar-se mais nas aulas e avaliações.,Melhorar: Integrar-se mais aos Princípios Passos Mágicos.,14.0,3.0,2022,,,1
RA-227,E,M,2022,Escola Pública,Ágata,6.471,647.0,84.0,5.0,9.2,6.4,7.5,3.3,4.7,4.3,1.0,Não,Não,5.833,10.0,0,Melhorar: Melhorar a sua entrega de lições de casa.,Melhorar: Empenhar-se mais nas aulas e avaliações.,Melhorar: Integrar-se mais aos Princípios Passos Mágicos.,12.0,3.0,2022,,0,0
RA-227,3B,M,2022,Pública,Ametista,7.722125,,,,9.6,7.5,5.63,6.9,7.2,6.5,7.0,,,7.4625,10.0,0,,,,12.0,3.0,2023,8.28125,0,0
RA-227,3A,M,2022,Pública,Topázio,8.074015455333335,,,,9.585,8.097577276666668,9.38,6.5,4.0,6.0,9.5,,,7.54,10.0,0,,,,13.0,3.0,2024,7.5,,
RA-228,E,F,2017,Escola Pública,Ágata,6.196,700.0,95.0,7.0,7.5,6.7,7.5,4.8,3.0,6.0,5.3,Não,Não,6.417,5.0,-2,Melhorar: Melhorar a sua entrega de lições de casa.,Melhorar: Empenhar-se mais nas aulas e avaliações.,Melhorar: Integrar-se mais aos Princípios Passos Mágicos.,15.0,3.0,2022,,,1
RA-229,E,M,2022,Escola Pública,Topázio,8.62,27.0,7.0,1.0,10.0,9.4,7.5,6.9,7.0,6.7,7.2,Sim,Sim,8.5,10.0,0,Destaque: A sua boa entrega das lições de casa.,Melhorar: Empenhar-se mais nas aulas e avaliações.,Destaque: A sua boa integração aos Princípios Passos Mágicos.,12.0,3.0,2022,,0,0
RA-229,4A,M,2022,Privada - Programa de Apadrinhamento,Topázio,8.207591667,,,,9.2,9.8,2.52,7.8,8.0,8.2,7.3,,,8.42,10.0,1,,,,13.0,4.0,2023,8.28125,0,0
RA-229,5C,M,2022,Privada - Programa de Apadrinhamento,Topázio,8.852545634933334,,,,9.585,9.841269841333334,5.635,8.833333333333334,9.5,7.0,10.0,,,8.8375,10.0,1,,,,14.0,5.0,2024,8.28125,,
RA-23,A,M,2021,Escola Pública,Ametista,7.677,243.0,8.0,8.0,8.3,8.2,8.1,6.7,7.2,4.7,8.2,Sim,Sim,8.556,5.0,-1,Destaque: A sua boa entrega das lições de casa.,Melhorar: Empenhar-se mais nas aulas e avaliações.,Destaque: A sua boa integração aos Princípios Passos Mágicos.,17.0,6.0,2022,,0,0
RA-23,8E,M,2021,Privada *Parcerias com Bolsa 100%,,,,,,,,,,,,,,,,10.0,1,,,,17.0,8.0,2023,,1,0
RA-23,8E,M,2021,Privada *Parcerias com Bolsa 100%,,,,,,,0.0,,,,,,,,,10.0,0,,,,19.0,8.0,2024,,,
RA-230,E,M,2022,Escola Pública,Ágata,6.328,676.0,92.0,6.0,7.9,5.1,7.5,5.7,3.7,4.3,9.0,Sim,Não,6.75,5.0,-1,Melhorar: Melhorar a sua entrega de lições de casa.,Melhorar: Empenhar-se mais nas aulas e avaliações.,Melhorar: Integrar-se mais aos Princípios Passos Mágicos.,14.0,3.0,2022,,,1
RA-231,E,M,2022,Escola Pública,Ágata,6.116,705.0,97.0,8.0,8.8,7.4,7.5,3.8,3.0,4.5,,Não,Não,5.333,5.0,-1,Melhorar: Melhorar a sua entrega de lições de casa.,Melhorar: Empenhar-se mais nas aulas e avaliações.,Melhorar: Integrar-se mais aos Princípios Passos Mágicos.,14.0,3.0,2022,,,1
RA-232,E,M,2022,Escola Pública,Quartzo,4.245,852.0,145.0,13.0,0.0,4.9,7.5,0.0,0.0,0.0,,Não,Não,4.542,10.0,0,Melhorar: Melhorar a sua entrega de lições de casa.,Melhorar: Empenhar-se mais nas aulas e avaliações.,Melhorar: Integrar-se mais aos Princípios Passos Mágicos.,12.0,3.0,2022,,,1
RA-233,E,M,2022,Escola Pública,Ágata,6.051,718.0,101.0,9.0,7.9,7.4,7.5,3.8,3.0,4.5,,Não,Não,5.5,5.0,-1,Melhorar: Melhorar a sua entrega de lições de casa.,Melhorar: Empenhar-se mais nas aulas e avaliações.,Melhorar: Integrar-se mais aos Princípios Passos Mágicos.,14.0,3.0,2022,,,1
RA-234,E,M,2022,Escola Pública,Ágata,6.719,583.0,75.0,3.0,10.0,7.6,5.6,4.3,3.7,6.3,2.8,Não,Não,5.583,10.0,0,Destaque: A sua boa entrega das lições de casa.,Melhorar: Empenhar-se mais nas aulas e avaliações.,Melhorar: Integrar-se mais aos Princípios Passos Mágicos.,13.0,3.0,2022,,0,0
RA-234,3D,M,2022,Pública,Agata,6.248741667,,,,6.7,8.0,2.52,5.6,6.3,5.3,5.3,,,5.595,10.0,0,,,,13.0,3.0,2023,4.84375,,1
RA-235,E,F,2022,Escola Pública,Ágata,6.79,559.0,73.0,2.0,8.3,7.3,7.5,6.3,7.0,5.5,,Não,Não,6.417,5.0,-1,Melhorar: Melhorar a sua entrega de lições de casa.,Melhorar: Empenhar-se mais nas aulas e avaliações.,Melhorar: Integrar-se mais aos Princípios Passos Mágicos.,14.0,3.0,2022,,,1
RA-236,F,F,2022,Escola Pública,Ametista,7.11,452.0,55.0,9.0,9.6,7.5,7.5,3.7,4.0,4.0,3.0,Não,Não,7.208,10.0,0,Melhorar: Melhorar a sua entrega de lições de casa.,Melhorar: Empenhar-se mais nas aulas e avaliações.,Melhorar: Integrar-se mais aos Princípios Passos Mágicos.,12.0,3.0,2022,,0,0
RA-236,3G,F,2022,Pública,Ametista,7.337116667,,,,10.0,7.5,7.52,4.5,6.3,4.0,3.3,,,7.2975,10.0,0,,,,13.0,3.0,2023,7.1875,0,0
RA-236,4F,F,2022,Pública,Agata,6.980833740133334,,,,9.168,7.890668700666666,6.26,4.5,1.5,4.0,8.0,,,6.362,10.0,0,,,,14.0,4.0,2024,6.875,,
RA-237,F,F,2022,Escola Pública,Topázio,8.084,121.0,19.0,6.0,10.0,9.0,7.5,7.8,6.8,7.7,8.8,Sim,Sim,8.417,5.0,-1,Destaque: A sua boa entrega das lições de casa.,Destaque: As suas boas notas na Passos Mágicos.,Destaque: A sua boa integração aos Princípios Passos Mágicos.,14.0,3.0,2022,,0,0
RA-237,4F,F,2022,Privada - Programa de Apadrinhamento,Ametista,7.436566667,,,,8.3,9.5,2.52,6.7,7.7,7.0,5.5,,,8.96,5.0,-1,,,,15.0,4.0,2023,8.125,0,0
RA-237,5F,F,2022,Privada - Programa de Apadrinhamento,Ametista,7.931384271366667,,,,8.751,9.689754689666666,6.26,7.666666666666667,6.0,7.0,10.0,,,8.336666667,5.0,-1,,,,16.0,5.0,2024,7.916666667,,
RA-238,F,F,2021,Escola Pública,Ágata,6.331,674.0,91.0,12.0,8.8,6.4,5.0,5.1,4.3,6.5,4.5,Não,Não,7.208,5.0,-1,Melhorar: Melhorar a sua entrega de lições de casa.,Melhorar: Empenhar-se mais nas aulas e avaliações.,Melhorar: Integrar-se mais aos Princípios Passos Mágicos.,14.0,3.0,2022,,,1
RA-239,F,F,2021,Escola Pública,Quartzo,4.572,840.0,138.0,13.0,0.0,3.7,7.5,3.7,2.0,4.7,4.5,Não,Não,5.958,5.0,-2,Melhorar: Melhorar a sua entrega de lições de casa.,Melhorar: Empenhar-se mais nas aulas e avaliações.,Melhorar: Integrar-se mais aos Princípios Passos Mágicos.,15.0,3.0,2022,,0,0
RA-239,4G,F,2021,Pública,Agata,6.411333333,,,,0.0,8.4,5.0,7.0,6.0,7.2,7.7,,,7.6275,5.0,-2,,,,16.0,4.0,2023,8.125,1,0
RA-239,4F,F,2021,Pública,Agata,6.782180868800001,,,,8.751,6.361737677333333,5.635,6.666666666666667,4.0,10.0,6.0,,,8.502,2.5,-3,,,,17.0,4.0,2024,7.875,,
RA-24,A,F,2021,Rede Decisão,Topázio,8.087,119.0,5.0,5.0,9.2,7.9,6.9,8.6,10.0,6.3,9.7,Não,Sim,9.111,5.0,-1,Destaque: A sua boa entrega das lições de casa.,Destaque: As suas boas notas na Passos Mágicos.,Destaque: A sua boa integração aos Princípios Passos Mágicos.,17.0,6.0,2022,,,1
RA-240,F,F,2017,Rede Decisão,Ágata,6.943,510.0,65.0,11.0,7.1,8.1,5.0,4.7,6.3,5.0,2.8,Não,Não,7.042,10.0,0,Destaque: A sua boa entrega das lições de casa.,Melhorar: Empenhar-se mais nas aulas e avaliações.,Melhorar: Integrar-se mais aos Princípios Passos Mágicos.,13.0,3.0,2022,,0,0
RA-240,4F,F,2017,Privada - Programa de Apadrinhamento,Agata,6.337966667,,,,7.1,6.7,2.52,4.8,7.0,3.3,4.2,,,6.9175,10.0,0,,,,14.0,4.0,2023,6.875,,1
RA-241,F,M,2016,Rede Decisão,Topázio,8.468,38.0,9.0,5.0,10.0,10.0,7.5,7.7,8.2,7.5,7.3,Não,Sim,9.125,5.0,-1,Destaque: A sua boa entrega das lições de casa.,Destaque: As suas boas notas na Passos Mágicos.,Destaque: A sua boa integração aos Princípios Passos Mágicos.,14.0,3.0,2022,,0,0
RA-241,4F,M,2016,Privada - Programa de Apadrinhamento,Ametista,7.016,,,,0.0,9.9,2.52,7.5,9.3,7.0,6.2,,,9.545,5.0,-1,,,,15.0,4.0,2023,8.75,0,0
RA-241,7E,M,2021,Privada *Parcerias com Bolsa 100%,Topázio,8.311616666733334,,,,10.002,9.891666667,7.1975,6.816666666666667,6.15,7.2,7.1,,,7.5,10.0,2,,,,16.0,7.0,2024,7.5,,
RA-242,F,M,2018,Rede Decisão,Topázio,8.673,19.0,3.0,1.0,9.6,9.7,5.6,8.2,8.7,7.2,8.7,Não,Sim,8.708,10.0,0,Destaque: A sua boa entrega das lições de casa.,Destaque: As suas boas notas na Passos Mágicos.,Destaque: A sua boa integração aos Princípios Passos Mágicos.,13.0,3.0,2022,,0,0
RA-242,4F,M,2018,Privada - Programa de Apadrinhamento,Topázio,8.221841667,,,,7.1,9.7,2.52,7.9,9.3,7.3,7.2,,,9.3775,10.0,0,,,,14.0,4.0,2023,8.59375,0,0
RA-242,7E,M,2021,Privada *Parcerias com Bolsa 100%,Topázio,8.2887,,,,9.585,9.621,6.26,7.650000000000001,8.05,8.05,6.85,,,7.5,10.0,2,,,,15.0,7.0,2024,7.5,,
RA-243,F,F,2022,Escola Pública,Ágata,6.982,493.0,63.0,10.0,7.1,8.7,5.0,6.0,5.0,5.3,7.7,Não,Não,7.875,5.0,-2,Destaque: A sua boa entrega das lições de casa.,Melhorar: Empenhar-se mais nas aulas e avaliações.,Destaque: A sua boa integração aos Princípios Passos Mágicos.,15.0,3.0,2022,,,1
RA-244,F,F,2018,Rede Decisão,Topázio,8.51,34.0,8.0,4.0,7.5,9.4,6.3,7.8,6.7,8.0,8.7,Não,Sim,9.208,10.0,0,Destaque: A sua boa entrega das lições de casa.,Destaque: As suas boas notas na Passos Mágicos.,Destaque: A sua boa integração aos Princípios Passos Mágicos.,12.0,3.0,2022,,0,0
RA-244,4F,F,2018,Privada - Programa de Apadrinhamento,Ametista,7.044333333,,,,0.0,8.8,2.52,7.3,7.0,8.0,6.8,,,8.8325,10.0,1,,,,13.0,4.0,2023,8.125,0,0
RA-244,5G,F,2021,Privada - Programa de Apadrinhamento,Topázio,8.7225,,,,7.5,10.0,6.26,9.5,10.0,9.0,9.5,,,8.17,10.0,1,,,,14.0,5.0,2024,8.125,,
RA-245,F,M,2016,Rede Decisão,Topázio,8.656,20.0,4.0,2.0,10.0,9.9,7.5,8.4,8.3,8.2,8.8,Não,Sim,9.25,5.0,-1,Destaque: A sua boa entrega das lições de casa.,Destaque: As suas boas notas na Passos Mágicos.,Destaque: A sua boa integração aos Princípios Passos Mágicos.,14.0,3.0,2022,,0,0
RA-245,4F,M,2016,Privada - Programa de Apadrinhamento,Ametista,7.171166667,,,,0.0,10.0,2.52,8.1,9.3,7.8,7.3,,,9.5875,5.0,-1,,,,15.0,4.0,2023,8.75,0,0
RA-245,7E,M,2021,Privada - Programa de Apadrinhamento,Topázio,8.452633333266668,,,,9.168,9.953333333,6.885,8.033333333333333,8.4,7.6,8.1,,,7.5,10.0,2,,,,16.0,7.0,2024,7.5,,
RA-246,F,M,2022,Escola Pública,Topázio,8.639,23.0,5.0,3.0,8.3,9.4,7.5,7.6,8.0,6.7,8.0,Sim,Sim,9.167,10.0,0,Destaque: A sua boa entrega das lições de casa.,Destaque: As suas boas notas na Passos Mágicos.,Destaque: A sua boa integração aos Princípios Passos Mágicos.,13.0,3.0,2022,,0,0
RA-246,4F,M,2022,Privada,Topázio,8.256766667,,,,8.8,9.9,4.39,6.8,7.7,7.0,5.8,,,8.9175,10.0,0,,,,14.0,4.0,2023,8.125,0,0
RA-246,7E,M,2022,Privada *Parcerias com Bolsa 100%,Quartzo,4.7404,,,,8.334,0.0,6.57,0.0,0.0,0.0,0.0,,,7.5,10.0,2,,,,15.0,7.0,2024,7.5,,
RA-247,F,F,2021,Escola Pública,Ametista,7.72,230.0,32.0,7.0,8.3,8.2,7.5,5.8,5.3,5.7,6.3,Sim,Não,7.875,10.0,0,Destaque: A sua boa entrega das lições de casa.,Melhorar: Empenhar-se mais nas aulas e avaliações.,Destaque: A sua boa integração aos Princípios Passos Mágicos.,13.0,3.0,2022,,0,0
RA-247,3B,F,2021,Pública,Ametista,7.221958333,,,,0.0,8.5,7.52,7.2,6.5,6.7,8.3,,,7.5425,10.0,0,,,,13.0,3.0,2023,8.28125,0,0
RA-247,4B,F,2021,Pública,Agata,6.646485739800001,,,,0.0,8.306595365666666,6.26,4.333333333333333,0.0,5.0,8.0,,,8.5875,10.0,0,,,,14.0,4.0,2024,7.75,,
RA-248,F,M,2022,Escola Pública,Ametista,7.429,343.0,39.0,8.0,9.2,7.6,7.5,5.2,4.0,5.5,6.0,Não,Não,7.292,10.0,0,Destaque: A sua boa entrega das lições de casa.,Melhorar: Empenhar-se mais nas aulas e avaliações.,Melhorar: Integrar-se mais aos Princípios Passos Mágicos.,13.0,3.0,2022,,,1
RA-249,G,M,2017,Escola Pública,Quartzo,5.097,816.0,125.0,10.0,6.7,7.4,5.0,2.9,2.3,4.2,2.2,Não,Não,4.292,5.0,-1,Melhorar: Melhorar a sua entrega de lições de casa.,Melhorar: Empenhar-se mais nas aulas e avaliações.,Melhorar: Integrar-se mais aos Princípios Passos Mágicos.,14.0,3.0,2022,,1,0
RA-249,3F,M,2017,Pública,Quartzo,5.444625,,,,0.0,8.2,5.0,4.9,6.2,5.3,3.2,,,6.545,5.0,-2,,,,15.0,3.0,2023,5.15625,0,0
RA-249,4F,M,2021,Pública,Agata,6.125104328999999,,,,7.083,6.645021645,5.0,5.0,1.0,8.0,6.0,,,7.064,5.0,-2,,,,16.0,4.0,2024,6.75,,
RA-25,A,F,2021,Escola Pública,Ametista,7.979,147.0,6.0,6.0,8.3,8.3,8.8,6.9,9.2,3.8,7.7,Sim,Sim,9.667,5.0,-1,Destaque: A sua boa entrega das lições de casa.,Melhorar: Empenhar-se mais nas aulas e avaliações.,Destaque: A sua boa integração aos Princípios Passos Mágicos.,17.0,6.0,2022,,0,0
RA-25,8E,F,2021,Privada *Parcerias com Bolsa 100%,,,,,,,,,,,,,,,,10.0,0,,,,18.0,8.0,2023,,0,0
RA-25,8E,F,2021,Privada *Parcerias com Bolsa 100%,,,,,,,0.0,,,,,,,,,10.0,0,,,,19.0,8.0,2024,,,
RA-250,G,F,2022,Escola Pública,Ametista,7.958,152.0,23.0,1.0,8.3,8.6,7.5,6.6,6.7,6.5,6.7,Sim,Não,7.625,10.0,0,Destaque: A sua boa entrega das lições de casa.,Melhorar: Empenhar-se mais nas aulas e avaliações.,Destaque: A sua boa integração aos Princípios Passos Mágicos.,12.0,3.0,2022,,0,0
RA-250,3F,F,2022,Pública,Ametista,7.598208333,,,,0.0,9.3,5.63,8.3,7.7,8.8,8.3,,,8.625,10.0,0,,,,13.0,3.0,2023,7.96875,0,0
RA-250,4H,F,2022,Privada - Programa de Apadrinhamento,Topázio,9.049892592566668,,,,9.168,9.629629629666667,6.88,9.166666666666666,10.0,7.5,10.0,,,8.95,10.0,0,,,,14.0,4.0,2024,8.958333333,,
RA-251,G,M,2018,Escola Pública,Ágata,7.022,482.0,62.0,4.0,10.0,8.1,5.6,6.3,5.3,6.3,7.2,Não,Não,6.625,5.0,-2,Destaque: A sua boa entrega das lições de casa.,Melhorar: Empenhar-se mais nas aulas e avaliações.,Melhorar: Integrar-se mais aos Princípios Passos Mágicos.,15.0,3.0,2022,,0,0
RA-251,4N,M,2018,Pública,Agata,6.665208333,,,,9.6,8.0,2.52,5.3,5.0,5.5,5.3,,,7.835,5.0,-1,,,,15.0,4.0,2023,7.34375,0,0
RA-251,5N,M,2021,Pública,Agata,6.7135006212,,,,8.751,8.612836439,5.63,4.5,4.0,2.5,7.0,,,7.326666667,5.0,-1,,,,16.0,5.0,2024,6.875,,
RA-252,G,M,2018,Escola Pública,Quartzo,4.277,850.0,143.0,14.0,9.2,2.8,7.5,0.9,1.3,1.2,0.2,Não,Não,3.875,5.0,-1,Melhorar: Melhorar a sua entrega de lições de casa.,Melhorar: Empenhar-se mais nas aulas e avaliações.,Melhorar: Integrar-se mais aos Princípios Passos Mágicos.,14.0,3.0,2022,,,1
RA-253,G,M,2019,Escola Pública,Quartzo,4.312,847.0,142.0,13.0,9.2,3.6,5.0,1.8,1.0,3.7,0.7,Não,Não,3.75,5.0,-2,Melhorar: Melhorar a sua entrega de lições de casa.,Melhorar: Empenhar-se mais nas aulas e avaliações.,Melhorar: Integrar-se mais aos Princípios Passos Mágicos.,15.0,3.0,2022,,,1
RA-254,G,M,2019,Escola Pública,Ágata,6.715,584.0,76.0,7.0,10.0,7.4,5.6,5.3,5.0,6.8,4.0,Não,Não,6.917,5.0,-1,Melhorar: Melhorar a sua entrega de lições de casa.,Melhorar: Empenhar-se mais nas aulas e avaliações.,Melhorar: Integrar-se mais aos Princípios Passos Mágicos.,14.0,3.0,2022,,0,0
RA-254,4H,M,2019,Pública,,,,,,9.6,8.8,,5.9,5.7,5.7,6.2,,,7.71,5.0,-1,,,,15.0,4.0,2023,7.8125,,1
RA-255,G,M,2019,Escola Pública,Quartzo,4.563,841.0,139.0,12.0,7.5,3.8,5.0,1.3,1.0,2.3,0.5,Não,Não,5.542,5.0,-1,Melhorar: Melhorar a sua entrega de lições de casa.,Melhorar: Empenhar-se mais nas aulas e avaliações.,Melhorar: Integrar-se mais aos Princípios Passos Mágicos.,14.0,3.0,2022,,,1
RA-256,G,F,2019,Escola Pública,Ametista,7.192,433.0,52.0,3.0,8.8,8.5,5.0,5.2,5.3,6.7,3.5,Não,Não,6.708,10.0,0,Destaque: A sua boa entrega das lições de casa.,Melhorar: Empenhar-se mais nas aulas e avaliações.,Melhorar: Integrar-se mais aos Princípios Passos Mágicos.,12.0,3.0,2022,,,1
RA-257,G,F,2018,Escola Pública,Quartzo,5.149,815.0,124.0,9.0,0.0,6.4,5.6,3.6,4.0,5.2,1.5,Não,Não,6.708,5.0,-1,Melhorar: Melhorar a sua entrega de lições de casa.,Melhorar: Empenhar-se mais nas aulas e avaliações.,Melhorar: Integrar-se mais aos Princípios Passos Mágicos.,14.0,3.0,2022,,,1
RA-258,G,F,2018,Escola Pública,Ágata,6.926,517.0,67.0,5.0,10.0,7.3,5.6,4.8,2.7,6.2,5.5,Não,Não,6.125,10.0,0,Melhorar: Melhorar a sua entrega de lições de casa.,Melhorar: Empenhar-se mais nas aulas e avaliações.,Melhorar: Integrar-se mais aos Princípios Passos Mágicos.,12.0,3.0,2022,,,0
RA-258,3H,F,2021,Pública,Agata,6.429063888866667,,,,7.084,6.944444444333333,7.51,2.5,,5.0,0.0,,,6.732,10.0,0,,,,13.0,3.0,2024,7.34375,,
RA-259,G,M,2017,Escola Pública,Quartzo,4.182,853.0,146.0,15.0,8.8,2.9,7.5,0.9,0.0,2.7,0.2,Não,Não,4.625,2.5,-3,Melhorar: Melhorar a sua entrega de lições de casa.,Melhorar: Empenhar-se mais nas aulas e avaliações.,Melhorar: Integrar-se mais aos Princípios Passos Mágicos.,16.0,3.0,2022,,,1
RA-26,A,M,2022,Escola Pública,Topázio,8.677,17.0,3.0,3.0,9.6,8.8,10.0,8.0,9.5,4.4,10.0,Sim,Sim,10.0,5.0,-1,Destaque: A sua boa entrega das lições de casa.,Destaque: As suas boas notas na Passos Mágicos.,Destaque: A sua boa integração aos Princípios Passos Mágicos.,17.0,6.0,2022,,0,0
RA-26,7E,M,2022,Privada *Parcerias com Bolsa 100%,,,,,,0.0,,7.52,,,,,,,,5.0,-1,,,,18.0,7.0,2023,,0,0
RA-26,8F,M,2022,Privada *Parcerias com Bolsa 100%,,,,,,,0.0,,,,,,,,,10.0,0,,,,19.0,8.0,2024,,,
RA-260,G,F,2019,Escola Pública,Ametista,7.44,340.0,38.0,2.0,10.0,8.2,7.5,5.0,5.7,5.2,4.2,Não,Não,6.458,10.0,0,Destaque: A sua boa entrega das lições de casa.,Melhorar: Empenhar-se mais nas aulas e avaliações.,Melhorar: Integrar-se mais aos Princípios Passos Mágicos.,13.0,3.0,2022,,0,0
RA-260,3G,F,2019,Pública,Topázio,8.080008333,,,,9.2,9.9,7.52,6.1,6.3,5.2,6.7,,,7.4175,10.0,0,,,,13.0,3.0,2023,7.34375,0,0
RA-260,4F,F,2021,Pública,Topázio,8.448920634933334,,,,8.751,9.674603174666666,7.51,7.0,7.5,5.5,8.0,,,8.502,10.0,0,,,,15.0,4.0,2024,7.875,,
RA-261,G,F,2019,Escola Pública,Ágata,6.763,566.0,74.0,6.0,8.8,7.2,5.6,5.8,6.2,5.8,5.5,Sim,Não,7.042,5.0,-1,Melhorar: Melhorar a sua entrega de lições de casa.,Melhorar: Empenhar-se mais nas aulas e avaliações.,Melhorar: Integrar-se mais aos Princípios Passos Mágicos.,14.0,3.0,2022,,,1
RA-262,G,M,2021,Escola Pública,Quartzo,4.786,835.0,135.0,11.0,0.0,5.8,5.6,3.4,1.3,5.5,3.5,Não,Não,5.625,5.0,-2,Melhorar: Melhorar a sua entrega de lições de casa.,Melhorar: Empenhar-se mais nas aulas e avaliações.,Melhorar: Integrar-se mais aos Princípios Passos Mágicos.,15.0,3.0,2022,,0,0
RA-262,4G,M,2021,Privada,Quartzo,4.406458333,,,,0.0,3.7,5.0,3.8,5.0,3.3,3.0,,,6.05,5.0,-2,,,,16.0,4.0,2023,7.03125,0,0
RA-262,4F,M,2021,Privada,Quartzo,5.806145462066667,,,,7.917,4.854560643666667,7.51,4.166666666666667,1.0,4.5,7.0,,,6.296,5.0,-2,,,,17.0,4.0,2024,7.0,,
RA-263,G,F,2019,Escola Pública,Quartzo,5.319,800.0,121.0,8.0,5.8,5.6,7.5,3.7,3.0,2.8,5.4,Não,Não,4.417,5.0,-2,Melhorar: Melhorar a sua entrega de lições de casa.,Melhorar: Empenhar-se mais nas aulas e avaliações.,Melhorar: Integrar-se mais aos Princípios Passos Mágicos.,15.0,3.0,2022,,,1
RA-264,I,F,2022,Escola Pública,Ametista,7.087,460.0,57.0,2.0,10.0,9.2,5.6,5.8,6.0,5.5,,Não,Não,6.625,5.0,-2,Destaque: A sua boa entrega das lições de casa.,Melhorar: Empenhar-se mais nas aulas e avaliações.,Melhorar: Integrar-se mais aos Princípios Passos Mágicos.,15.0,3.0,2022,,,1
RA-265,I,M,2019,Escola Pública,Ametista,7.926,162.0,26.0,1.0,8.3,7.7,7.5,6.9,5.3,7.0,8.5,Sim,Não,7.917,10.0,0,Destaque: A sua boa entrega das lições de casa.,Melhorar: Empenhar-se mais nas aulas e avaliações.,Destaque: A sua boa integração aos Princípios Passos Mágicos.,13.0,3.0,2022,,0,0
RA-265,4H,M,2019,Pública,,,,,,8.3,8.7,,7.0,7.3,6.8,6.8,,,7.88,10.0,0,,,,14.0,4.0,2023,7.96875,,1
RA-266,I,F,2019,Escola Pública,Quartzo,5.987,730.0,104.0,4.0,7.5,5.8,5.6,6.0,5.0,6.7,6.3,Não,Não,6.583,2.5,-3,Melhorar: Melhorar a sua entrega de lições de casa.,Melhorar: Empenhar-se mais nas aulas e avaliações.,Melhorar: Integrar-se mais aos Princípios Passos Mágicos.,16.0,3.0,2022,,,1
RA-267,I,F,2016,Escola Pública,Ágata,6.012,727.0,103.0,3.0,10.0,7.4,5.0,3.3,2.3,4.8,2.7,Não,Não,6.292,5.0,-2,Melhorar: Melhorar a sua entrega de lições de casa.,Melhorar: Empenhar-se mais nas aulas e avaliações.,Melhorar: Integrar-se mais aos Princípios Passos Mágicos.,15.0,3.0,2022,,0,0
RA-267,4H,F,2016,Pública,,,,,,7.9,7.7,,2.7,2.7,4.0,1.3,,,6.505,5.0,-2,,,,16.0,4.0,2023,4.6875,0,0
RA-267,5G,F,2021,Pública,Quartzo,5.8963067819666675,,,,10.002,8.285533910333333,6.26,2.0,0.0,2.0,4.0,,,6.273333333,5.0,-2,,,,17.0,5.0,2024,4.583333333,,
RA-268,K,F,2021,Escola Pública,Ágata,6.695,590.0,77.0,11.0,9.2,6.7,6.3,5.7,7.0,6.8,3.2,Sim,Não,7.208,5.0,-1,Melhorar: Melhorar a sua entrega de lições de casa.,Melhorar: Empenhar-se mais nas aulas e avaliações.,Melhorar: Integrar-se mais aos Princípios Passos Mágicos.,14.0,3.0,2022,,,1
RA-269,K,M,2022,Escola Pública,Topázio,8.231,76.0,13.0,2.0,9.2,8.6,6.3,8.9,8.7,9.5,8.5,Não,Não,7.25,10.0,0,Destaque: A sua boa entrega das lições de casa.,Destaque: As suas boas notas na Passos Mágicos.,Melhorar: Integrar-se mais aos Princípios Passos Mágicos.,13.0,3.0,2022,,0,0
RA-269,4L,M,2022,Pública,Topázio,8.116041667,,,,9.6,9.0,2.52,7.4,8.0,7.3,7.0,,,8.7975,10.0,0,,,,14.0,4.0,2023,8.59375,0,0
RA-269,7E,M,2022,Privada *Parcerias com Bolsa 100%,Topázio,8.4773,,,,9.168,9.6,7.505,8.200000000000001,8.1,8.6,7.9,,,7.5,10.0,2,,,,15.0,7.0,2024,7.5,,
RA-27,A,M,2016,Rede Decisão,Ametista,7.124,449.0,12.0,12.0,0.0,7.6,8.1,8.0,7.7,6.3,10.0,Não,Sim,9.111,5.0,-1,Destaque: A sua boa entrega das lições de casa.,Destaque: As suas boas notas na Passos Mágicos.,Destaque: A sua boa integração aos Princípios Passos Mágicos.,17.0,6.0,2022,,0,0
RA-27,7A,M,2016,Privada - Programa de Apadrinhamento,Ametista,7.921266667,,,,6.7,7.7,6.89,6.9,7.0,5.8,8.0,,,8.8825,10.0,0,,,,17.0,7.0,2023,8.625,0,0
RA-27,8F,M,2021,Privada *Parcerias com Bolsa 100%,,,,,,,0.0,,,,,,,,,10.0,0,,,,18.0,8.0,2024,,,
RA-270,K,F,2019,Rede Decisão,Topázio,8.226,79.0,14.0,3.0,8.3,8.4,6.9,7.9,8.0,7.2,8.5,Não,Não,8.125,10.0,0,Destaque: A sua boa entrega das lições de casa.,Destaque: As suas boas notas na Passos Mágicos.,Destaque: A sua boa integração aos Princípios Passos Mágicos.,13.0,3.0,2022,,0,0
RA-270,4M,F,2019,Privada - Programa de Apadrinhamento,Ametista,7.982633333,,,,9.2,9.0,2.52,6.6,7.7,6.2,5.8,,,9.1275,10.0,0,,,,14.0,4.0,2023,8.75,0,0
RA-270,7E,F,2021,Privada - Programa de Apadrinhamento,Quartzo,4.79255,,,,9.168,0.0,6.2575,0.0,0.0,0.0,0.0,,,7.5,10.0,2,,,,15.0,7.0,2024,7.5,,
RA-271,K,F,2022,Escola Pública,Ametista,7.255,411.0,50.0,8.0,9.2,8.5,5.6,7.1,6.3,6.5,8.3,Sim,Não,6.958,5.0,-2,Destaque: A sua boa entrega das lições de casa.,Melhorar: Empenhar-se mais nas aulas e avaliações.,Melhorar: Integrar-se mais aos Princípios Passos Mágicos.,15.0,3.0,2022,,0,0
RA-271,4M,F,2022,Pública,Agata,6.140333333,,,,0.0,9.3,2.52,5.9,4.3,7.0,6.3,,,7.7125,5.0,-2,,,,16.0,4.0,2023,8.125,0,0
RA-271,5M,F,2022,Pública,Ametista,7.400633333333334,,,,9.168,8.958333333333334,6.26,7.333333333333333,5.0,7.5,9.5,,,6.7475,5.0,-1,,,,17.0,5.0,2024,7.5,,
RA-272,K,M,2021,Escola Pública,Ágata,6.361,666.0,88.0,14.0,9.2,5.7,7.5,5.1,5.0,6.8,3.5,Não,Não,6.417,5.0,-1,Melhorar: Melhorar a sua entrega de lições de casa.,Melhorar: Empenhar-se mais nas aulas e avaliações.,Melhorar: Integrar-se mais aos Princípios Passos Mágicos.,14.0,3.0,2022,,,1
RA-273,K,F,2018,Escola Pública,Quartzo,5.679,761.0,110.0,15.0,9.2,5.3,7.5,3.0,3.8,4.7,0.5,Não,Não,5.833,5.0,-1,Melhorar: Melhorar a sua entrega de lições de casa.,Melhorar: Empenhar-se mais nas aulas e avaliações.,Melhorar: Integrar-se mais aos Princípios Passos Mágicos.,14.0,3.0,2022,,0,0
RA-273,3L,F,2018,Pública,Agata,6.337116667,,,,7.9,7.4,2.52,5.0,5.3,6.8,3.0,,,7.6275,5.0,-1,,,,14.0,3.0,2023,7.8125,0,0
RA-273,4N,F,2021,Pública,Agata,6.5991307798,,,,9.168,7.323153899,6.26,4.5,3.0,6.5,4.0,,,6.896,5.0,-1,,,,16.0,4.0,2024,8.125,,
RA-274,K,F,2019,Rede Decisão,Ametista,7.946,157.0,24.0,5.0,7.9,8.3,7.5,8.1,8.1,9.3,7.0,Não,Não,7.0,10.0,1,Destaque: A sua boa entrega das lições de casa.,Destaque: As suas boas notas na Passos Mágicos.,Melhorar: Integrar-se mais aos Princípios Passos Mágicos.,11.0,3.0,2022,,0,0
RA-274,4M,F,2019,Privada - Programa de Apadrinhamento,Topázio,8.137625,,,,7.5,9.5,5.63,7.5,7.0,7.7,7.8,,,8.295,10.0,1,,,,12.0,4.0,2023,7.65625,0,0
RA-274,5L,F,2021,Privada - Programa de Apadrinhamento,Topázio,8.651029629666667,,,,8.334,9.648148147999999,5.635,9.333333333333334,9.0,9.0,10.0,,,8.226666667,10.0,2,,,,13.0,5.0,2024,8.125,,
RA-275,K,M,2018,Escola Pública,Ágata,6.665,600.0,79.0,12.0,9.6,6.9,7.5,4.6,5.0,6.0,2.7,Sim,Não,6.667,5.0,-2,Melhorar: Melhorar a sua entrega de lições de casa.,Melhorar: Empenhar-se mais nas aulas e avaliações.,Melhorar: Integrar-se mais aos Princípios Passos Mágicos.,15.0,3.0,2022,,,1
RA-276,K,F,2017,Escola Pública,Quartzo,5.527,788.0,118.0,16.0,7.1,5.7,5.6,4.3,3.7,6.0,3.3,Não,Não,5.125,5.0,-1,Melhorar: Melhorar a sua entrega de lições de casa.,Melhorar: Empenhar-se mais nas aulas e avaliações.,Melhorar: Integrar-se mais aos Princípios Passos Mágicos.,14.0,3.0,2022,,0,0
RA-276,4M,F,2017,Privada - Programa de Apadrinhamento,Agata,6.690458333,,,,6.3,8.5,2.52,5.5,3.7,4.7,8.0,,,6.585,10.0,0,,,,14.0,4.0,2023,7.03125,,1
RA-277,K,M,2021,Escola Pública,Ametista,7.411,354.0,41.0,7.0,7.1,8.8,7.5,7.4,7.2,7.0,8.2,Sim,Não,7.208,5.0,-1,Destaque: A sua boa entrega das lições de casa.,Melhorar: Empenhar-se mais nas aulas e avaliações.,Melhorar: Integrar-se mais aos Princípios Passos Mágicos.,14.0,3.0,2022,,0,0
RA-277,4M,M,2021,Pública,Ametista,7.7284,,,,8.3,9.9,7.52,5.5,5.7,6.0,4.8,,,8.7525,5.0,-1,,,,15.0,4.0,2023,8.125,0,0
RA-277,7E,M,2021,Privada *Parcerias com Bolsa 100%,Topázio,8.0689833334,,,,8.334,9.741666667,6.5725,6.8999999999999995,6.5,8.15,6.05,,,7.5,10.0,2,,,,16.0,7.0,2024,7.5,,
RA-278,K,M,2018,Rede Decisão,Ametista,7.741,222.0,31.0,6.0,8.8,9.2,5.6,6.0,5.7,5.8,6.4,Não,Não,7.417,10.0,0,Destaque: A sua boa entrega das lições de casa.,Melhorar: Empenhar-se mais nas aulas e avaliações.,Melhorar: Integrar-se mais aos Princípios Passos Mágicos.,12.0,3.0,2022,,0,0
RA-278,4M,M,2018,Pública,Ametista,7.1935,,,,0.0,9.8,5.63,5.6,6.0,5.3,5.5,,,8.3775,10.0,1,,,,13.0,4.0,2023,8.75,0,0
RA-278,5N,M,2021,Privada - Programa de Apadrinhamento,Topázio,8.907314492800001,,,,9.168,9.855072463666666,7.51,9.333333333333334,9.0,9.0,10.0,,,7.946666667,10.0,1,,,,14.0,5.0,2024,8.125,,
RA-279,K,M,2019,Rede Decisão,Topázio,8.815,10.0,1.0,1.0,9.2,9.9,6.3,9.1,9.7,8.3,9.3,Não,Não,8.208,10.0,0,Destaque: A sua boa entrega das lições de casa.,Destaque: As suas boas notas na Passos Mágicos.,Destaque: A sua boa integração aos Princípios Passos Mágicos.,13.0,3.0,2022,,0,0
RA-279,4M,M,2019,Pública,Topázio,9.006266667,,,,8.8,10.0,6.27,8.9,9.0,8.5,9.3,,,9.2125,10.0,0,,,,14.0,4.0,2023,8.75,0,0
RA-279,5N,M,2021,Privada - Programa de Apadrinhamento,Topázio,9.113133333366667,,,,9.168,10.0,7.51,9.333333333333334,10.0,8.0,10.0,,,8.726666667,10.0,1,,,,15.0,5.0,2024,8.333333333,,
RA-28,A,F,2019,Escola Pública,Ágata,6.242,698.0,14.0,14.0,7.9,6.1,7.5,5.0,8.2,1.5,5.3,Não,Não,6.333,5.0,-1,Melhorar: Melhorar a sua entrega de lições de casa.,Melhorar: Empenhar-se mais nas aulas e avaliações.,Melhorar: Integrar-se mais aos Princípios Passos Mágicos.,17.0,6.0,2022,,,1
RA-280,K,F,2021,Rede Decisão,Ametista,8.046,133.0,20.0,4.0,7.5,9.2,7.5,7.1,5.7,7.0,8.7,Não,Não,7.333,10.0,0,Destaque: A sua boa entrega das lições de casa.,Melhorar: Empenhar-se mais nas aulas e avaliações.,Melhorar: Integrar-se mais aos Princípios Passos Mágicos.,13.0,3.0,2022,,0,0
RA-280,4M,F,2021,Privada - Programa de Apadrinhamento,Topázio,8.189225,,,,6.7,9.5,7.52,6.5,6.3,7.7,5.5,,,8.7125,10.0,0,,,,14.0,4.0,2023,8.28125,0,0
RA-280,5N,F,2021,Privada - Programa de Apadrinhamento,Topázio,8.822714492700001,,,,7.917,9.855072463666666,6.26,9.333333333333334,10.0,8.0,10.0,,,8.67,10.0,1,,,,15.0,5.0,2024,8.333333333,,
RA-281,K,F,2019,Escola Pública,Ágata,6.806,553.0,71.0,10.0,6.7,6.9,7.5,5.9,5.0,6.8,6.0,Não,Não,5.625,10.0,0,Melhorar: Melhorar a sua entrega de lições de casa.,Melhorar: Empenhar-se mais nas aulas e avaliações.,Melhorar: Integrar-se mais aos Princípios Passos Mágicos.,13.0,3.0,2022,,,1
RA-282,K,F,2019,Escola Pública,Ágata,6.618,620.0,80.0,13.0,8.8,6.8,7.5,4.0,4.7,6.3,1.0,Não,Não,5.625,10.0,0,Melhorar: Melhorar a sua entrega de lições de casa.,Melhorar: Empenhar-se mais nas aulas e avaliações.,Melhorar: Integrar-se mais aos Princípios Passos Mágicos.,13.0,3.0,2022,,,1
RA-283,K,M,2020,Escola Pública,Ametista,7.131,448.0,54.0,9.0,9.6,8.8,7.5,5.6,4.5,5.8,6.6,Não,Não,6.625,5.0,-1,Destaque: A sua boa entrega das lições de casa.,Melhorar: Empenhar-se mais nas aulas e avaliações.,Melhorar: Integrar-se mais aos Princípios Passos Mágicos.,14.0,3.0,2022,,1,0
RA-283,3N,M,2020,Pública,Ametista,7.549025,,,,8.3,9.5,7.52,6.8,6.8,4.8,8.8,,,7.5025,5.0,-2,,,,15.0,3.0,2023,7.03125,0,0
RA-283,4N,M,2021,Pública,Ametista,7.9444309524,,,,8.751,9.761904762,6.885,8.0,6.5,8.0,9.5,,,7.736,5.0,-2,,,,16.0,4.0,2024,7.8125,,
RA-284,L,M,2022,Escola Pública,Quartzo,5.939,734.0,106.0,3.0,6.7,5.1,5.6,3.8,7.0,4.5,0.0,Não,Não,5.958,10.0,0,Melhorar: Melhorar a sua entrega de lições de casa.,Melhorar: Empenhar-se mais nas aulas e avaliações.,Melhorar: Integrar-se mais aos Princípios Passos Mágicos.,13.0,3.0,2022,,,1
RA-285,L,F,2020,Escola Pública,Quartzo,5.063,817.0,126.0,5.0,9.2,4.1,7.5,2.8,4.0,3.2,1.2,Não,Não,5.75,2.5,-3,Melhorar: Melhorar a sua entrega de lições de casa.,Melhorar: Empenhar-se mais nas aulas e avaliações.,Melhorar: Integrar-se mais aos Princípios Passos Mágicos.,16.0,3.0,2022,,0,0
RA-285,4N,F,2020,Pública,Quartzo,5.380358333,,,,8.3,4.6,2.52,4.7,4.0,6.0,4.0,,,7.13,2.5,-3,,,,17.0,4.0,2023,7.65625,,1
RA-286,L,F,2022,Escola Pública,Quartzo,5.424,794.0,119.0,4.0,7.1,5.8,6.3,3.0,4.7,2.3,2.0,Não,Não,5.625,5.0,-2,Melhorar: Melhorar a sua entrega de lições de casa.,Melhorar: Empenhar-se mais nas aulas e avaliações.,Melhorar: Integrar-se mais aos Princípios Passos Mágicos.,15.0,3.0,2022,,0,0
RA-286,4L,F,2022,Pública,Quartzo,5.713333333,,,,0.0,7.5,5.0,4.7,3.7,5.0,5.3,,,7.3375,5.0,-1,,,,15.0,4.0,2023,8.125,0,0
RA-286,5M,F,2022,Pública,Quartzo,5.123180882333333,,,,6.666,4.031862745000001,6.26,3.1666666666666665,5.0,0.0,4.5,,,5.7825,5.0,-1,,,,16.0,5.0,2024,7.34375,,
RA-287,L,F,2022,Escola Pública,Quartzo,3.7,859.0,148.0,11.0,7.9,3.4,5.0,1.1,0.7,2.5,0.2,Não,Não,4.292,2.5,-4,Melhorar: Melhorar a sua entrega de lições de casa.,Melhorar: Empenhar-se mais nas aulas e avaliações.,Melhorar: Integrar-se mais aos Princípios Passos Mágicos.,17.0,3.0,2022,,0,0
RA-287,4N,F,2022,Pública,Quartzo,3.745541667,,,,0.0,4.8,2.52,3.9,3.0,2.3,6.5,,,5.375,2.5,-4,,,,18.0,4.0,2023,4.21875,,1
RA-288,L,F,2022,Escola Pública,Quartzo,4.097,854.0,147.0,10.0,0.0,5.6,6.3,0.0,,,,Não,Não,6.833,2.5,-3,Melhorar: Melhorar a sua entrega de lições de casa.,Melhorar: Empenhar-se mais nas aulas e avaliações.,Melhorar: Integrar-se mais aos Princípios Passos Mágicos.,16.0,3.0,2022,,,1
RA-289,L,F,2020,Escola Pública,Ágata,6.236,699.0,94.0,2.0,0.0,7.8,6.3,6.8,5.3,7.5,7.5,Não,Não,7.25,5.0,-1,Destaque: A sua boa entrega das lições de casa.,Melhorar: Empenhar-se mais nas aulas e avaliações.,Melhorar: Integrar-se mais aos Princípios Passos Mágicos.,14.0,3.0,2022,,,1
RA-29,A,M,2022,Escola Pública,Quartzo,4.985,821.0,16.0,16.0,0.0,4.0,8.8,3.7,6.3,1.1,3.8,Sim,Não,7.611,5.0,-1,Melhorar: Melhorar a sua entrega de lições de casa.,Melhorar: Empenhar-se mais nas aulas e avaliações.,Destaque: A sua boa integração aos Princípios Passos Mágicos.,17.0,6.0,2022,,0,0
RA-29,8E,M,2022,Privada *Parcerias com Bolsa 100%,,,,,,,,,,,,,,,,10.0,0,,,,18.0,8.0,2023,,0,0
RA-29,8E,M,2022,Privada - Pagamento por *Empresa Parceira,,,,,,,0.0,,,,,,,,,10.0,0,,,,19.0,8.0,2024,,,
RA-290,L,F,2022,Escola Pública,Quartzo,4.929,830.0,131.0,7.0,10.0,3.9,6.3,1.7,1.0,2.3,1.8,Não,Não,6.042,2.5,-4,Melhorar: Melhorar a sua entrega de lições de casa.,Melhorar: Empenhar-se mais nas aulas e avaliações.,Melhorar: Integrar-se mais aos Princípios Passos Mágicos.,17.0,3.0,2022,,,1
RA-291,L,M,2022,Escola Pública,Topázio,8.122,107.0,18.0,1.0,8.3,8.2,6.9,8.0,8.0,7.5,8.5,Sim,Não,7.792,10.0,0,Destaque: A sua boa entrega das lições de casa.,Destaque: As suas boas notas na Passos Mágicos.,Destaque: A sua boa integração aos Princípios Passos Mágicos.,13.0,3.0,2022,,0,0
RA-291,4M,M,2022,Privada - Programa de Apadrinhamento,Topázio,8.493058333,,,,8.8,8.6,7.52,7.1,8.0,6.5,6.7,,,9.21,10.0,0,,,,14.0,4.0,2023,8.90625,0,0
RA-291,7E,M,2022,Privada - Programa de Apadrinhamento,Ametista,7.9319666667333335,,,,8.751,9.737666667,6.26,6.166666666666667,6.0,6.5,6.0,,,7.5,10.0,2,,,,15.0,7.0,2024,7.5,,
RA-292,L,M,2022,Escola Pública,Quartzo,4.837,833.0,134.0,9.0,7.9,3.7,7.5,1.8,0.0,5.0,0.5,Não,Não,6.292,2.5,-3,Melhorar: Melhorar a sua entrega de lições de casa.,Melhorar: Empenhar-se mais nas aulas e avaliações.,Melhorar: Integrar-se mais aos Princípios Passos Mágicos.,16.0,3.0,2022,,,1
RA-293,L,M,2022,Escola Pública,Quartzo,4.875,831.0,132.0,8.0,8.8,2.9,7.5,2.3,2.0,3.8,1.0,Não,Não,3.333,10.0,0,Melhorar: Melhorar a sua entrega de lições de casa.,Melhorar: Empenhar-se mais nas aulas e avaliações.,Melhorar: Integrar-se mais aos Princípios Passos Mágicos.,13.0,3.0,2022,,,1
RA-294,L,F,2022,Escola Pública,Quartzo,5.031,819.0,127.0,6.0,9.6,5.8,7.5,0.0,,,,Não,Não,5.917,2.5,-5,Melhorar: Melhorar a sua entrega de lições de casa.,Melhorar: Empenhar-se mais nas aulas e avaliações.,Melhorar: Integrar-se mais aos Princípios Passos Mágicos.,18.0,3.0,2022,,,1
RA-295,M,F,2022,Escola Pública,Ametista,7.305,386.0,45.0,2.0,7.9,8.0,7.5,6.9,5.3,7.7,7.7,Sim,Não,7.375,5.0,-1,Destaque: A sua boa entrega das lições de casa.,Melhorar: Empenhar-se mais nas aulas e avaliações.,Melhorar: Integrar-se mais aos Princípios Passos Mágicos.,14.0,3.0,2022,,0,0
RA-295,4L,F,2022,Pública,Ametista,7.641016667,,,,8.8,8.8,2.52,7.7,7.3,7.2,8.7,,,9.005,5.0,-1,,,,15.0,4.0,2023,9.0625,,1
RA-296,M,F,2022,Escola Pública,Quartzo,4.665,839.0,137.0,16.0,8.8,3.6,7.5,2.8,5.7,2.7,0.2,Não,Não,3.833,5.0,-2,Melhorar: Melhorar a sua entrega de lições de casa.,Melhorar: Empenhar-se mais nas aulas e avaliações.,Melhorar: Integrar-se mais aos Princípios Passos Mágicos.,15.0,3.0,2022,,,1
RA-297,M,F,2022,Escola Pública,Ametista,7.478,324.0,36.0,1.0,7.1,7.9,6.3,6.6,6.3,5.3,8.2,Sim,Não,7.417,10.0,0,Destaque: A sua boa entrega das lições de casa.,Melhorar: Empenhar-se mais nas aulas e avaliações.,Melhorar: Integrar-se mais aos Princípios Passos Mágicos.,13.0,3.0,2022,,,1
RA-298,M,M,2019,Escola Pública,Ágata,6.409,659.0,86.0,7.0,9.2,6.3,5.6,5.2,5.5,4.8,,Não,Não,5.417,10.0,0,Melhorar: Melhorar a sua entrega de lições de casa.,Melhorar: Empenhar-se mais nas aulas e avaliações.,Melhorar: Integrar-se mais aos Princípios Passos Mágicos.,13.0,3.0,2022,,1,0
RA-298,3K,M,2019,Pública,Agata,6.824333333,,,,9.6,8.6,2.52,5.5,7.7,4.5,4.2,,,7.7525,5.0,-1,,,,14.0,3.0,2023,7.5,,1
RA-299,M,F,2019,Rede Decisão,Ametista,7.278,404.0,48.0,3.0,7.1,8.2,5.0,6.8,6.3,7.3,6.7,Não,Não,6.708,10.0,0,Destaque: A sua boa entrega das lições de casa.,Melhorar: Empenhar-se mais nas aulas e avaliações.,Melhorar: Integrar-se mais aos Princípios Passos Mágicos.,13.0,3.0,2022,,0,0
RA-299,4M,F,2019,Privada - Programa de Apadrinhamento,Agata,6.796541667,,,,0.0,9.6,2.52,6.1,5.0,7.2,6.2,,,8.005,10.0,0,,,,14.0,4.0,2023,7.96875,0,0
RA-299,5N,F,2021,Privada - Programa de Apadrinhamento,Topázio,8.177186956533333,,,,8.751,8.963768115999999,6.26,8.166666666666666,8.0,7.5,9.0,,,7.5,10.0,1,,,,15.0,5.0,2024,7.5,,
RA-3,A,F,2016,Rede Decisão,Ágata,6.591,629.0,13.0,6.0,0.0,7.9,5.6,5.6,5.8,4.0,6.9,Não,Não,7.556,10.0,0,Destaque: A sua boa entrega das lições de casa.,Melhorar: Empenhar-se mais nas aulas e avaliações.,Destaque: A sua boa integração aos Princípios Passos Mágicos.,17.0,7.0,2022,,,1
RA-30,A,F,2021,Escola Pública,Ametista,7.605,270.0,9.0,9.0,8.8,6.4,7.5,7.5,8.5,4.4,9.7,Não,Não,7.333,10.0,0,Melhorar: Melhorar a sua entrega de lições de casa.,Destaque: As suas boas notas na Passos Mágicos.,Melhorar: Integrar-se mais aos Princípios Passos Mágicos.,16.0,6.0,2022,,,1
RA-300,M,M,2022,Escola Pública,Quartzo,5.557,781.0,116.0,14.0,5.4,6.9,6.3,3.1,2.7,4.8,1.7,Sim,Não,5.875,5.0,-1,Melhorar: Melhorar a sua entrega de lições de casa.,Melhorar: Empenhar-se mais nas aulas e avaliações.,Melhorar: Integrar-se mais aos Princípios Passos Mágicos.,14.0,3.0,2022,,1,0
RA-300,3K,M,2022,Pública,Quartzo,5.616691667,,,,5.0,7.5,2.52,4.5,4.5,5.3,3.8,,,6.5875,5.0,-2,,,,15.0,3.0,2023,6.40625,,1
RA-301,M,F,2019,Escola Pública,Ágata,6.802,554.0,72.0,5.0,8.8,5.8,5.6,6.3,6.5,7.2,5.4,Sim,Não,6.042,10.0,0,Melhorar: Melhorar a sua entrega de lições de casa.,Melhorar: Empenhar-se mais nas aulas e avaliações.,Melhorar: Integrar-se mais aos Princípios Passos Mágicos.,13.0,3.0,2022,,0,0
RA-301,4L,F,2019,Pública,Agata,6.760341667,,,,9.2,5.4,7.52,5.2,4.7,6.5,4.5,,,6.465,10.0,0,,,,14.0,4.0,2023,6.71875,0,0
RA-301,4M,F,2021,Pública,Topázio,8.410830701766667,,,,9.168,7.4947368423333325,7.51,9.0,10.0,9.0,8.0,,,8.21,10.0,0,,,,15.0,4.0,2024,8.020833333,,
RA-302,M,M,2022,Escola Pública,Ágata,6.334,673.0,90.0,10.0,9.2,7.7,6.9,4.8,4.3,5.0,5.0,Não,Não,6.208,2.5,-3,Destaque: A sua boa entrega das lições de casa.,Melhorar: Empenhar-se mais nas aulas e avaliações.,Melhorar: Integrar-se mais aos Princípios Passos Mágicos.,16.0,3.0,2022,,0,0
RA-302,5L,M,2022,Pública,Quartzo,5.314333333,,,,0.0,7.3,5.0,4.3,4.7,2.3,5.8,,,6.255,5.0,-2,,,,17.0,5.0,2023,7.5,,1
RA-303,M,M,2019,Escola Pública,Ágata,6.03,723.0,102.0,13.0,7.5,7.2,7.5,3.9,3.8,4.0,,Não,Não,5.375,5.0,-1,Melhorar: Melhorar a sua entrega de lições de casa.,Melhorar: Empenhar-se mais nas aulas e avaliações.,Melhorar: Integrar-se mais aos Princípios Passos Mágicos.,14.0,3.0,2022,,1,0
RA-303,3M,M,2019,Pública,Quartzo,5.914291667,,,,0.0,7.3,7.52,5.1,5.7,5.2,4.5,,,7.05,5.0,-2,,,,15.0,3.0,2023,7.65625,0,0
RA-303,4M,M,2021,Pública,Agata,6.2443426900666665,,,,8.751,3.9520467836666664,7.51,5.666666666666667,5.0,5.0,7.0,,,7.535,5.0,-2,,,,16.0,4.0,2024,6.875,,
RA-304,M,M,2020,Escola Pública,Ágata,6.355,667.0,89.0,9.0,8.8,7.7,7.5,4.3,3.0,5.5,,Sim,Não,5.542,5.0,-2,Destaque: A sua boa entrega das lições de casa.,Melhorar: Empenhar-se mais nas aulas e avaliações.,Melhorar: Integrar-se mais aos Princípios Passos Mágicos.,15.0,3.0,2022,,0,0
RA-304,3N,M,2020,Pública,Agata,6.241583333,,,,0.0,8.8,5.0,5.7,7.0,3.7,6.3,,,7.835,5.0,-2,,,,15.0,3.0,2023,7.8125,1,0
RA-304,3N,M,2021,Pública,Agata,6.852411484600001,,,,10.002,7.826890756333333,7.51,7.166666666666667,9.0,5.5,7.0,,,5.825,2.5,-3,,,,16.0,3.0,2024,6.875,,
RA-305,M,M,2019,Escola Pública,Ágata,6.058,717.0,100.0,12.0,7.9,6.6,7.5,4.8,2.8,6.7,,Não,Não,5.208,5.0,-1,Melhorar: Melhorar a sua entrega de lições de casa.,Melhorar: Empenhar-se mais nas aulas e avaliações.,Melhorar: Integrar-se mais aos Princípios Passos Mágicos.,14.0,3.0,2022,,1,0
RA-305,3L,M,2019,Pública,Agata,6.394291667,,,,0.0,8.9,7.52,5.2,5.2,4.8,5.7,,,7.75,5.0,-2,,,,15.0,3.0,2023,7.65625,0,0
RA-305,4N,M,2021,Pública,Agata,6.693026811600001,,,,8.334,7.898550724666666,6.26,4.833333333333333,3.0,3.0,8.5,,,7.03,5.0,-1,,,,16.0,4.0,2024,7.8125,,
RA-306,M,F,2021,Escola Pública,Ágata,6.427,656.0,85.0,6.0,8.3,6.8,7.5,5.2,4.7,5.8,5.0,Não,Não,5.958,5.0,-1,Melhorar: Melhorar a sua entrega de lições de casa.,Melhorar: Empenhar-se mais nas aulas e avaliações.,Melhorar: Integrar-se mais aos Princípios Passos Mágicos.,14.0,3.0,2022,,0,0
RA-306,4M,F,2021,Pública,Quartzo,5.732375,,,,0.0,7.9,6.26,4.0,4.7,4.5,2.8,,,7.46,5.0,-1,,,,15.0,4.0,2023,7.34375,0,0
RA-306,5M,F,2021,Pública,Agata,6.1661539474,,,,7.917,7.699561403666666,7.51,2.8333333333333335,3.5,1.5,3.5,,,6.4125,5.0,-1,,,,16.0,5.0,2024,7.34375,,
RA-307,M,M,2022,Escola Pública,Quartzo,4.733,838.0,136.0,15.0,5.4,4.5,7.5,2.5,5.0,0.0,,Não,Não,4.708,5.0,-1,Melhorar: Melhorar a sua entrega de lições de casa.,Melhorar: Empenhar-se mais nas aulas e avaliações.,Melhorar: Integrar-se mais aos Princípios Passos Mágicos.,14.0,3.0,2022,,1,0
RA-307,3N,M,2022,Pública,Agata,6.047333333,,,,0.0,6.5,7.52,6.3,6.3,7.3,5.2,,,7.46,5.0,-2,,,,15.0,3.0,2023,7.5,,1
RA-308,M,M,2019,Escola Pública,Ágata,6.93,514.0,66.0,4.0,7.9,7.4,6.9,5.0,6.7,5.5,2.8,Sim,Não,6.167,10.0,0,Melhorar: Melhorar a sua entrega de lições de casa.,Melhorar: Empenhar-se mais nas aulas e avaliações.,Melhorar: Integrar-se mais aos Princípios Passos Mágicos.,13.0,3.0,2022,,0,0
RA-308,4L,M,2019,Pública,Agata,6.578558333,,,,5.4,6.8,5.0,4.9,4.7,5.2,4.7,,,7.5025,10.0,0,,,,14.0,4.0,2023,7.03125,0,0
RA-308,5M,M,2021,Pública,Ametista,7.489282456133334,,,,7.083,8.714912280666667,5.635,6.5,5.5,7.0,7.0,,,7.1225,10.0,1,,,,15.0,5.0,2024,7.5,,
RA-309,M,F,2022,Escola Pública,Ágata,6.151,702.0,96.0,11.0,9.2,5.2,7.5,6.5,7.0,6.0,,Não,Não,5.083,5.0,-1,Melhorar: Melhorar a sua entrega de lições de casa.,Melhorar: Empenhar-se mais nas aulas e avaliações.,Melhorar: Integrar-se mais aos Princípios Passos Mágicos.,14.0,3.0,2022,,,1
RA-31,A,F,2019,Rede Decisão,Topázio,8.843,9.0,2.0,2.0,10.0,9.5,9.4,8.0,9.0,5.7,9.3,Não,Sim,10.0,5.0,-1,Destaque: A sua boa entrega das lições de casa.,Destaque: As suas boas notas na Passos Mágicos.,Destaque: A sua boa integração aos Princípios Passos Mágicos.,17.0,6.0,2022,,0,0
RA-31,8E,F,2019,Privada *Parcerias com Bolsa 100%,,,,,,,,,,,,,,,,10.0,0,,,,18.0,8.0,2023,,0,0
RA-31,8E,F,2021,Privada *Parcerias com Bolsa 100%,,,,,,,0.0,,,,,,,,,10.0,0,,,,19.0,8.0,2024,,,
RA-310,M,F,2022,Escola Pública,Ágata,6.4,662.0,87.0,8.0,7.9,7.5,7.5,4.5,3.7,3.8,6.0,Sim,Não,6.0,5.0,-2,Destaque: A sua boa entrega das lições de casa.,Melhorar: Empenhar-se mais nas aulas e avaliações.,Melhorar: Integrar-se mais aos Princípios Passos Mágicos.,15.0,3.0,2022,,,1
RA-311,N,F,2022,Escola Pública,Quartzo,5.652,771.0,114.0,13.0,7.9,5.6,5.0,5.2,5.0,6.2,4.3,Não,Não,6.222,2.5,-3,Melhorar: Melhorar a sua entrega de lições de casa.,Melhorar: Empenhar-se mais nas aulas e avaliações.,Melhorar: Integrar-se mais aos Princípios Passos Mágicos.,16.0,3.0,2022,,,1
RA-312,N,F,2022,Escola Pública,Ametista,7.339,378.0,43.0,5.0,9.6,8.1,7.5,5.2,6.0,4.5,5.0,Não,Não,6.167,10.0,0,Destaque: A sua boa entrega das lições de casa.,Melhorar: Empenhar-se mais nas aulas e avaliações.,Melhorar: Integrar-se mais aos Princípios Passos Mágicos.,13.0,3.0,2022,,,1
RA-313,N,F,2022,Escola Pública,Quartzo,5.8,750.0,108.0,11.0,7.5,7.0,5.0,4.1,4.7,5.0,2.5,Não,Não,5.889,5.0,-1,Melhorar: Melhorar a sua entrega de lições de casa.,Melhorar: Empenhar-se mais nas aulas e avaliações.,Melhorar: Integrar-se mais aos Princípios Passos Mágicos.,14.0,3.0,2022,,0,0
RA-313,4L,F,2022,Pública,Ametista,7.011091667,,,,9.2,8.7,2.52,3.9,4.0,2.8,5.0,,,7.75,10.0,0,,,,14.0,4.0,2023,7.65625,1,0
RA-313,4L,F,2022,Pública,Ametista,7.2528500000000005,,,,8.751,9.666666666666666,5.63,4.833333333333333,1.0,8.0,5.5,,,8.1675,5.0,-1,,,,15.0,4.0,2024,7.8125,,
RA-314,N,F,2022,Escola Pública,Ágata,6.1,708.0,98.0,10.0,5.4,5.4,5.0,5.3,4.3,3.3,8.3,Não,Não,6.0,10.0,0,Melhorar: Melhorar a sua entrega de lições de casa.,Melhorar: Empenhar-se mais nas aulas e avaliações.,Melhorar: Integrar-se mais aos Princípios Passos Mágicos.,13.0,3.0,2022,,,1
RA-315,N,F,2022,Escola Pública,Quartzo,5.672,764.0,111.0,12.0,6.7,5.1,7.5,3.0,3.0,4.2,1.8,Não,Não,5.056,10.0,0,Melhorar: Melhorar a sua entrega de lições de casa.,Melhorar: Empenhar-se mais nas aulas e avaliações.,Melhorar: Integrar-se mais aos Princípios Passos Mágicos.,13.0,3.0,2022,,1,0
RA-315,3N,F,2022,Pública,Quartzo,5.977708333,,,,0.0,6.8,5.0,6.3,5.7,6.8,6.3,,,7.8375,5.0,-1,,,,14.0,3.0,2023,7.96875,0,0
RA-315,4M,F,2022,Pública,Agata,6.0768703704,,,,0.0,5.918518518666667,7.51,6.833333333333333,6.5,6.5,7.5,,,7.6275,5.0,-1,,,,15.0,4.0,2024,7.5,,
RA-316,N,F,2022,Escola Pública,Ametista,7.889,174.0,28.0,2.0,10.0,10.0,6.9,6.1,7.0,6.5,4.7,Sim,Sim,8.389,5.0,-1,Destaque: A sua boa entrega das lições de casa.,Melhorar: Empenhar-se mais nas aulas e avaliações.,Destaque: A sua boa integração aos Princípios Passos Mágicos.,14.0,3.0,2022,,0,0
RA-316,4M,F,2022,Pública,Topázio,8.436908333,,,,10.0,9.5,7.52,5.7,6.3,5.7,5.0,,,8.96,10.0,0,,,,14.0,4.0,2023,8.59375,0,0
RA-316,5M,F,2022,Privada - Programa de Apadrinhamento,Topázio,8.708925,,,,9.168,10.0,7.51,8.0,8.5,7.0,8.5,,,8.3775,10.0,0,,,,15.0,5.0,2024,7.65625,,
RA-317,N,M,2021,Escola Pública,Ametista,7.04,474.0,59.0,6.0,8.8,5.6,7.5,6.8,4.7,5.7,10.0,Não,Não,5.944,10.0,0,Melhorar: Melhorar a sua entrega de lições de casa.,Melhorar: Empenhar-se mais nas aulas e avaliações.,Melhorar: Integrar-se mais aos Princípios Passos Mágicos.,13.0,3.0,2022,,,1
RA-318,N,F,2019,Escola Pública,Ágata,6.527,640.0,83.0,9.0,8.3,6.9,6.9,5.8,4.3,5.8,7.3,Não,Não,6.111,5.0,-1,Melhorar: Melhorar a sua entrega de lições de casa.,Melhorar: Empenhar-se mais nas aulas e avaliações.,Melhorar: Integrar-se mais aos Princípios Passos Mágicos.,14.0,3.0,2022,,0,0
RA-318,4M,F,2019,Pública,Agata,6.856575,,,,7.9,8.1,6.26,4.9,5.0,5.0,4.7,,,7.71,5.0,-1,,,,15.0,4.0,2023,7.96875,0,0
RA-318,5L,F,2021,Pública,Ametista,7.025000925866668,,,,7.917,9.129629629666667,7.51,4.666666666666667,2.0,6.0,6.0,,,7.443333333,5.0,-1,,,,16.0,5.0,2024,7.34375,,
RA-319,N,M,2022,Escola Pública,Ametista,7.448,336.0,37.0,4.0,9.2,7.7,7.5,5.2,6.3,4.3,5.0,Não,Não,7.5,10.0,0,Destaque: A sua boa entrega das lições de casa.,Melhorar: Empenhar-se mais nas aulas e avaliações.,Destaque: A sua boa integração aos Princípios Passos Mágicos.,13.0,3.0,2022,,0,0
RA-319,4N,M,2022,Concluiu o 3º EM,Topázio,8.367208333,,,,9.6,9.2,5.0,7.2,5.7,5.8,10.0,,,8.88,10.0,0,,,,14.0,4.0,2023,8.59375,0,0
RA-319,5L,M,2022,Pública,Ametista,7.948699561466667,,,,9.585,9.024122807,7.51,5.833333333333333,4.0,5.0,8.5,,,7.666666667,10.0,0,,,,15.0,5.0,2024,7.34375,,
RA-32,A,F,2018,Rede Decisão,Ametista,7.37,370.0,11.0,11.0,8.8,5.2,8.8,6.1,5.7,3.6,8.9,Não,Não,7.944,10.0,0,Melhorar: Melhorar a sua entrega de lições de casa.,Melhorar: Empenhar-se mais nas aulas e avaliações.,Destaque: A sua boa integração aos Princípios Passos Mágicos.,16.0,6.0,2022,,0,0
RA-32,7A,F,2018,Privada - Programa de Apadrinhamento,Agata,6.716666667,,,,0.0,8.2,3.77,7.9,9.0,5.8,9.0,,,6.8775,10.0,0,,,,17.0,7.0,2023,7.375,,1
RA-320,N,F,2022,Escola Pública,Ametista,7.897,170.0,27.0,1.0,8.8,10.0,6.9,6.4,7.3,6.3,5.7,Sim,Sim,8.667,5.0,-1,Destaque: A sua boa entrega das lições de casa.,Melhorar: Empenhar-se mais nas aulas e avaliações.,Destaque: A sua boa integração aos Princípios Passos Mágicos.,14.0,3.0,2022,,0,0
RA-320,4M,F,2022,Pública,Topázio,8.393508333,,,,9.2,9.9,7.52,5.5,5.7,6.0,4.7,,,8.96,10.0,0,,,,14.0,4.0,2023,8.59375,0,0
RA-320,5M,F,2022,Privada - Programa de Apadrinhamento,Topázio,8.442258333333335,,,,9.168,10.0,7.51,6.666666666666667,7.5,5.5,7.0,,,8.3775,10.0,0,,,,15.0,5.0,2024,7.65625,,
RA-321,N,F,2022,Escola Pública,Ametista,7.792,202.0,30.0,3.0,9.2,9.1,5.6,5.2,5.7,6.2,3.7,Sim,Não,8.278,10.0,0,Destaque: A sua boa entrega das lições de casa.,Melhorar: Empenhar-se mais nas aulas e avaliações.,Destaque: A sua boa integração aos Princípios Passos Mágicos.,12.0,3.0,2022,,0,0
RA-321,4N,F,2022,Pública,Ametista,7.695233333,,,,8.3,9.4,2.52,6.2,6.0,5.8,6.7,,,8.42,10.0,1,,,,13.0,4.0,2023,8.125,0,0
RA-321,5N,F,2022,Pública,Topázio,8.125807932933334,,,,7.917,9.534706331,6.26,7.166666666666667,6.0,6.0,9.5,,,7.776666667,10.0,1,,,,14.0,5.0,2024,8.125,,
RA-322,N,F,2022,Escola Pública,Ágata,6.859,536.0,70.0,8.0,7.1,8.1,5.0,4.7,4.3,5.7,4.0,Não,Não,6.778,10.0,0,Destaque: A sua boa entrega das lições de casa.,Melhorar: Empenhar-se mais nas aulas e avaliações.,Melhorar: Integrar-se mais aos Princípios Passos Mágicos.,13.0,3.0,2022,,0,0
RA-322,4N,F,2022,Pública,Ametista,7.037808333,,,,6.7,8.3,2.52,5.3,4.0,5.5,6.3,,,8.045,10.0,0,,,,14.0,4.0,2023,7.96875,,1
RA-323,N,M,2022,Escola Pública,Ágata,6.86,535.0,69.0,7.0,9.2,7.3,7.5,3.4,7.3,2.5,0.5,Não,Não,6.611,10.0,0,Melhorar: Melhorar a sua entrega de lições de casa.,Melhorar: Empenhar-se mais nas aulas e avaliações.,Melhorar: Integrar-se mais aos Princípios Passos Mágicos.,13.0,3.0,2022,,,1
RA-324,A,F,2022,Escola Pública,Topázio,8.27,66.0,6.0,1.0,10.0,9.3,6.9,6.8,6.3,7.2,,Sim,Sim,8.611,10.0,0,Destaque: A sua boa entrega das lições de casa.,Melhorar: Empenhar-se mais nas aulas e avaliações.,Destaque: A sua boa integração aos Princípios Passos Mágicos.,10.0,2.0,2022,,0,0
RA-324,2D,F,2022,Pública,Ametista,7.6354,,,,5.8,9.0,2.52,8.4,8.0,8.7,,,,7.5875,10.0,0,,,,11.0,2.0,2023,8.125,,1
RA-325,A,M,2022,Escola Pública,Ametista,7.619,265.0,42.0,6.0,9.5,6.8,7.5,6.0,6.0,6.0,,Sim,Sim,8.444,10.0,0,Melhorar: Melhorar a sua entrega de lições de casa.,Melhorar: Empenhar-se mais nas aulas e avaliações.,Destaque: A sua boa integração aos Princípios Passos Mágicos.,10.0,2.0,2022,,0,0
RA-325,2D,M,2022,Pública,Agata,6.243,,,,0.0,7.1,5.0,5.6,3.8,7.3,,,,7.0025,10.0,0,,,,11.0,2.0,2023,8.125,0,0
RA-325,3C,M,2022,Pública,Topázio,8.385133333233336,,,,9.168,9.866666666666667,7.51,7.0,7.0,5.5,8.5,,,7.553333333,10.0,0,,,,12.0,3.0,2024,8.333333333,,
RA-326,A,F,2022,Escola Pública,Topázio,8.22,80.0,9.0,2.0,10.0,9.7,5.0,9.0,8.7,9.3,,Sim,Sim,8.944,5.0,-1,Destaque: A sua boa entrega das lições de casa.,Destaque: As suas boas notas na Passos Mágicos.,Destaque: A sua boa integração aos Princípios Passos Mágicos.,12.0,2.0,2022,,0,0
RA-326,3A,F,2022,Privada,Topázio,8.65075,,,,9.6,9.4,3.14,8.2,8.3,7.5,8.8,,,9.76,10.0,0,,,,13.0,3.0,2023,9.0625,0,0
RA-326,4A,F,2022,Privada,Topázio,8.832389092333335,,,,9.168,8.973112128333334,6.26,9.333333333333334,10.0,9.0,9.0,,,8.704,10.0,1,,,,14.0,4.0,2024,8.875,,
RA-327,A,M,2021,Escola Pública,Ágata,6.986,491.0,72.0,7.0,8.5,8.8,7.5,2.8,2.3,3.2,,Não,Não,7.333,10.0,0,Destaque: A sua boa entrega das lições de casa.,Melhorar: Empenhar-se mais nas aulas e avaliações.,Melhorar: Integrar-se mais aos Princípios Passos Mágicos.,11.0,2.0,2022,,,1
RA-328,A,M,2020,Escola Pública,Ágata,6.823,548.0,86.0,8.0,10.0,7.0,7.5,5.3,4.0,6.5,,Não,Não,7.5,5.0,-1,Melhorar: Melhorar a sua entrega de lições de casa.,Melhorar: Empenhar-se mais nas aulas e avaliações.,Melhorar: Integrar-se mais aos Princípios Passos Mágicos.,12.0,2.0,2022,,,1
RA-329,A,M,2019,Escola Pública,Ágata,6.313,683.0,126.0,12.0,7.4,6.9,4.4,5.0,3.0,7.0,,Não,Não,5.778,10.0,0,Melhorar: Melhorar a sua entrega de lições de casa.,Melhorar: Empenhar-se mais nas aulas e avaliações.,Melhorar: Integrar-se mais aos Princípios Passos Mágicos.,11.0,2.0,2022,,,1
RA-33,A,F,2020,Escola Pública,Quartzo,4.952,824.0,17.0,17.0,0.0,4.6,7.5,4.8,9.0,1.6,3.7,Não,Não,6.0,5.0,-1,Melhorar: Melhorar a sua entrega de lições de casa.,Melhorar: Empenhar-se mais nas aulas e avaliações.,Melhorar: Integrar-se mais aos Princípios Passos Mágicos.,17.0,6.0,2022,,,1
RA-330,A,F,2018,Escola Pública,Ágata,6.446,651.0,116.0,11.0,9.5,8.8,7.5,2.5,2.3,2.7,,Não,Não,7.056,5.0,-2,Destaque: A sua boa entrega das lições de casa.,Melhorar: Empenhar-se mais nas aulas e avaliações.,Melhorar: Integrar-se mais aos Princípios Passos Mágicos.,14.0,2.0,2022,,0,0
RA-330,3A,F,2018,Pública,Agata,6.084875,,,,9.6,7.2,6.89,3.3,3.8,3.8,2.3,,,5.8275,5.0,-2,,,,15.0,3.0,2023,6.71875,,1
RA-331,A,F,2019,Escola Pública,Ágata,6.636,613.0,105.0,10.0,9.0,8.7,7.5,3.7,2.3,5.0,,Não,Não,6.944,5.0,-1,Destaque: A sua boa entrega das lições de casa.,Melhorar: Empenhar-se mais nas aulas e avaliações.,Melhorar: Integrar-se mais aos Princípios Passos Mágicos.,12.0,2.0,2022,,0,0
RA-331,3B,F,2019,Pública,Ametista,7.039791667,,,,9.6,8.6,2.52,5.2,5.7,4.8,5.2,,,6.7975,10.0,0,,,,13.0,3.0,2023,7.03125,1,0
RA-331,3B,F,2021,Pública,Agata,6.231045707066668,,,,8.751,7.735353535333334,8.755,3.5,4.0,3.5,3.0,,,5.62,5.0,-1,,,,14.0,3.0,2024,6.09375,,
RA-332,A,M,2017,Rede Decisão,Ametista,7.883,176.0,27.0,5.0,9.5,9.0,8.1,7.5,7.5,7.5,,Não,Sim,8.5,5.0,-1,Destaque: A sua boa entrega das lições de casa.,Destaque: As suas boas notas na Passos Mágicos.,Destaque: A sua boa integração aos Princípios Passos Mágicos.,13.0,2.0,2022,,0,0
RA-332,3A,M,2017,Privada - Programa de Apadrinhamento,Topázio,8.002591667,,,,9.2,8.4,8.76,6.8,6.3,7.7,6.5,,,9.175,5.0,-1,,,,14.0,3.0,2023,8.28125,0,0
RA-332,4A,M,2021,Privada - Programa de Apadrinhamento,Topázio,8.421271701,,,,9.585,7.605358505000001,9.38,7.0,7.0,7.0,7.0,,,8.706,10.0,1,,,,15.0,4.0,2024,8.625,,
RA-333,A,M,2018,Escola JP II,Quartzo,5.249,807.0,153.0,13.0,8.0,5.8,3.8,2.9,0.2,5.7,,Não,Não,6.722,5.0,-2,Melhorar: Melhorar a sua entrega de lições de casa.,Melhorar: Empenhar-se mais nas aulas e avaliações.,Melhorar: Integrar-se mais aos Princípios Passos Mágicos.,14.0,2.0,2022,,,1
RA-334,A,F,2019,Rede Decisão,Ametista,7.961,151.0,20.0,3.0,6.9,9.2,4.4,8.0,7.0,9.0,,Não,Sim,8.722,10.0,0,Destaque: A sua boa entrega das lições de casa.,Destaque: As suas boas notas na Passos Mágicos.,Destaque: A sua boa integração aos Princípios Passos Mágicos.,11.0,2.0,2022,,,1
RA-335,A,M,2022,Escola Pública,Ametista,7.902,168.0,25.0,4.0,9.5,9.4,7.5,7.4,5.8,9.0,,Não,Não,6.833,10.0,0,Destaque: A sua boa entrega das lições de casa.,Melhorar: Empenhar-se mais nas aulas e avaliações.,Melhorar: Integrar-se mais aos Princípios Passos Mágicos.,10.0,2.0,2022,,,1
RA-336,A,M,2016,Escola Pública,Ágata,6.787,560.0,87.0,9.0,9.5,8.5,4.4,5.1,4.5,5.7,,Não,Não,7.889,5.0,-1,Destaque: A sua boa entrega das lições de casa.,Melhorar: Empenhar-se mais nas aulas e avaliações.,Destaque: A sua boa integração aos Princípios Passos Mágicos.,13.0,2.0,2022,,0,0
RA-336,3B,M,2016,Pública,Quartzo,5.887708333,,,,0.0,7.5,6.89,5.1,6.7,5.2,3.3,,,7.255,5.0,-1,,,,14.0,3.0,2023,7.34375,0,0
RA-336,4A,M,2021,Pública,Agata,6.834286748466667,,,,7.5,5.512100409000001,6.26,5.833333333333333,6.0,6.5,5.0,,,7.196,10.0,0,,,,15.0,4.0,2024,7.5,,
RA-337,B,M,2022,Escola Pública,Ametista,7.914,163.0,22.0,3.0,10.0,9.3,7.5,5.8,7.5,4.0,,Não,Não,7.611,10.0,0,Destaque: A sua boa entrega das lições de casa.,Melhorar: Empenhar-se mais nas aulas e avaliações.,Destaque: A sua boa integração aos Princípios Passos Mágicos.,11.0,2.0,2022,,,1
RA-338,B,M,2019,Escola Pública,Ágata,6.837,544.0,84.0,10.0,8.5,7.3,7.5,5.8,5.3,6.2,,Não,Não,7.611,5.0,-1,Melhorar: Melhorar a sua entrega de lições de casa.,Melhorar: Empenhar-se mais nas aulas e avaliações.,Destaque: A sua boa integração aos Princípios Passos Mágicos.,12.0,2.0,2022,,0,0
RA-338,3D,M,2019,Pública,Topázio,8.287441667,,,,8.3,9.1,7.52,6.7,8.7,7.0,4.5,,,8.38,10.0,0,,,,13.0,3.0,2023,8.59375,0,0
RA-338,4B,M,2021,Pública,Topázio,8.052795331466667,,,,9.168,7.441643324,7.51,6.833333333333333,5.0,8.0,7.5,,,8.8375,10.0,0,,,,14.0,4.0,2024,7.625,,
RA-339,B,F,2019,Escola Pública,Topázio,8.488,36.0,3.0,1.0,6.9,9.9,7.5,8.1,7.1,9.2,,Sim,Sim,8.889,10.0,0,Destaque: A sua boa entrega das lições de casa.,Destaque: As suas boas notas na Passos Mágicos.,Destaque: A sua boa integração aos Princípios Passos Mágicos.,11.0,2.0,2022,,0,0
RA-339,3D,F,2019,Pública,Ametista,7.377583333,,,,0.0,8.9,7.52,7.1,7.7,5.7,7.8,,,8.255,10.0,0,,,,12.0,3.0,2023,7.8125,0,0
RA-339,4A,F,2021,Pública,Ametista,7.711540746133334,,,,7.5,7.155537064000001,5.635,8.166666666666666,8.0,7.0,9.5,,,7.668,10.0,1,,,,13.0,4.0,2024,8.0,,
RA-34,A,M,2016,Rede Decisão,Ágata,6.259,692.0,13.0,13.0,9.6,4.8,8.1,3.8,4.7,4.0,2.8,Não,Não,7.278,5.0,-1,Melhorar: Melhorar a sua entrega de lições de casa.,Melhorar: Empenhar-se mais nas aulas e avaliações.,Melhorar: Integrar-se mais aos Princípios Passos Mágicos.,17.0,6.0,2022,,0,0
RA-34,8E,M,2016,Privada *Parcerias com Bolsa 100%,,,,,,,,,,,,,,,,10.0,0,,,,18.0,8.0,2023,,,0
RA-340,B,M,2017,Escola Pública,Ametista,7.721,229.0,36.0,5.0,9.0,8.2,7.5,6.5,6.0,7.0,,Não,Não,7.667,10.0,0,Destaque: A sua boa entrega das lições de casa.,Melhorar: Empenhar-se mais nas aulas e avaliações.,Destaque: A sua boa integração aos Princípios Passos Mágicos.,11.0,2.0,2022,,1,0
RA-340,2B,M,2017,Pública,Ametista,7.059666667,,,,0.0,9.6,2.52,8.9,9.0,8.7,,,,8.505,5.0,-1,,,,12.0,2.0,2023,9.166666667,0,0
RA-340,3D,M,2021,Pública,Agata,6.715437329466668,,,,7.917,6.585769980666666,7.51,5.166666666666667,6.0,7.0,2.5,,,5.83,10.0,0,,,,13.0,3.0,2024,6.5625,,
RA-341,B,M,2022,Escola Pública,Ágata,6.854,537.0,83.0,9.0,8.0,7.7,7.5,5.8,5.0,6.5,,Não,Não,7.5,5.0,-1,Destaque: A sua boa entrega das lições de casa.,Melhorar: Empenhar-se mais nas aulas e avaliações.,Destaque: A sua boa integração aos Princípios Passos Mágicos.,12.0,2.0,2022,,,1
RA-342,B,F,2021,Escola Pública,Ágata,6.941,511.0,77.0,7.0,9.0,6.7,7.5,6.6,5.5,7.7,,Não,Não,7.5,5.0,-2,Melhorar: Melhorar a sua entrega de lições de casa.,Melhorar: Empenhar-se mais nas aulas e avaliações.,Destaque: A sua boa integração aos Princípios Passos Mágicos.,14.0,2.0,2022,,0,0
RA-342,3D,F,2021,Pública,Ametista,7.539875,,,,7.5,8.6,7.52,6.6,6.3,7.8,5.7,,,8.505,5.0,-2,,,,15.0,3.0,2023,7.96875,0,0
RA-342,4C,F,2021,Pública,Agata,6.757026587266667,,,,8.751,7.728174603333334,6.26,4.5,6.5,7.0,0.0,,,7.723333333,5.0,-1,,,,16.0,4.0,2024,7.65625,,
RA-343,B,M,2020,Escola Pública,Ágata,6.9,525.0,80.0,8.0,9.5,7.4,7.5,5.9,4.2,7.7,,Não,Não,7.167,5.0,-2,Melhorar: Melhorar a sua entrega de lições de casa.,Melhorar: Empenhar-se mais nas aulas e avaliações.,Melhorar: Integrar-se mais aos Princípios Passos Mágicos.,14.0,2.0,2022,,0,0
RA-343,3B,M,2020,Pública,Agata,6.779591667,,,,9.2,7.2,6.26,5.7,4.5,6.7,6.0,,,6.9225,5.0,-2,,,,15.0,3.0,2023,7.65625,,1
RA-344,B,M,2019,Escola Pública,Ametista,7.263,409.0,60.0,6.0,8.5,8.3,7.5,4.5,2.3,6.7,,Não,Não,7.5,10.0,0,Destaque: A sua boa entrega das lições de casa.,Melhorar: Empenhar-se mais nas aulas e avaliações.,Destaque: A sua boa integração aos Princípios Passos Mágicos.,11.0,2.0,2022,,,1
RA-345,B,M,2021,Escola Pública,Quartzo,5.75,754.0,139.0,12.0,9.5,5.4,5.6,3.6,1.3,5.8,,Não,Não,6.667,5.0,-1,Melhorar: Melhorar a sua entrega de lições de casa.,Melhorar: Empenhar-se mais nas aulas e avaliações.,Melhorar: Integrar-se mais aos Princípios Passos Mágicos.,13.0,2.0,2022,,0,0
RA-345,3B,M,2021,Pública,Agata,6.534766667,,,,8.8,6.8,6.26,4.6,5.7,5.7,2.5,,,7.1725,5.0,-1,,,,14.0,3.0,2023,8.125,,1
RA-346,B,M,2022,Escola Pública,Topázio,8.143,102.0,14.0,2.0,10.0,9.1,7.5,7.0,6.0,8.0,,Não,Não,7.889,10.0,0,Destaque: A sua boa entrega das lições de casa.,Melhorar: Empenhar-se mais nas aulas e avaliações.,Destaque: A sua boa integração aos Princípios Passos Mágicos.,10.0,2.0,2022,,0,0
RA-346,3B,M,2022,Pública,Ametista,7.305541667,,,,0.0,9.4,8.14,6.2,6.7,5.5,6.5,,,7.84,10.0,1,,,,11.0,3.0,2023,7.96875,1,0
RA-346,3A,M,2022,Pública,Ametista,7.761749603200001,,,,10.002,9.149206349333333,2.51,6.166666666666667,6.0,4.5,8.0,,,8.2525,10.0,0,,,,12.0,3.0,2024,7.96875,,
RA-347,B,F,2019,Escola Pública,Ametista,7.908,167.0,24.0,4.0,9.0,10.0,5.6,8.5,8.5,8.5,,Sim,Não,8.0,5.0,-1,Destaque: A sua boa entrega das lições de casa.,Destaque: As suas boas notas na Passos Mágicos.,Destaque: A sua boa integração aos Princípios Passos Mágicos.,12.0,2.0,2022,,0,0
RA-347,3D,F,2019,Pública,Ametista,7.61835,,,,6.7,9.5,2.52,7.3,6.7,6.2,9.0,,,7.7925,10.0,0,,,,13.0,3.0,2023,7.8125,0,0
RA-347,4A,F,2021,Pública,Topázio,8.384742583733333,,,,8.751,9.673046251999999,6.885,7.666666666666667,6.5,7.5,9.0,,,7.766,10.0,1,,,,14.0,4.0,2024,8.0,,
RA-348,B,M,2022,Escola Pública,Quartzo,5.864,741.0,135.0,11.0,9.0,8.7,7.5,1.8,0.5,3.0,,Não,Não,5.833,5.0,-1,Destaque: A sua boa entrega das lições de casa.,Melhorar: Empenhar-se mais nas aulas e avaliações.,Melhorar: Integrar-se mais aos Princípios Passos Mágicos.,12.0,2.0,2022,,0,0
RA-348,2B,M,2022,Pública,Agata,6.817866667,,,,10.0,8.7,2.52,4.4,2.0,6.7,,,,8.0075,5.0,-1,,,,13.0,2.0,2023,8.541666667,,1
RA-349,B,M,2021,Escola Pública,Quartzo,5.658,770.0,143.0,13.0,9.5,7.7,7.5,3.7,2.2,5.2,,Não,Não,3.944,5.0,-1,Destaque: A sua boa entrega das lições de casa.,Melhorar: Empenhar-se mais nas aulas e avaliações.,Melhorar: Integrar-se mais aos Princípios Passos Mágicos.,12.0,2.0,2022,,,1
RA-35,A,F,2019,Rede Decisão,Topázio,8.965,5.0,1.0,1.0,10.0,9.6,9.4,8.5,9.0,7.1,9.3,Não,Sim,10.0,5.0,-1,Destaque: A sua boa entrega das lições de casa.,Destaque: As suas boas notas na Passos Mágicos.,Destaque: A sua boa integração aos Princípios Passos Mágicos.,17.0,6.0,2022,,0,0
RA-35,8E,F,2019,Privada *Parcerias com Bolsa 100%,,,,,,,,,,,,,,,,10.0,0,,,,18.0,8.0,2023,,0,0
RA-35,8E,F,2021,Privada *Parcerias com Bolsa 100%,,,,,,,0.0,,,,,,,,,10.0,0,,,,19.0,8.0,2024,,,
RA-350,D,F,2022,Escola Pública,Topázio,8.206,84.0,10.0,2.0,10.0,8.8,7.5,6.5,7.0,6.0,,Não,Sim,8.611,10.0,0,Destaque: A sua boa entrega das lições de casa.,Melhorar: Empenhar-se mais nas aulas e avaliações.,Destaque: A sua boa integração aos Princípios Passos Mágicos.,11.0,2.0,2022,,1,0
RA-350,2D,F,2022,Pública,Ametista,7.972033333,,,,10.0,9.7,2.52,9.0,8.8,9.2,,,,7.92,5.0,-1,,,,12.0,2.0,2023,8.958333333,,1
RA-351,D,M,2022,Escola Pública,Ágata,6.622,618.0,107.0,7.0,9.0,7.2,7.5,4.0,3.2,4.8,,Não,Não,8.111,5.0,-2,Melhorar: Melhorar a sua entrega de lições de casa.,Melhorar: Empenhar-se mais nas aulas e avaliações.,Destaque: A sua boa integração aos Princípios Passos Mágicos.,14.0,2.0,2022,,,1
RA-352,D,M,2019,Escola Pública,Ametista,7.834,191.0,31.0,4.0,9.0,8.1,5.6,7.0,7.3,6.7,,Não,Sim,8.389,10.0,0,Destaque: A sua boa entrega das lições de casa.,Melhorar: Empenhar-se mais nas aulas e avaliações.,Destaque: A sua boa integração aos Princípios Passos Mágicos.,11.0,2.0,2022,,0,0
RA-352,3B,M,2019,Pública,Ametista,7.840341667,,,,9.2,8.1,6.26,7.2,8.2,6.0,7.5,,,7.17,10.0,0,,,,12.0,3.0,2023,7.96875,0,0
RA-352,4B,M,2021,Pública,Quartzo,5.9794829346,,,,8.334,4.453748006333333,6.26,3.1666666666666665,2.0,5.5,2.0,,,6.7925,10.0,1,,,,13.0,4.0,2024,6.375,,
RA-353,D,F,2022,Escola Pública,Topázio,8.264,69.0,7.0,1.0,7.0,10.0,7.5,7.5,8.0,7.0,,Não,Sim,8.444,10.0,0,Destaque: A sua boa entrega das lições de casa.,Destaque: As suas boas notas na Passos Mágicos.,Destaque: A sua boa integração aos Princípios Passos Mágicos.,11.0,2.0,2022,,0,0
RA-353,3D,F,2022,Pública,Topázio,8.309016667,,,,8.8,9.9,2.52,8.4,8.5,7.3,9.5,,,8.67,10.0,0,,,,12.0,3.0,2023,7.8125,,1
RA-354,D,F,2018,Escola Pública,Quartzo,5.858,742.0,136.0,9.0,8.5,4.3,7.5,4.5,2.8,6.2,,Não,Não,7.333,5.0,-1,Melhorar: Melhorar a sua entrega de lições de casa.,Melhorar: Empenhar-se mais nas aulas e avaliações.,Melhorar: Integrar-se mais aos Princípios Passos Mágicos.,13.0,2.0,2022,,,1
RA-355,D,F,2018,Escola Pública,Quartzo,5.379,796.0,151.0,11.0,5.8,5.0,7.5,4.5,5.5,3.5,,Não,Não,6.056,5.0,-1,Melhorar: Melhorar a sua entrega de lições de casa.,Melhorar: Empenhar-se mais nas aulas e avaliações.,Melhorar: Integrar-se mais aos Princípios Passos Mágicos.,12.0,2.0,2022,,,1
RA-356,D,M,2019,Escola Pública,Ágata,6.69,591.0,97.0,6.0,10.0,8.4,5.0,4.6,5.3,3.8,,Não,Não,8.278,5.0,-1,Destaque: A sua boa entrega das lições de casa.,Melhorar: Empenhar-se mais nas aulas e avaliações.,Destaque: A sua boa integração aos Princípios Passos Mágicos.,12.0,2.0,2022,,0,0
RA-356,3C,M,2019,Pública,Agata,6.452008333,,,,9.2,8.5,2.52,3.4,4.3,4.5,1.3,,,6.5025,10.0,0,,,,13.0,3.0,2023,6.09375,0,0
RA-356,4B,M,2021,Pública,Agata,6.627336016533334,,,,8.334,6.656346749333334,5.635,5.333333333333333,1.0,7.0,8.0,,,6.5375,10.0,1,,,,14.0,4.0,2024,5.25,,
RA-357,D,M,2022,Escola Pública,Ametista,7.836,190.0,30.0,3.0,8.0,9.6,7.5,8.5,10.0,7.0,,Não,Não,7.778,5.0,-1,Destaque: A sua boa entrega das lições de casa.,Destaque: As suas boas notas na Passos Mágicos.,Destaque: A sua boa integração aos Princípios Passos Mágicos.,12.0,2.0,2022,,0,0
RA-357,2I,M,2022,Pública,Topázio,8.2832,,,,8.5,9.6,7.52,8.7,8.7,8.7,,,,8.23,5.0,-1,,,,13.0,2.0,2023,8.75,0,0
RA-357,3I,M,2022,Pública,Ametista,7.731569404200001,,,,8.751,9.028180354333333,8.135,7.666666666666667,8.5,7.0,7.5,,,7.0825,5.0,-1,,,,14.0,3.0,2024,7.875,,
RA-358,D,M,2022,Escola Pública,Quartzo,5.412,795.0,150.0,10.0,7.5,6.5,7.5,0.0,0.0,0.0,,Não,Não,7.556,5.0,-1,Melhorar: Melhorar a sua entrega de lições de casa.,Melhorar: Empenhar-se mais nas aulas e avaliações.,Destaque: A sua boa integração aos Princípios Passos Mágicos.,13.0,2.0,2022,,,1
RA-359,D,F,2019,Escola Pública,Ágata,6.606,625.0,108.0,8.0,9.0,7.0,7.5,4.6,3.3,5.8,,Não,Não,7.5,5.0,-1,Melhorar: Melhorar a sua entrega de lições de casa.,Melhorar: Empenhar-se mais nas aulas e avaliações.,Melhorar: Integrar-se mais aos Princípios Passos Mágicos.,12.0,2.0,2022,,0,0
RA-359,3C,F,2019,Pública,Ametista,7.627125,,,,9.6,9.2,2.52,5.8,6.0,6.7,4.7,,,8.255,10.0,0,,,,13.0,3.0,2023,7.65625,0,0
RA-359,4C,F,2021,Pública,Ametista,7.492006349133335,,,,9.168,7.162698412666667,6.26,5.5,4.0,4.5,8.0,,,8.333333333,10.0,1,,,,14.0,4.0,2024,7.5,,
RA-36,A,F,2019,Rede Decisão,Ametista,7.876,177.0,7.0,7.0,9.2,9.0,6.9,6.8,8.5,4.3,7.8,Não,Sim,8.944,5.0,-1,Destaque: A sua boa entrega das lições de casa.,Melhorar: Empenhar-se mais nas aulas e avaliações.,Destaque: A sua boa integração aos Princípios Passos Mágicos.,17.0,6.0,2022,,0,0
RA-36,8E,F,2019,Privada *Parcerias com Bolsa 100%,,,,,,,,,,,,,,,,10.0,0,,,,18.0,8.0,2023,,0,0
RA-36,8E,F,2021,Privada *Parcerias com Bolsa 100%,,,,,,,0.0,,,,,,,,,10.0,0,,,,19.0,8.0,2024,,,
RA-360,D,F,2019,Escola Pública,Ametista,7.075,463.0,70.0,5.0,9.5,8.5,7.5,5.2,4.7,5.7,,Não,Não,7.5,5.0,-1,Destaque: A sua boa entrega das lições de casa.,Melhorar: Empenhar-se mais nas aulas e avaliações.,Melhorar: Integrar-se mais aos Princípios Passos Mágicos.,12.0,2.0,2022,,0,0
RA-360,3C,F,2019,Pública,Quartzo,5.790875,,,,0.0,7.3,2.52,4.3,5.3,4.8,2.8,,,7.4225,10.0,0,,,,13.0,3.0,2023,7.34375,1,0
RA-360,3C,F,2021,Pública,Agata,6.293175689166667,,,,8.334,5.618045113,5.0,5.833333333333333,4.0,6.0,7.5,,,6.993333333,5.0,-1,,,,14.0,3.0,2024,7.708333333,,
RA-361,F,F,2022,Escola Pública,Ágata,6.731,576.0,93.0,16.0,7.9,9.2,6.3,5.0,4.0,6.0,,Não,Não,6.778,5.0,-1,Destaque: A sua boa entrega das lições de casa.,Melhorar: Empenhar-se mais nas aulas e avaliações.,Melhorar: Integrar-se mais aos Princípios Passos Mágicos.,13.0,2.0,2022,,,1
RA-362,F,F,2018,Escola Pública,Ametista,7.413,350.0,51.0,7.0,8.5,7.9,7.5,7.9,6.5,9.3,,Não,Não,7.5,5.0,-1,Destaque: A sua boa entrega das lições de casa.,Destaque: As suas boas notas na Passos Mágicos.,Destaque: A sua boa integração aos Princípios Passos Mágicos.,12.0,2.0,2022,,0,0
RA-362,3G,F,2018,Pública,Agata,6.392625,,,,0.0,7.5,7.52,5.1,5.7,6.8,2.8,,,7.0875,10.0,0,,,,13.0,3.0,2023,7.03125,,1
RA-363,F,M,2022,Escola Pública,Ágata,6.644,610.0,104.0,17.0,10.0,10.0,6.9,2.0,1.0,3.0,,Não,Não,7.056,5.0,-1,Destaque: A sua boa entrega das lições de casa.,Melhorar: Empenhar-se mais nas aulas e avaliações.,Melhorar: Integrar-se mais aos Princípios Passos Mágicos.,12.0,2.0,2022,,0,0
RA-363,2F,M,2022,Pública,Agata,6.680833333,,,,0.0,9.9,2.52,6.8,6.8,6.8,,,,8.673333333,5.0,-1,,,,13.0,2.0,2023,8.541666667,0,0
RA-363,3D,M,2022,Privada,Ametista,7.617803571466666,,,,9.585,9.523809524,5.625,5.333333333333333,4.0,3.5,8.5,,,6.955,10.0,0,,,,14.0,3.0,2024,7.34375,,
RA-364,F,M,2019,Escola Pública,Topázio,8.75,12.0,1.0,1.0,9.5,10.0,7.5,8.8,9.5,8.0,,Não,Não,8.167,10.0,0,Destaque: A sua boa entrega das lições de casa.,Destaque: As suas boas notas na Passos Mágicos.,Destaque: A sua boa integração aos Princípios Passos Mágicos.,11.0,2.0,2022,,0,0
RA-364,3G,M,2019,Pública,Ametista,7.734891667,,,,8.8,9.0,6.89,5.8,8.0,5.2,4.3,,,7.505,10.0,0,,,,12.0,3.0,2023,7.03125,0,0
RA-364,3G,M,2021,Pública,Topázio,8.2697037582,,,,8.751,9.526143791,7.51,7.5,8.0,5.0,9.5,,,7.2075,10.0,0,,,,13.0,3.0,2024,7.96875,,
RA-365,F,F,2022,Escola Pública,Topázio,8.063,129.0,17.0,3.0,8.0,10.0,5.0,7.8,6.0,9.5,,Não,Não,7.833,10.0,0,Destaque: A sua boa entrega das lições de casa.,Destaque: As suas boas notas na Passos Mágicos.,Destaque: A sua boa integração aos Princípios Passos Mágicos.,10.0,2.0,2022,,0,0
RA-365,2G,F,2022,Pública,Topázio,8.6587,,,,10.0,9.9,2.52,8.7,8.2,9.2,,,,8.953333333,10.0,0,,,,10.0,2.0,2023,8.958333333,0,0
RA-365,3H,F,2022,Pública,Topázio,8.526983333333334,,,,9.585,10.0,7.51,6.666666666666667,8.0,7.0,5.0,,,8.202,10.0,1,,,,11.0,3.0,2024,8.4375,,
RA-366,F,M,2022,Escola Pública,Ametista,7.181,437.0,67.0,9.0,9.5,9.4,7.5,5.5,6.0,5.0,,Não,Não,6.833,5.0,-1,Destaque: A sua boa entrega das lições de casa.,Melhorar: Empenhar-se mais nas aulas e avaliações.,Melhorar: Integrar-se mais aos Princípios Passos Mágicos.,12.0,2.0,2022,,,1
RA-367,F,F,2018,Escola Pública,Ágata,6.95,506.0,76.0,14.0,8.5,7.4,6.3,6.7,5.2,8.2,,Não,Não,7.5,5.0,-1,Melhorar: Melhorar a sua entrega de lições de casa.,Melhorar: Empenhar-se mais nas aulas e avaliações.,Destaque: A sua boa integração aos Princípios Passos Mágicos.,12.0,2.0,2022,,0,0
RA-367,3F,F,2018,Pública,Ametista,7.38685,,,,8.8,8.7,2.52,5.9,7.0,5.5,5.2,,,7.7925,10.0,0,,,,12.0,3.0,2023,7.8125,0,0
RA-367,4B,F,2021,Pública,Ametista,7.209434085200001,,,,9.168,7.268170426,6.26,5.0,2.0,5.5,7.5,,,7.6275,10.0,1,,,,13.0,4.0,2024,6.875,,
RA-368,F,M,2018,Rede Decisão,Ágata,6.969,497.0,74.0,12.0,8.0,7.9,5.0,7.3,5.5,9.0,,Não,Não,7.5,5.0,-1,Destaque: A sua boa entrega das lições de casa.,Melhorar: Empenhar-se mais nas aulas e avaliações.,Destaque: A sua boa integração aos Princípios Passos Mágicos.,13.0,2.0,2022,,0,0
RA-368,3F,M,2018,Pública,Quartzo,5.796458333,,,,0.0,7.7,2.52,6.7,5.0,7.2,7.8,,,7.34,5.0,-1,,,,14.0,3.0,2023,7.03125,0,0
RA-368,3G,M,2021,Pública,Agata,6.782158333333333,,,,7.917,6.166666666666667,7.51,7.0,4.5,7.0,9.5,,,6.7025,5.0,-1,,,,15.0,3.0,2024,7.65625,,
RA-369,F,M,2022,Escola Pública,Ágata,6.973,496.0,73.0,11.0,9.0,6.9,7.5,4.8,4.0,5.5,,Não,Não,6.889,10.0,0,Melhorar: Melhorar a sua entrega de lições de casa.,Melhorar: Empenhar-se mais nas aulas e avaliações.,Melhorar: Integrar-se mais aos Princípios Passos Mágicos.,11.0,2.0,2022,,1,0
RA-369,2F,M,2022,Pública,Agata,6.0197,,,,10.0,4.1,5.0,4.0,5.0,3.0,,,,7.726666667,5.0,-1,,,,12.0,2.0,2023,8.541666667,0,0
RA-369,3H,M,2022,Pública,Quartzo,5.667282265,,,,8.751,4.908119658333334,7.51,1.6666666666666667,0.0,0.0,5.0,,,5.428,10.0,0,,,,13.0,3.0,2024,6.40625,,
RA-37,A,F,2019,Rede Decisão,Quartzo,4.95,825.0,18.0,18.0,0.0,5.4,5.0,5.9,2.3,5.3,10.0,Não,Não,5.222,5.0,-1,Melhorar: Melhorar a sua entrega de lições de casa.,Melhorar: Empenhar-se mais nas aulas e avaliações.,Melhorar: Integrar-se mais aos Princípios Passos Mágicos.,17.0,6.0,2022,,,1
RA-370,F,F,2018,Rede Decisão,Ametista,7.066,465.0,71.0,10.0,8.5,8.2,5.0,7.2,5.2,9.2,,Não,Não,7.611,5.0,-1,Destaque: A sua boa entrega das lições de casa.,Melhorar: Empenhar-se mais nas aulas e avaliações.,Destaque: A sua boa integração aos Princípios Passos Mágicos.,12.0,2.0,2022,,,1
RA-371,F,F,2022,Escola Pública,Topázio,8.112,111.0,16.0,2.0,9.5,8.0,6.9,8.4,7.8,9.0,,Não,Não,7.667,10.0,0,Destaque: A sua boa entrega das lições de casa.,Destaque: As suas boas notas na Passos Mágicos.,Destaque: A sua boa integração aos Princípios Passos Mágicos.,10.0,2.0,2022,,,1
RA-372,F,M,2021,Escola Pública,Ametista,7.304,389.0,57.0,8.0,8.5,5.5,6.9,7.8,8.3,7.2,,Não,Não,7.389,10.0,0,Melhorar: Melhorar a sua entrega de lições de casa.,Destaque: As suas boas notas na Passos Mágicos.,Melhorar: Integrar-se mais aos Princípios Passos Mágicos.,10.0,2.0,2022,,,1
RA-373,F,M,2022,Escola Pública,Ametista,7.503,308.0,46.0,6.0,6.4,9.5,5.0,7.3,6.5,8.0,,Não,Não,6.944,10.0,0,Destaque: A sua boa entrega das lições de casa.,Melhorar: Empenhar-se mais nas aulas e avaliações.,Melhorar: Integrar-se mais aos Princípios Passos Mágicos.,11.0,2.0,2022,,1,0
RA-373,2G,M,2022,Pública,Agata,6.805,,,,0.0,9.7,2.52,8.4,7.7,9.0,,,,7.84,5.0,-1,,,,12.0,2.0,2023,8.75,,1
RA-374,F,F,2021,Escola Pública,Ametista,7.747,217.0,34.0,5.0,9.0,9.8,7.5,6.9,5.3,8.5,,Não,Não,7.944,5.0,-1,Destaque: A sua boa entrega das lições de casa.,Melhorar: Empenhar-se mais nas aulas e avaliações.,Destaque: A sua boa integração aos Princípios Passos Mágicos.,12.0,2.0,2022,,0,0
RA-374,3F,F,2021,Privada,Ametista,7.533891667,,,,8.8,8.3,5.63,5.4,6.3,6.3,3.7,,,7.9175,10.0,0,,,,13.0,3.0,2023,7.65625,,1
RA-375,F,M,2019,Escola Pública,Ametista,7.831,194.0,32.0,4.0,9.0,9.5,7.5,5.4,3.3,7.5,,Não,Não,7.667,10.0,0,Destaque: A sua boa entrega das lições de casa.,Melhorar: Empenhar-se mais nas aulas e avaliações.,Destaque: A sua boa integração aos Princípios Passos Mágicos.,11.0,2.0,2022,,1,0
RA-375,2F,M,2019,Pública,Ametista,7.070833333,,,,0.0,9.9,5.0,7.9,6.8,9.0,,,,8.283333333,5.0,-1,,,,12.0,2.0,2023,8.541666667,0,0
RA-375,3H,M,2021,Pública,Ametista,7.970034615400001,,,,9.585,9.443589743666667,7.51,6.833333333333333,9.0,5.5,6.0,,,6.432,10.0,0,,,,13.0,3.0,2024,7.1875,,
RA-376,F,F,2019,Escola Pública,Ágata,6.957,500.0,75.0,13.0,9.0,9.0,7.5,4.3,2.0,6.7,,Não,Não,7.5,5.0,-1,Destaque: A sua boa entrega das lições de casa.,Melhorar: Empenhar-se mais nas aulas e avaliações.,Destaque: A sua boa integração aos Princípios Passos Mágicos.,12.0,2.0,2022,,0,0
RA-376,2F,F,2019,Pública,Ametista,7.1392,,,,8.5,9.6,2.52,5.9,4.3,7.5,,,,8.226666667,5.0,-1,,,,13.0,2.0,2023,7.916666667,0,0
RA-376,3G,F,2021,Pública,Quartzo,5.896573588800001,,,,10.002,8.287284610666667,2.51,2.8333333333333335,2.0,5.0,1.5,,,6.325,5.0,-1,,,,14.0,3.0,2024,6.5625,,
RA-377,F,F,2021,Escola Pública,Ágata,6.743,571.0,92.0,15.0,9.0,7.7,5.6,6.2,4.3,8.0,,Não,Não,6.833,5.0,-1,Destaque: A sua boa entrega das lições de casa.,Melhorar: Empenhar-se mais nas aulas e avaliações.,Melhorar: Integrar-se mais aos Princípios Passos Mágicos.,12.0,2.0,2022,,0,0
RA-377,3F,F,2021,Pública,Ametista,7.205041667,,,,9.6,7.6,5.0,4.8,6.0,5.7,2.8,,,7.6275,10.0,0,,,,13.0,3.0,2023,7.34375,0,0
RA-377,4F,F,2021,Pública,Ametista,7.480115873000001,,,,9.168,7.698412698333333,7.51,5.166666666666667,4.0,6.5,5.0,,,7.634,10.0,0,,,,14.0,4.0,2024,7.125,,
RA-378,I,M,2021,Escola Pública,Ametista,7.203,428.0,62.0,3.0,9.0,6.8,5.6,8.1,8.7,7.5,,Sim,Não,7.889,5.0,-1,Melhorar: Melhorar a sua entrega de lições de casa.,Destaque: As suas boas notas na Passos Mágicos.,Destaque: A sua boa integração aos Princípios Passos Mágicos.,12.0,2.0,2022,,,1
RA-379,I,F,2022,Escola Pública,Ágata,6.722,581.0,95.0,7.0,8.5,8.1,7.5,5.0,5.0,5.0,,Não,Não,6.778,5.0,-1,Destaque: A sua boa entrega das lições de casa.,Melhorar: Empenhar-se mais nas aulas e avaliações.,Melhorar: Integrar-se mais aos Princípios Passos Mágicos.,13.0,2.0,2022,,,1
RA-38,A,F,2017,Rede Decisão,Topázio,8.523,31.0,4.0,4.0,9.2,8.9,7.5,8.6,9.0,7.0,9.7,Não,Sim,9.833,5.0,-1,Destaque: A sua boa entrega das lições de casa.,Destaque: As suas boas notas na Passos Mágicos.,Destaque: A sua boa integração aos Princípios Passos Mágicos.,17.0,6.0,2022,,0,0
RA-38,7A,F,2017,Privada - Programa de Apadrinhamento,Topázio,8.835333333,,,,9.6,9.7,7.52,7.7,8.2,8.8,6.0,,,8.8825,10.0,0,,,,17.0,7.0,2023,8.75,0,0
RA-38,8F,F,2021,Privada - Programa de Apadrinhamento,,,,,,,0.0,,,,,,,,,10.0,0,,,,18.0,8.0,2024,,,
RA-380,I,M,2017,Escola Pública,Quartzo,4.556,842.0,154.0,13.0,7.9,4.4,5.0,2.5,2.3,2.7,,Não,Não,4.833,5.0,-1,Melhorar: Melhorar a sua entrega de lições de casa.,Melhorar: Empenhar-se mais nas aulas e avaliações.,Melhorar: Integrar-se mais aos Princípios Passos Mágicos.,13.0,2.0,2022,,0,0
RA-380,3F,M,2017,Pública,Quartzo,4.912375,,,,0.0,6.4,2.52,4.5,7.0,4.0,2.5,,,6.5425,5.0,-1,,,,14.0,3.0,2023,6.71875,,1
RA-381,I,M,2018,Escola Pública,Ágata,6.454,649.0,114.0,9.0,9.0,8.3,6.9,3.3,1.5,5.2,,Não,Não,6.944,5.0,-1,Destaque: A sua boa entrega das lições de casa.,Melhorar: Empenhar-se mais nas aulas e avaliações.,Melhorar: Integrar-se mais aos Princípios Passos Mágicos.,13.0,2.0,2022,,0,0
RA-381,3G,M,2018,Pública,Quartzo,5.758041667,,,,0.0,8.4,6.89,3.9,5.3,5.3,1.2,,,6.84,5.0,-1,,,,14.0,3.0,2023,7.34375,1,0
RA-381,3G,M,2021,Pública,Quartzo,5.940775,,,,8.334,6.133333333333333,7.51,3.6666666666666665,2.5,4.5,4.0,,,6.1225,5.0,-2,,,,15.0,3.0,2024,6.71875,,
RA-382,I,M,2017,Escola Pública,Ágata,6.777,561.0,88.0,5.0,9.0,7.7,6.3,5.4,4.0,6.8,,Não,Não,7.333,5.0,-2,Destaque: A sua boa entrega das lições de casa.,Melhorar: Empenhar-se mais nas aulas e avaliações.,Melhorar: Integrar-se mais aos Princípios Passos Mágicos.,14.0,2.0,2022,,0,0
RA-382,3G,M,2017,Pública,Agata,6.223833333,,,,0.0,9.4,6.26,5.2,5.0,5.8,4.7,,,7.1725,5.0,-2,,,,15.0,3.0,2023,7.5,0,0
RA-382,4F,M,2021,Pública,Quartzo,5.805712280733333,,,,9.168,6.324561403666666,5.63,3.0,2.0,3.0,4.0,,,6.43,5.0,-1,,,,16.0,4.0,2024,6.75,,
RA-383,I,M,2019,Escola Pública,Topázio,8.4,47.0,5.0,1.0,9.0,9.6,7.5,8.1,8.0,8.2,,Não,Não,7.778,10.0,0,Destaque: A sua boa entrega das lições de casa.,Destaque: As suas boas notas na Passos Mágicos.,Destaque: A sua boa integração aos Princípios Passos Mágicos.,11.0,2.0,2022,,0,0
RA-383,3G,M,2019,Pública,Ametista,7.5408,,,,9.2,8.8,3.14,6.5,6.3,6.2,7.0,,,7.5,10.0,0,,,,12.0,3.0,2023,7.5,0,0
RA-383,4F,M,2021,Pública,Topázio,8.036024386733335,,,,9.168,8.600288600333334,7.51,5.833333333333333,1.0,8.0,8.5,,,8.47,10.0,1,,,,13.0,4.0,2024,7.875,,
RA-384,I,F,2017,Escola Pública,Ametista,7.558,291.0,44.0,2.0,9.0,8.4,6.3,8.1,8.0,8.2,,Não,Não,8.0,5.0,-1,Destaque: A sua boa entrega das lições de casa.,Destaque: As suas boas notas na Passos Mágicos.,Destaque: A sua boa integração aos Princípios Passos Mágicos.,12.0,2.0,2022,,0,0
RA-384,3G,F,2017,Pública,Agata,6.757958333,,,,0.0,9.1,2.52,7.3,6.3,7.2,8.3,,,7.335,10.0,0,,,,13.0,3.0,2023,7.65625,0,0
RA-384,4F,F,2021,Pública,Topázio,8.072200721466668,,,,7.5,8.607503607333333,7.51,7.5,5.0,9.5,8.0,,,7.936,10.0,0,,,,14.0,4.0,2024,7.625,,
RA-385,I,F,2022,Escola Pública,Ágata,6.083,712.0,131.0,12.0,7.4,7.5,5.0,4.9,2.7,7.2,,Não,Não,6.5,5.0,-1,Melhorar: Melhorar a sua entrega de lições de casa.,Melhorar: Empenhar-se mais nas aulas e avaliações.,Melhorar: Integrar-se mais aos Princípios Passos Mágicos.,12.0,2.0,2022,,,1
RA-386,I,M,2019,Escola Pública,Ágata,6.104,707.0,130.0,11.0,10.0,5.9,5.6,4.0,3.7,4.3,,Não,Não,7.222,5.0,-1,Melhorar: Melhorar a sua entrega de lições de casa.,Melhorar: Empenhar-se mais nas aulas e avaliações.,Melhorar: Integrar-se mais aos Princípios Passos Mágicos.,13.0,2.0,2022,,0,0
RA-386,3G,M,2019,Pública,Quartzo,5.758425,,,,9.2,7.0,2.52,3.3,5.0,3.7,1.2,,,6.6325,5.0,-1,,,,14.0,3.0,2023,7.03125,,1
RA-387,I,M,2019,Escola Pública,Ágata,6.323,680.0,124.0,10.0,7.0,8.2,7.5,3.7,1.3,6.0,,Não,Não,6.833,5.0,-1,Destaque: A sua boa entrega das lições de casa.,Melhorar: Empenhar-se mais nas aulas e avaliações.,Melhorar: Integrar-se mais aos Princípios Passos Mágicos.,13.0,2.0,2022,,0,0
RA-387,3F,M,2019,Pública,Quartzo,4.794333333,,,,0.0,6.8,2.52,3.0,4.3,2.8,1.8,,,7.0075,5.0,-1,,,,14.0,3.0,2023,6.875,0,0
RA-387,3G,M,2021,Pública,Agata,6.125500000000001,,,,7.5,7.166666666666667,7.51,4.333333333333333,5.0,4.0,4.0,,,5.9975,5.0,-1,,,,15.0,3.0,2024,6.25,,
RA-388,I,F,2019,Escola Pública,Ágata,6.654,605.0,101.0,8.0,7.9,8.5,5.6,4.5,3.5,5.5,,Não,Não,7.722,5.0,-2,Destaque: A sua boa entrega das lições de casa.,Melhorar: Empenhar-se mais nas aulas e avaliações.,Destaque: A sua boa integração aos Princípios Passos Mágicos.,14.0,2.0,2022,,0,0
RA-388,3F,F,2019,Pública,Quartzo,5.630833333,,,,0.0,7.4,5.63,4.2,6.0,4.3,2.2,,,7.835,5.0,-2,,,,15.0,3.0,2023,6.875,0,0
RA-388,4F,F,2021,Pública,Quartzo,5.965307936466667,,,,7.5,6.349206349,7.51,4.333333333333333,1.0,7.0,5.0,,,5.764,5.0,-1,,,,16.0,4.0,2024,6.75,,
RA-389,I,M,2019,Escola Pública,Ametista,7.184,435.0,66.0,4.0,8.0,8.9,7.5,3.5,2.0,5.0,,Não,Não,7.556,10.0,0,Destaque: A sua boa entrega das lições de casa.,Melhorar: Empenhar-se mais nas aulas e avaliações.,Destaque: A sua boa integração aos Princípios Passos Mágicos.,11.0,2.0,2022,,1,0
RA-389,2H,M,2019,Pública,Agata,6.687,,,,0.0,8.2,2.52,8.2,6.8,9.5,,,,8.95,5.0,-1,,,,12.0,2.0,2023,8.75,0,0
RA-389,3G,M,2021,Pública,Ametista,7.2079551282,,,,9.585,6.674358974333333,8.76,5.166666666666667,6.5,4.0,5.0,,,6.745,10.0,0,,,,13.0,3.0,2024,6.5625,,
RA-39,A,F,2017,Rede Decisão,Ágata,6.033,722.0,15.0,15.0,0.0,4.8,6.9,6.9,7.7,5.1,7.8,Não,Não,6.111,10.0,0,Melhorar: Melhorar a sua entrega de lições de casa.,Melhorar: Empenhar-se mais nas aulas e avaliações.,Melhorar: Integrar-se mais aos Princípios Passos Mágicos.,16.0,6.0,2022,,0,0
RA-39,7A,F,2017,Privada - Programa de Apadrinhamento,Topázio,8.710333333,,,,9.6,9.1,7.52,7.8,8.3,7.8,7.2,,,8.7575,10.0,0,,,,17.0,7.0,2023,8.75,0,0
RA-39,8F,F,2021,Privada *Parcerias com Bolsa 100%,,,,,,,0.0,,,,,,,,,10.0,0,,,,18.0,8.0,2024,,,
RA-390,I,F,2022,Escola Pública,Ágata,6.776,563.0,89.0,6.0,7.4,8.8,6.3,4.7,4.0,5.3,,Não,Não,7.722,5.0,-1,Destaque: A sua boa entrega das lições de casa.,Melhorar: Empenhar-se mais nas aulas e avaliações.,Destaque: A sua boa integração aos Princípios Passos Mágicos.,12.0,2.0,2022,,0,0
RA-390,3G,F,2022,Pública,Agata,6.905741667,,,,7.9,8.8,2.52,4.8,5.7,5.8,3.0,,,7.005,10.0,0,,,,12.0,3.0,2023,7.34375,0,0
RA-390,3G,F,2022,Pública,Agata,6.5472236842000004,,,,7.5,6.080701754333333,8.755,4.166666666666667,3.0,2.5,7.0,,,6.08,10.0,0,,,,13.0,3.0,2024,6.5625,,
RA-391,J,F,2022,Escola Pública,Ametista,7.117,451.0,69.0,3.0,10.0,8.1,7.5,5.1,5.0,5.2,,Não,Não,8.056,5.0,-1,Destaque: A sua boa entrega das lições de casa.,Melhorar: Empenhar-se mais nas aulas e avaliações.,Destaque: A sua boa integração aos Princípios Passos Mágicos.,12.0,2.0,2022,,0,0
RA-391,3I,F,2022,Pública,Agata,6.5107,,,,7.9,7.5,2.52,3.5,4.2,5.0,1.3,,,7.585,10.0,0,,,,13.0,3.0,2023,7.5,,1
RA-392,J,M,2022,Escola Pública,Ágata,6.418,657.0,118.0,5.0,9.5,8.8,5.6,4.8,3.7,5.8,,Não,Não,6.778,5.0,-2,Destaque: A sua boa entrega das lições de casa.,Melhorar: Empenhar-se mais nas aulas e avaliações.,Melhorar: Integrar-se mais aos Princípios Passos Mágicos.,14.0,2.0,2022,,0,0
RA-392,3I,M,2022,Pública,Agata,6.567208333,,,,9.6,9.5,2.52,4.6,6.2,4.7,2.8,,,7.17,5.0,-2,,,,15.0,3.0,2023,6.09375,0,0
RA-392,4B,M,2022,Pública,Quartzo,4.3639463364,,,,9.585,5.414731682,5.635,1.0,0.0,2.0,1.0,,,3.545,5.0,-1,,,,16.0,4.0,2024,3.5,,
RA-393,J,F,2018,Escola Pública,Quartzo,5.518,790.0,148.0,7.0,10.0,5.4,5.0,4.6,4.7,4.5,,Não,Não,6.778,2.5,-4,Melhorar: Melhorar a sua entrega de lições de casa.,Melhorar: Empenhar-se mais nas aulas e avaliações.,Melhorar: Integrar-se mais aos Princípios Passos Mágicos.,16.0,2.0,2022,,,1
RA-394,J,F,2022,Escola Pública,Ametista,7.897,171.0,26.0,1.0,9.5,8.6,7.5,5.9,4.3,7.5,,Não,Sim,8.444,10.0,0,Destaque: A sua boa entrega das lições de casa.,Melhorar: Empenhar-se mais nas aulas e avaliações.,Destaque: A sua boa integração aos Princípios Passos Mágicos.,11.0,2.0,2022,,,1
RA-395,J,F,2018,Escola Pública,Ametista,7.683,239.0,39.0,2.0,9.0,8.9,7.5,4.9,4.2,5.7,,Não,Não,8.333,10.0,0,Destaque: A sua boa entrega das lições de casa.,Melhorar: Empenhar-se mais nas aulas e avaliações.,Destaque: A sua boa integração aos Princípios Passos Mágicos.,11.0,2.0,2022,,0,0
RA-395,3I,F,2018,Pública,Ametista,7.469175,,,,9.2,8.6,2.52,6.0,6.7,5.3,6.0,,,7.9175,10.0,0,,,,12.0,3.0,2023,7.96875,0,0
RA-395,4F,F,2021,Pública,Ametista,7.169905291000001,,,,8.751,6.921693121666666,6.26,4.333333333333333,2.5,5.5,5.0,,,8.464,10.0,1,,,,13.0,4.0,2024,7.25,,
RA-396,J,M,2022,Escola Pública,Ágata,6.556,637.0,111.0,4.0,9.0,8.0,6.3,5.6,4.7,6.5,,Não,Não,6.556,5.0,-1,Destaque: A sua boa entrega das lições de casa.,Melhorar: Empenhar-se mais nas aulas e avaliações.,Melhorar: Integrar-se mais aos Princípios Passos Mágicos.,12.0,2.0,2022,,,1
RA-397,J,F,2017,Escola Pública,Quartzo,5.852,744.0,137.0,6.0,9.0,5.7,6.9,2.8,3.3,2.3,,Não,Não,7.167,5.0,-2,Melhorar: Melhorar a sua entrega de lições de casa.,Melhorar: Empenhar-se mais nas aulas e avaliações.,Melhorar: Integrar-se mais aos Princípios Passos Mágicos.,14.0,2.0,2022,,0,0
RA-397,4G,F,2017,Pública,Agata,6.207083333,,,,7.5,7.9,2.52,4.6,6.7,5.0,2.0,,,7.465,5.0,-1,,,,15.0,4.0,2023,7.1875,1,0
RA-397,4A,F,2021,Pública,Agata,6.807291921866668,,,,7.918,7.885292942666666,5.63,5.666666666666667,5.0,4.5,7.5,,,7.398,5.0,-2,,,,16.0,4.0,2024,7.625,,
RA-398,K,F,2022,Escola Pública,Ametista,7.742,221.0,35.0,2.0,9.0,9.3,7.5,5.5,3.0,8.0,,Não,Não,7.5,10.0,0,Destaque: A sua boa entrega das lições de casa.,Melhorar: Empenhar-se mais nas aulas e avaliações.,Destaque: A sua boa integração aos Princípios Passos Mágicos.,10.0,2.0,2022,,0,0
RA-398,3N,F,2022,Pública,Ametista,7.153766667,,,,6.7,8.1,2.52,6.5,9.3,5.8,4.5,,,7.7925,10.0,1,,,,11.0,3.0,2023,7.5,1,0
RA-398,3U,F,2022,Pública,Ametista,7.2457999999666685,,,,7.083,5.733333333333333,7.51,8.0,8.5,7.5,8.0,,,6.553333333,10.0,0,,,,12.0,3.0,2024,7.291666667,,
RA-399,K,F,2022,Escola Pública,Ágata,6.58,633.0,110.0,9.0,6.8,9.3,5.6,4.3,3.0,5.5,,Não,Não,7.5,5.0,-1,Destaque: A sua boa entrega das lições de casa.,Melhorar: Empenhar-se mais nas aulas e avaliações.,Destaque: A sua boa integração aos Princípios Passos Mágicos.,12.0,2.0,2022,,0,0
RA-399,3N,F,2022,Pública,Ametista,7.000033333,,,,7.9,8.2,2.52,4.7,5.0,4.2,4.8,,,8.165,10.0,0,,,,13.0,3.0,2023,7.5,,1
RA-4,A,M,2017,Rede Decisão,Quartzo,5.951,731.0,15.0,7.0,8.8,4.5,5.6,5.0,2.8,3.5,8.7,Não,Não,5.278,10.0,0,Melhorar: Melhorar a sua entrega de lições de casa.,Melhorar: Empenhar-se mais nas aulas e avaliações.,Melhorar: Integrar-se mais aos Princípios Passos Mágicos.,17.0,7.0,2022,,,1
RA-40,A,F,2016,Rede Decisão,Ametista,7.203,429.0,27.0,3.0,7.9,7.8,7.5,6.8,4.7,7.3,8.4,Não,Não,7.75,5.0,-1,Destaque: A sua boa entrega das lições de casa.,Melhorar: Empenhar-se mais nas aulas e avaliações.,Destaque: A sua boa integração aos Princípios Passos Mágicos.,16.0,5.0,2022,,0,0
RA-40,6A,F,2016,Privada - Programa de Apadrinhamento,Ametista,7.169975,,,,7.5,8.2,7.52,5.9,6.2,5.7,5.8,,,7.755,5.0,-1,,,,17.0,6.0,2023,7.96875,0,0
RA-40,7A,F,2021,Privada - Programa de Apadrinhamento,Ametista,7.098051462066667,,,,7.083,7.211257310000001,8.13,5.333333333333333,3.5,6.0,6.5,,,6.276666667,10.0,0,,,,18.0,7.0,2024,8.125,,
RA-400,K,M,2018,Escola Pública,Ágata,6.042,720.0,132.0,10.0,9.0,8.5,5.0,1.7,1.2,2.2,,Não,Não,7.444,5.0,-2,Destaque: A sua boa entrega das lições de casa.,Melhorar: Empenhar-se mais nas aulas e avaliações.,Melhorar: Integrar-se mais aos Princípios Passos Mágicos.,14.0,2.0,2022,,0,0
RA-400,3L,M,2018,Pública,Agata,6.529425,,,,9.2,9.0,2.52,4.1,4.8,4.7,2.8,,,7.375,5.0,-1,,,,14.0,3.0,2023,7.65625,,1
RA-401,K,F,2021,Escola Pública,Ágata,6.645,609.0,103.0,8.0,6.9,9.6,7.5,4.3,3.7,5.0,,Não,Não,6.722,5.0,-1,Destaque: A sua boa entrega das lições de casa.,Melhorar: Empenhar-se mais nas aulas e avaliações.,Melhorar: Integrar-se mais aos Princípios Passos Mágicos.,12.0,2.0,2022,,0,0
RA-401,2K,F,2021,Pública,Agata,6.363666667,,,,4.0,8.1,2.52,7.3,6.3,8.3,,,,7.116666667,5.0,-1,,,,12.0,2.0,2023,7.083333333,0,0
RA-401,3L,F,2021,Pública,Agata,6.728911403533334,,,,6.666,6.839473684333334,6.885,4.833333333333333,7.0,5.0,2.5,,,6.915,10.0,0,,,,14.0,3.0,2024,6.5625,,
RA-402,K,F,2019,Escola Pública,Quartzo,5.261,806.0,152.0,13.0,9.0,3.7,5.0,3.0,4.3,1.7,,Não,Não,7.222,5.0,-1,Melhorar: Melhorar a sua entrega de lições de casa.,Melhorar: Empenhar-se mais nas aulas e avaliações.,Melhorar: Integrar-se mais aos Princípios Passos Mágicos.,12.0,2.0,2022,,0,0
RA-402,3N,F,2019,Pública,Agata,6.632716667,,,,9.2,7.3,2.52,4.2,4.7,4.0,4.0,,,6.88,10.0,0,,,,13.0,3.0,2023,7.8125,0,0
RA-402,4M,F,2021,Pública,Quartzo,5.683064814833333,,,,7.5,3.074074074,6.26,4.166666666666667,3.0,3.5,6.0,,,6.1175,10.0,0,,,,14.0,4.0,2024,6.354166667,,
RA-403,K,M,2020,Escola Pública,Ametista,7.455,334.0,50.0,4.0,9.5,9.3,7.5,6.3,6.5,6.2,,Não,Não,7.5,5.0,-1,Destaque: A sua boa entrega das lições de casa.,Melhorar: Empenhar-se mais nas aulas e avaliações.,Destaque: A sua boa integração aos Princípios Passos Mágicos.,12.0,2.0,2022,,0,0
RA-403,2U,M,2020,Pública,Ametista,7.716366667,,,,8.5,8.8,6.27,7.8,6.8,8.8,,,,8.45,5.0,-1,,,,13.0,2.0,2023,7.291666667,0,0
RA-403,3K,M,2021,Pública,Topázio,8.008488888833334,,,,8.751,7.361111111,7.51,7.666666666666667,6.0,8.0,9.0,,,7.613333333,10.0,0,,,,14.0,3.0,2024,8.541666667,,
RA-404,K,F,2020,Escola Pública,Ágata,6.658,602.0,100.0,7.0,9.0,7.3,7.5,5.3,4.0,6.5,,Não,Não,6.944,5.0,-1,Melhorar: Melhorar a sua entrega de lições de casa.,Melhorar: Empenhar-se mais nas aulas e avaliações.,Melhorar: Integrar-se mais aos Princípios Passos Mágicos.,12.0,2.0,2022,,0,0
RA-404,2L,F,2020,Pública,Agata,6.7093,,,,7.9,8.3,5.02,6.0,4.7,7.2,,,,6.89,5.0,-1,,,,13.0,2.0,2023,6.875,0,0
RA-404,3M,F,2021,Pública,Agata,6.624588235266668,,,,8.334,6.286274509666666,2.51,5.666666666666667,6.0,5.0,6.0,,,6.998,10.0,0,,,,14.0,3.0,2024,7.5,,
RA-405,K,M,2016,Escola Pública,Quartzo,5.661,769.0,142.0,12.0,9.5,6.2,5.0,3.3,2.7,3.8,,Não,Não,6.0,5.0,-1,Melhorar: Melhorar a sua entrega de lições de casa.,Melhorar: Empenhar-se mais nas aulas e avaliações.,Melhorar: Integrar-se mais aos Princípios Passos Mágicos.,13.0,2.0,2022,,,1
RA-406,K,F,2019,Escola Pública,Ametista,7.496,314.0,47.0,3.0,9.5,9.5,7.5,6.6,5.4,7.8,,Não,Não,7.333,5.0,-1,Destaque: A sua boa entrega das lições de casa.,Melhorar: Empenhar-se mais nas aulas e avaliações.,Melhorar: Integrar-se mais aos Princípios Passos Mágicos.,13.0,2.0,2022,,,1
RA-407,K,M,2022,Escola Pública,Ametista,7.195,431.0,64.0,5.0,8.5,9.3,7.5,6.0,4.0,8.0,,Não,Não,7.056,5.0,-1,Destaque: A sua boa entrega das lições de casa.,Melhorar: Empenhar-se mais nas aulas e avaliações.,Melhorar: Integrar-se mais aos Princípios Passos Mágicos.,13.0,2.0,2022,,0,0
RA-407,3L,M,2022,Pública,Ametista,7.665083333,,,,9.6,8.6,7.52,7.3,7.3,7.2,7.3,,,7.5,5.0,-1,,,,14.0,3.0,2023,7.8125,0,0
RA-407,4L,M,2022,Pública,Ametista,7.0875128168,,,,8.334,7.614522417333333,6.26,3.6666666666666665,2.0,5.0,4.0,,,7.875,10.0,0,,,,15.0,4.0,2024,7.96875,,
RA-408,K,F,2022,Escola Pública,Ágata,6.725,578.0,94.0,6.0,8.0,9.7,7.5,3.3,1.0,5.5,,Não,Não,7.333,5.0,-1,Destaque: A sua boa entrega das lições de casa.,Melhorar: Empenhar-se mais nas aulas e avaliações.,Melhorar: Integrar-se mais aos Princípios Passos Mágicos.,12.0,2.0,2022,,0,0
RA-408,2L,F,2022,Pública,Ametista,7.242133333,,,,7.9,8.5,3.77,6.8,6.0,7.5,,,,8.45,5.0,-1,,,,13.0,2.0,2023,8.333333333,0,0
RA-408,3K,F,2022,Pública,Agata,6.5276296297,,,,7.5,4.981481481666667,7.51,4.833333333333333,3.0,5.5,6.0,,,6.776666667,10.0,0,,,,14.0,3.0,2024,7.083333333,,
RA-409,K,F,2022,Escola Pública,Topázio,8.15,99.0,13.0,1.0,7.9,9.7,7.5,7.8,6.0,9.5,,Não,Não,7.5,10.0,0,Destaque: A sua boa entrega das lições de casa.,Destaque: As suas boas notas na Passos Mágicos.,Destaque: A sua boa integração aos Princípios Passos Mágicos.,11.0,2.0,2022,,1,0
RA-409,2K,F,2022,Pública,Ametista,7.621466667,,,,8.4,9.5,2.52,8.0,6.2,9.7,,,,8.73,5.0,-1,,,,12.0,2.0,2023,7.916666667,0,0
RA-409,3K,F,2022,Pública,Topázio,8.225462962900002,,,,9.585,9.231481481333333,7.51,7.166666666666667,7.0,7.5,7.0,,,7.223333333,10.0,0,,,,13.0,3.0,2024,7.916666667,,
RA-41,A,M,2018,Escola Pública,Quartzo,5.581,777.0,51.0,9.0,9.2,6.1,5.0,5.6,6.3,2.5,8.0,Não,Não,4.375,5.0,-2,Melhorar: Melhorar a sua entrega de lições de casa.,Melhorar: Empenhar-se mais nas aulas e avaliações.,Melhorar: Integrar-se mais aos Princípios Passos Mágicos.,17.0,5.0,2022,,,1
RA-410,K,M,2018,Escola Pública,Quartzo,5.675,763.0,141.0,11.0,7.4,6.5,6.3,2.0,2.0,2.0,,Não,Não,7.444,5.0,-2,Melhorar: Melhorar a sua entrega de lições de casa.,Melhorar: Empenhar-se mais nas aulas e avaliações.,Melhorar: Integrar-se mais aos Princípios Passos Mágicos.,14.0,2.0,2022,,0,0
RA-410,3K,M,2018,Pública,Agata,6.140808333,,,,8.8,5.8,7.52,4.9,5.0,4.8,4.8,,,6.0425,5.0,-1,,,,14.0,3.0,2023,6.71875,,1
RA-411,L,F,2019,Escola Pública,Ametista,7.232,415.0,61.0,12.0,6.4,8.6,7.5,7.1,6.7,7.5,,Não,Não,7.833,5.0,-1,Destaque: A sua boa entrega das lições de casa.,Melhorar: Empenhar-se mais nas aulas e avaliações.,Destaque: A sua boa integração aos Princípios Passos Mágicos.,12.0,2.0,2022,,0,0
RA-411,3L,F,2019,Privada,Ametista,7.779983333,,,,6.2,9.0,7.52,6.6,5.7,6.7,7.3,,,7.5425,10.0,0,,,,13.0,3.0,2023,7.8125,0,0
RA-411,4M,F,2021,Privada,Ametista,7.279762962966667,,,,7.083,9.148148147999999,5.635,4.833333333333333,3.5,7.0,4.0,,,7.4125,10.0,0,,,,14.0,4.0,2024,7.291666667,,
RA-412,L,F,2018,Escola Pública,Ametista,7.556,292.0,45.0,8.0,8.5,9.0,7.5,7.3,6.5,8.2,,Não,Não,7.778,5.0,-1,Destaque: A sua boa entrega das lições de casa.,Melhorar: Empenhar-se mais nas aulas e avaliações.,Destaque: A sua boa integração aos Princípios Passos Mágicos.,12.0,2.0,2022,,0,0
RA-412,3L,F,2018,Pública,Ametista,7.373891667,,,,8.8,8.9,2.52,6.2,5.8,5.2,7.7,,,7.585,10.0,0,,,,13.0,3.0,2023,7.03125,0,0
RA-412,4M,F,2021,Pública,Topázio,8.044378070166667,,,,8.334,8.456140351,6.26,7.333333333333333,8.0,6.0,8.0,,,8.125,10.0,0,,,,14.0,4.0,2024,8.020833333,,
RA-413,L,F,2022,Escola Pública,Ágata,6.408,660.0,120.0,15.0,6.4,8.7,5.6,4.7,4.2,5.2,,Não,Não,7.056,5.0,-1,Destaque: A sua boa entrega das lições de casa.,Melhorar: Empenhar-se mais nas aulas e avaliações.,Melhorar: Integrar-se mais aos Princípios Passos Mágicos.,12.0,2.0,2022,,0,0
RA-413,2K,F,2022,Pública,Agata,6.803633333,,,,7.9,8.9,2.52,6.3,5.8,6.7,,,,7.503333333,5.0,-1,,,,13.0,2.0,2023,7.291666667,,1
RA-414,L,F,2021,Escola Pública,Ametista,7.284,399.0,58.0,11.0,8.0,9.3,7.5,5.9,5.7,6.2,,Não,Não,7.667,5.0,-1,Destaque: A sua boa entrega das lições de casa.,Melhorar: Empenhar-se mais nas aulas e avaliações.,Destaque: A sua boa integração aos Princípios Passos Mágicos.,12.0,2.0,2022,,0,0
RA-414,3L,F,2021,Pública,Ametista,7.25025,,,,0.0,9.5,7.52,6.5,6.0,7.0,6.5,,,7.585,10.0,0,,,,13.0,3.0,2023,7.8125,0,0
RA-414,3L,F,2021,Pública,Ametista,7.187625925933334,,,,7.917,8.429629629666666,7.51,6.0,9.0,3.0,6.0,,,5.67,10.0,0,,,,14.0,3.0,2024,6.25,,
RA-415,L,F,2019,Escola Pública,Ametista,7.695,235.0,37.0,7.0,8.0,8.3,7.5,6.2,4.8,7.5,,Não,Não,8.056,10.0,0,Destaque: A sua boa entrega das lições de casa.,Melhorar: Empenhar-se mais nas aulas e avaliações.,Destaque: A sua boa integração aos Princípios Passos Mágicos.,11.0,2.0,2022,,0,0
RA-415,3L,F,2019,Pública,Ametista,7.18805,,,,7.1,8.2,7.52,3.7,2.8,4.0,4.3,,,7.8325,10.0,0,,,,12.0,3.0,2023,7.8125,,1
RA-416,L,M,2018,Rede Decisão,Ametista,7.913,164.0,23.0,6.0,9.5,9.3,8.8,7.2,6.7,7.7,,Não,Não,8.222,5.0,-1,Destaque: A sua boa entrega das lições de casa.,Melhorar: Empenhar-se mais nas aulas e avaliações.,Destaque: A sua boa integração aos Princípios Passos Mágicos.,12.0,2.0,2022,,0,0
RA-416,3L,M,2018,Privada - Programa de Apadrinhamento,Topázio,8.144425,,,,9.2,9.8,2.52,7.6,7.0,7.0,8.8,,,8.3375,10.0,0,,,,13.0,3.0,2023,8.28125,0,0
RA-416,4M,M,2021,Privada - Programa de Apadrinhamento,Topázio,8.700808577033333,,,,8.751,8.972709551666666,7.51,8.0,8.0,7.5,8.5,,,9.13,10.0,1,,,,14.0,4.0,2024,8.541666667,,
RA-417,L,F,2022,Escola Pública,Topázio,8.428,43.0,4.0,2.0,10.0,10.0,7.5,8.0,6.0,10.0,,Não,Sim,9.556,5.0,-1,Destaque: A sua boa entrega das lições de casa.,Destaque: As suas boas notas na Passos Mágicos.,Destaque: A sua boa integração aos Princípios Passos Mágicos.,13.0,2.0,2022,,0,0
RA-417,3L,F,2022,Pública,Topázio,8.257658333,,,,5.4,9.7,7.52,7.8,6.7,8.3,8.3,,,8.2125,10.0,0,,,,13.0,3.0,2023,8.28125,0,0
RA-417,4L,F,2022,Pública,Topázio,8.533628557533333,,,,8.334,8.401559454333333,7.51,8.833333333333334,9.0,10.0,7.5,,,8.2925,10.0,0,,,,14.0,4.0,2024,8.4375,,
RA-418,L,F,2020,Rede Decisão,Topázio,8.175,93.0,12.0,3.0,8.0,9.4,7.5,7.5,6.5,8.5,,Não,Não,8.222,10.0,0,Destaque: A sua boa entrega das lições de casa.,Destaque: As suas boas notas na Passos Mágicos.,Destaque: A sua boa integração aos Princípios Passos Mágicos.,10.0,2.0,2022,,0,0
RA-418,3L,F,2020,Privada - Programa de Apadrinhamento,Topázio,8.1686,,,,8.8,10.0,2.52,8.1,6.7,8.3,9.3,,,8.045,10.0,1,,,,11.0,3.0,2023,8.125,0,0
RA-418,4M,F,2021,Privada - Programa de Apadrinhamento,Topázio,9.125183333366667,,,,8.751,10.0,7.51,9.333333333333334,9.5,8.5,10.0,,,9.0475,10.0,1,,,,12.0,4.0,2024,8.229166667,,
RA-419,L,F,2019,Rede Decisão,Ametista,7.359,375.0,55.0,10.0,7.5,9.2,5.6,6.9,5.3,8.5,,Não,Sim,8.389,5.0,-1,Destaque: A sua boa entrega das lições de casa.,Melhorar: Empenhar-se mais nas aulas e avaliações.,Destaque: A sua boa integração aos Princípios Passos Mágicos.,12.0,2.0,2022,,0,0
RA-419,3L,F,2019,Privada - Programa de Apadrinhamento,Ametista,7.7261,,,,6.7,9.5,2.52,7.6,7.0,7.3,8.5,,,7.875,10.0,0,,,,13.0,3.0,2023,8.125,0,0
RA-419,4M,F,2021,Privada - Programa de Apadrinhamento,Topázio,8.355707894766669,,,,7.083,9.382456140666667,6.26,8.166666666666666,6.5,8.0,10.0,,,8.5475,10.0,1,,,,14.0,4.0,2024,8.020833333,,
RA-42,A,M,2019,Rede Decisão,Ágata,6.72,582.0,33.0,5.0,8.3,7.9,5.6,4.8,3.7,4.5,6.2,Não,Não,6.083,10.0,0,Destaque: A sua boa entrega das lições de casa.,Melhorar: Empenhar-se mais nas aulas e avaliações.,Melhorar: Integrar-se mais aos Princípios Passos Mágicos.,15.0,5.0,2022,,1,0
RA-42,5A,M,2019,Privada - Programa de Apadrinhamento,Agata,6.794516667,,,,8.8,8.6,5.63,5.7,6.3,4.2,6.7,,,6.6675,5.0,-1,,,,16.0,5.0,2023,6.5625,0,0
RA-42,6A,M,2021,Pública,Ametista,7.656628769866667,,,,9.168,9.682539682666667,5.635,8.166666666666666,9.0,7.5,8.0,,,7.134,5.0,-1,,,,17.0,6.0,2024,6.796875,,
RA-420,L,F,2019,Rede Decisão,Ametista,7.461,331.0,49.0,9.0,9.5,9.0,5.6,4.5,1.3,7.7,,Não,Não,8.0,10.0,0,Destaque: A sua boa entrega das lições de casa.,Melhorar: Empenhar-se mais nas aulas e avaliações.,Destaque: A sua boa integração aos Princípios Passos Mágicos.,11.0,2.0,2022,,0,0
RA-420,3M,F,2019,Privada - Programa de Apadrinhamento,Ametista,7.356358333,,,,8.3,9.3,2.52,5.3,5.7,5.8,4.3,,,7.96,10.0,0,,,,12.0,3.0,2023,7.65625,0,0
RA-420,4M,F,2021,Privada - Programa de Apadrinhamento,Ametista,7.544228947400001,,,,8.334,9.557894737,6.26,4.0,3.0,4.5,4.5,,,7.96,10.0,1,,,,13.0,4.0,2024,7.8125,,
RA-421,L,M,2021,Escola Pública,Topázio,8.717,14.0,2.0,1.0,8.5,9.3,7.5,8.8,9.2,8.5,,Sim,Sim,9.111,10.0,0,Destaque: A sua boa entrega das lições de casa.,Destaque: As suas boas notas na Passos Mágicos.,Destaque: A sua boa integração aos Princípios Passos Mágicos.,11.0,2.0,2022,,0,0
RA-421,3L,M,2021,Pública,Topázio,8.030716667,,,,9.2,9.9,2.52,7.3,8.0,6.2,7.8,,,8.17,10.0,0,,,,12.0,3.0,2023,7.8125,0,0
RA-421,4N,M,2021,Pública,Topázio,8.488232329,,,,8.751,9.540744978333334,7.51,6.666666666666667,5.0,6.0,9.0,,,8.572,10.0,1,,,,13.0,4.0,2024,9.0625,,
RA-422,L,M,2022,Escola Pública,Ágata,6.746,569.0,90.0,13.0,8.5,10.0,7.5,2.5,1.0,4.0,,Não,Não,7.5,5.0,-1,Destaque: A sua boa entrega das lições de casa.,Melhorar: Empenhar-se mais nas aulas e avaliações.,Destaque: A sua boa integração aos Princípios Passos Mágicos.,12.0,2.0,2022,,0,0
RA-422,2U,M,2022,Pública,Quartzo,5.57,,,,0.0,7.8,7.52,4.4,3.0,5.7,,,,6.106666667,5.0,-1,,,,13.0,2.0,2023,6.666666667,0,0
RA-422,3K,M,2022,Pública,Quartzo,5.544981481433334,,,,7.5,6.157407407333333,7.51,2.8333333333333335,3.0,4.5,1.0,,,5.5,5.0,-1,,,,14.0,3.0,2024,6.458333333,,
RA-423,L,F,2022,Escola Pública,Ágata,6.647,607.0,102.0,14.0,8.4,9.6,7.5,2.3,0.5,4.0,,Não,Não,7.667,5.0,-1,Destaque: A sua boa entrega das lições de casa.,Melhorar: Empenhar-se mais nas aulas e avaliações.,Destaque: A sua boa integração aos Princípios Passos Mágicos.,12.0,2.0,2022,,0,0
RA-423,2U,F,2022,Pública,Agata,6.607533333,,,,8.0,8.7,6.89,3.4,2.3,4.5,,,,7.45,5.0,-1,,,,13.0,2.0,2023,7.083333333,0,0
RA-423,3L,F,2022,Pública,Agata,6.616193704866666,,,,5.833,6.501135191,8.13,4.333333333333333,6.0,3.5,3.5,,,6.8275,10.0,0,,,,14.0,3.0,2024,6.875,,
RA-424,L,F,2022,Escola Pública,Ametista,7.94,159.0,21.0,5.0,9.0,10.0,7.5,7.5,10.0,5.0,,Não,Não,8.222,5.0,-1,Destaque: A sua boa entrega das lições de casa.,Destaque: As suas boas notas na Passos Mágicos.,Destaque: A sua boa integração aos Princípios Passos Mágicos.,12.0,2.0,2022,,0,0
RA-424,3M,F,2022,Pública,Ametista,7.72685,,,,8.8,9.9,2.52,6.4,5.0,6.7,7.5,,,7.7925,10.0,0,,,,13.0,3.0,2023,7.8125,0,0
RA-424,4L,F,2022,Pública,Ametista,7.341187280733334,,,,8.334,9.616228070333333,7.51,3.3333333333333335,2.0,6.0,2.0,,,7.1625,10.0,0,,,,14.0,4.0,2024,7.34375,,
RA-425,L,M,2022,Escola Pública,Topázio,8.117,110.0,15.0,4.0,9.0,10.0,7.5,9.0,9.0,9.0,,Não,Não,7.5,5.0,-1,Destaque: A sua boa entrega das lições de casa.,Destaque: As suas boas notas na Passos Mágicos.,Destaque: A sua boa integração aos Princípios Passos Mágicos.,12.0,2.0,2022,,0,0
RA-425,3L,M,2022,Pública,Topázio,8.10555,,,,9.2,9.9,2.52,7.5,6.7,7.3,8.5,,,8.3775,10.0,0,,,,13.0,3.0,2023,7.8125,0,0
RA-425,4M,M,2022,Pública,Topázio,9.016616666700001,,,,10.002,10.0,6.26,9.0,10.0,7.5,9.5,,,8.8375,10.0,0,,,,14.0,4.0,2024,8.229166667,,
RA-426,M,F,2022,Escola Pública,Ágata,6.35,668.0,122.0,9.0,9.0,6.5,7.5,4.6,2.3,6.8,,Não,Não,7.111,5.0,-2,Melhorar: Melhorar a sua entrega de lições de casa.,Melhorar: Empenhar-se mais nas aulas e avaliações.,Melhorar: Integrar-se mais aos Princípios Passos Mágicos.,14.0,2.0,2022,,0,0
RA-426,3M,F,2022,Pública,Agata,6.329158333,,,,5.4,7.6,5.0,5.0,4.7,5.2,5.0,,,7.5425,5.0,-1,,,,14.0,3.0,2023,7.65625,0,0
RA-426,4L,F,2022,Pública,Agata,6.6430030186,,,,7.917,7.9050567596666665,4.38,4.833333333333333,3.5,7.0,4.0,,,8.0,5.0,-1,,,,15.0,4.0,2024,7.65625,,
RA-427,M,M,2022,Escola Pública,Ágata,6.245,696.0,128.0,11.0,8.0,8.5,7.5,2.5,3.0,2.0,,Não,Não,6.778,5.0,-1,Destaque: A sua boa entrega das lições de casa.,Melhorar: Empenhar-se mais nas aulas e avaliações.,Melhorar: Integrar-se mais aos Princípios Passos Mágicos.,13.0,2.0,2022,,,1
RA-428,M,M,2022,Escola Pública,Ametista,7.683,238.0,38.0,2.0,6.8,8.7,7.5,9.5,10.0,9.0,,Não,Não,7.111,5.0,-1,Destaque: A sua boa entrega das lições de casa.,Destaque: As suas boas notas na Passos Mágicos.,Melhorar: Integrar-se mais aos Princípios Passos Mágicos.,13.0,2.0,2022,,0,0
RA-428,3N,M,2022,Pública,Ametista,7.821816667,,,,8.3,9.5,2.52,7.2,9.3,4.7,7.7,,,8.0425,10.0,0,,,,13.0,3.0,2023,7.8125,0,0
RA-428,4M,M,2022,Pública,Ametista,7.534949122800001,,,,9.168,8.898245614,5.635,5.0,3.0,4.0,8.0,,,7.625,10.0,0,,,,14.0,4.0,2024,7.5,,
RA-429,M,M,2019,Escola Pública,Quartzo,5.811,749.0,138.0,12.0,10.0,5.3,7.5,2.7,2.8,2.5,,Não,Não,6.611,5.0,-1,Melhorar: Melhorar a sua entrega de lições de casa.,Melhorar: Empenhar-se mais nas aulas e avaliações.,Melhorar: Integrar-se mais aos Princípios Passos Mágicos.,13.0,2.0,2022,,,1
RA-43,A,F,2019,Escola Pública,Quartzo,5.486,791.0,54.0,11.0,6.3,6.5,5.6,4.3,4.0,5.8,3.2,Não,Não,5.958,5.0,-1,Melhorar: Melhorar a sua entrega de lições de casa.,Melhorar: Empenhar-se mais nas aulas e avaliações.,Melhorar: Integrar-se mais aos Princípios Passos Mágicos.,16.0,5.0,2022,,0,0
RA-43,6A,F,2019,Pública,Agata,6.4622,,,,7.9,6.7,5.63,5.0,4.0,5.0,6.0,,,7.5875,5.0,-1,,,,17.0,6.0,2023,7.5,,1
RA-430,M,M,2022,Escola Pública,Ametista,7.585,281.0,43.0,3.0,9.5,8.6,7.5,8.5,7.5,9.5,,Não,Não,6.611,5.0,-1,Destaque: A sua boa entrega das lições de casa.,Destaque: As suas boas notas na Passos Mágicos.,Melhorar: Integrar-se mais aos Princípios Passos Mágicos.,13.0,2.0,2022,,0,0
RA-430,3M,M,2022,Pública,Ametista,7.146716667,,,,9.2,9.3,2.52,6.4,7.3,5.5,6.5,,,7.75,5.0,-1,,,,14.0,3.0,2023,7.8125,,1
RA-431,M,M,2022,Escola Pública,Ametista,7.175,439.0,68.0,5.0,9.0,8.1,7.5,4.5,5.0,4.0,,Não,Não,6.778,10.0,0,Destaque: A sua boa entrega das lições de casa.,Melhorar: Empenhar-se mais nas aulas e avaliações.,Melhorar: Integrar-se mais aos Princípios Passos Mágicos.,11.0,2.0,2022,,,1
RA-432,M,F,2019,Escola Pública,Ágata,6.34,672.0,123.0,10.0,10.0,6.8,5.0,5.1,5.7,4.5,,Não,Não,6.611,5.0,-2,Melhorar: Melhorar a sua entrega de lições de casa.,Melhorar: Empenhar-se mais nas aulas e avaliações.,Melhorar: Integrar-se mais aos Princípios Passos Mágicos.,14.0,2.0,2022,,0,0
RA-432,3M,F,2019,Pública,Agata,6.850183333,,,,8.8,9.0,2.52,5.2,5.0,6.3,4.2,,,8.0425,5.0,-2,,,,15.0,3.0,2023,7.8125,0,0
RA-432,4L,F,2021,Pública,Ametista,7.167975,,,,7.501,10.0,6.26,5.5,5.0,6.0,5.5,,,7.2875,5.0,-1,,,,16.0,4.0,2024,7.34375,,
RA-433,M,M,2022,Escola Pública,Quartzo,5.557,780.0,146.0,13.0,8.5,7.3,5.0,2.6,2.2,3.0,,Não,Não,5.778,5.0,-1,Melhorar: Melhorar a sua entrega de lições de casa.,Melhorar: Empenhar-se mais nas aulas e avaliações.,Melhorar: Integrar-se mais aos Princípios Passos Mágicos.,12.0,2.0,2022,,0,0
RA-433,2M,M,2022,Pública,Agata,6.5982,,,,8.5,7.2,7.52,4.8,1.8,7.7,,,,7.613333333,5.0,-1,,,,13.0,2.0,2023,5.833333333,0,0
RA-433,3N,M,2022,Pública,Ametista,7.218157142866668,,,,7.918,8.380952381,8.13,4.833333333333333,6.5,4.0,4.0,,,6.415,10.0,0,,,,14.0,3.0,2024,6.875,,
RA-434,M,M,2022,Escola Pública,Ametista,7.403,360.0,52.0,4.0,9.0,8.1,7.5,5.7,4.8,6.5,,Não,Não,6.778,10.0,0,Destaque: A sua boa entrega das lições de casa.,Melhorar: Empenhar-se mais nas aulas e avaliações.,Melhorar: Integrar-se mais aos Princípios Passos Mágicos.,11.0,2.0,2022,,1,0
RA-434,2M,M,2022,Pública,Ametista,7.069766667,,,,6.3,8.0,7.52,6.6,5.2,8.0,,,,7.613333333,5.0,-1,,,,12.0,2.0,2023,7.5,0,0
RA-434,3U,M,2022,Pública,Agata,6.610947619100001,,,,7.084,5.061904762,7.51,5.5,5.5,5.5,5.5,,,6.55,10.0,0,,,,13.0,3.0,2024,7.291666667,,
RA-435,M,F,2022,Escola Pública,Ágata,6.599,627.0,109.0,8.0,7.9,6.2,7.5,4.7,3.7,5.7,,Não,Não,6.444,10.0,0,Melhorar: Melhorar a sua entrega de lições de casa.,Melhorar: Empenhar-se mais nas aulas e avaliações.,Melhorar: Integrar-se mais aos Princípios Passos Mágicos.,10.0,2.0,2022,,,1
RA-436,M,M,2022,Escola Pública,Ágata,6.687,592.0,98.0,7.0,9.5,8.1,7.5,2.0,4.0,0.0,,Não,Não,6.611,10.0,0,Destaque: A sua boa entrega das lições de casa.,Melhorar: Empenhar-se mais nas aulas e avaliações.,Melhorar: Integrar-se mais aos Princípios Passos Mágicos.,11.0,2.0,2022,,1,0
RA-436,2M,M,2022,Pública,Quartzo,5.322366667,,,,7.5,4.7,2.52,3.4,3.7,3.0,,,,7.613333333,5.0,-1,,,,12.0,2.0,2023,6.875,,1
RA-437,M,M,2022,Escola Pública,Ágata,6.875,531.0,82.0,6.0,8.5,8.3,7.5,5.8,6.0,5.5,,Não,Não,6.611,5.0,-1,Destaque: A sua boa entrega das lições de casa.,Melhorar: Empenhar-se mais nas aulas e avaliações.,Melhorar: Integrar-se mais aos Princípios Passos Mágicos.,13.0,2.0,2022,,1,0
RA-437,2M,M,2022,Pública,Agata,6.947366667,,,,8.0,8.4,7.52,4.7,2.5,6.8,,,,7.78,5.0,-2,,,,14.0,2.0,2023,7.291666667,,1
RA-438,M,M,2022,Escola Pública,Ametista,7.764,213.0,33.0,1.0,8.0,8.7,7.5,7.3,6.5,8.0,,Não,Não,6.889,10.0,0,Destaque: A sua boa entrega das lições de casa.,Melhorar: Empenhar-se mais nas aulas e avaliações.,Melhorar: Integrar-se mais aos Princípios Passos Mágicos.,10.0,2.0,2022,,0,0
RA-438,2L,M,2022,Pública,Agata,6.9883,,,,6.9,7.5,6.26,5.4,3.5,7.3,,,,7.223333333,10.0,0,,,,11.0,2.0,2023,6.458333333,1,0
RA-438,2K,M,2022,Pública,Ametista,7.930283695700001,,,,9.168,8.6630434785,7.51,8.25,7.0,9.5,,,,7.915,5.0,-1,,,,12.0,2.0,2024,7.96875,,
RA-439,M,M,2022,Escola Pública,Quartzo,5.519,789.0,147.0,14.0,9.0,4.9,7.5,2.3,3.2,1.3,,Não,Não,6.5,5.0,-1,Melhorar: Melhorar a sua entrega de lições de casa.,Melhorar: Empenhar-se mais nas aulas e avaliações.,Melhorar: Integrar-se mais aos Princípios Passos Mágicos.,12.0,2.0,2022,,,1
RA-44,A,F,2021,Escola Pública,Quartzo,5.542,785.0,52.0,10.0,5.0,5.9,7.5,3.0,2.3,3.5,3.2,Sim,Não,7.292,5.0,-2,Melhorar: Melhorar a sua entrega de lições de casa.,Melhorar: Empenhar-se mais nas aulas e avaliações.,Melhorar: Integrar-se mais aos Princípios Passos Mágicos.,17.0,5.0,2022,,0,0
RA-44,6A,F,2021,Pública,Agata,6.258333333,,,,0.0,8.5,5.01,6.9,7.3,5.8,7.5,,,7.17,5.0,-2,,,,18.0,6.0,2023,7.5,,1
RA-440,P,M,2022,Escola Pública,Ametista,7.329,382.0,56.0,6.0,9.5,9.0,6.9,5.5,6.0,5.0,,Não,Não,5.833,10.0,0,Destaque: A sua boa entrega das lições de casa.,Melhorar: Empenhar-se mais nas aulas e avaliações.,Melhorar: Integrar-se mais aos Princípios Passos Mágicos.,11.0,2.0,2022,,0,0
RA-440,3P,M,2022,Pública,Agata,6.989208333,,,,0.0,8.2,7.52,6.2,7.3,7.0,4.2,,,7.835,10.0,0,,,,12.0,3.0,2023,7.96875,,1
RA-441,P,F,2019,Escola Pública,Topázio,8.188,87.0,11.0,2.0,9.0,7.9,7.5,8.0,8.0,8.0,,Não,Não,8.333,10.0,0,Destaque: A sua boa entrega das lições de casa.,Destaque: As suas boas notas na Passos Mágicos.,Destaque: A sua boa integração aos Princípios Passos Mágicos.,11.0,2.0,2022,,,1
RA-442,P,F,2022,Escola Pública,Topázio,8.226,78.0,8.0,1.0,10.0,8.2,7.5,7.5,9.0,6.0,,Não,Não,8.222,10.0,0,Destaque: A sua boa entrega das lições de casa.,Destaque: As suas boas notas na Passos Mágicos.,Destaque: A sua boa integração aos Princípios Passos Mágicos.,11.0,2.0,2022,,0,0
RA-442,3K,F,2022,Pública,Agata,6.814166667,,,,0.0,7.6,7.52,5.8,6.7,6.5,4.3,,,8.1275,10.0,0,,,,12.0,3.0,2023,7.5,0,0
RA-442,4M,F,2022,Pública,Agata,6.905439215666667,,,,8.334,5.9151960783333335,5.635,5.0,4.5,7.0,3.5,,,7.8775,10.0,1,,,,13.0,4.0,2024,7.5,,
RA-443,P,F,2019,Escola Pública,Ametista,7.482,321.0,48.0,4.0,9.0,9.1,7.5,5.6,8.0,3.2,,Sim,Sim,8.5,5.0,-1,Destaque: A sua boa entrega das lições de casa.,Melhorar: Empenhar-se mais nas aulas e avaliações.,Destaque: A sua boa integração aos Princípios Passos Mágicos.,13.0,2.0,2022,,0,0
RA-443,3P,F,2019,Pública,Agata,6.895508333,,,,7.1,7.5,2.52,7.6,7.0,8.7,7.0,,,8.125,5.0,-1,,,,14.0,3.0,2023,7.96875,,1
RA-444,P,M,2018,Escola Pública,Ágata,6.665,601.0,99.0,8.0,9.0,7.2,5.0,3.1,1.5,4.7,,Não,Não,7.778,10.0,0,Melhorar: Melhorar a sua entrega de lições de casa.,Melhorar: Empenhar-se mais nas aulas e avaliações.,Destaque: A sua boa integração aos Princípios Passos Mágicos.,11.0,2.0,2022,,0,0
RA-444,3P,M,2018,Pública,Quartzo,5.958791667,,,,0.0,7.9,5.0,4.7,4.7,5.8,3.7,,,6.4575,10.0,1,,,,11.0,3.0,2023,6.40625,1,0
RA-444,3P,M,2021,Pública,Quartzo,5.410188638266668,,,,8.334,6.377276524666667,2.51,3.6666666666666665,2.0,5.0,4.0,,,5.96,5.0,-1,,,,14.0,3.0,2024,6.25,,
RA-445,P,M,2022,Escola Pública,Ágata,6.924,518.0,79.0,7.0,9.0,9.4,7.5,3.8,0.0,7.5,,Não,Não,7.5,5.0,-1,Destaque: A sua boa entrega das lições de casa.,Melhorar: Empenhar-se mais nas aulas e avaliações.,Destaque: A sua boa integração aos Princípios Passos Mágicos.,12.0,2.0,2022,,0,0
RA-445,2R,M,2022,Pública,Ametista,7.9087,,,,8.0,8.8,6.89,8.4,7.7,9.0,,,,8.176666667,5.0,-1,,,,13.0,2.0,2023,8.541666667,0,0
RA-445,3P,M,2022,Pública,Ametista,7.3416246032,,,,7.917,8.715873016,7.51,4.0,3.0,6.0,3.0,,,7.3725,10.0,0,,,,14.0,3.0,2024,7.8125,,
RA-446,P,F,2018,Escola Pública,Ametista,7.367,373.0,54.0,5.0,9.5,8.9,5.0,6.9,6.3,7.5,,Não,Não,7.889,5.0,-1,Destaque: A sua boa entrega das lições de casa.,Melhorar: Empenhar-se mais nas aulas e avaliações.,Destaque: A sua boa integração aos Princípios Passos Mágicos.,13.0,2.0,2022,,,1
RA-447,P,F,2022,Escola Pública,Quartzo,5.607,773.0,144.0,10.0,0.0,7.0,7.5,3.5,7.0,0.0,,Não,Não,5.556,10.0,0,Melhorar: Melhorar a sua entrega de lições de casa.,Melhorar: Empenhar-se mais nas aulas e avaliações.,Melhorar: Integrar-se mais aos Princípios Passos Mágicos.,10.0,2.0,2022,,,1
RA-448,P,F,2022,Escola Pública,Ametista,7.972,150.0,19.0,3.0,9.0,9.7,7.5,5.5,5.0,6.0,,Não,Não,8.111,10.0,0,Destaque: A sua boa entrega das lições de casa.,Melhorar: Empenhar-se mais nas aulas e avaliações.,Destaque: A sua boa integração aos Princípios Passos Mágicos.,11.0,2.0,2022,,,1
RA-449,P,F,2022,Escola Pública,Ágata,6.143,703.0,129.0,9.0,0.0,6.0,7.5,7.0,6.0,8.0,,Não,Não,8.111,5.0,-1,Melhorar: Melhorar a sua entrega de lições de casa.,Melhorar: Empenhar-se mais nas aulas e avaliações.,Destaque: A sua boa integração aos Princípios Passos Mágicos.,12.0,2.0,2022,,0,0
RA-449,3P,F,2022,Pública,Ametista,7.396508333,,,,7.1,7.2,7.52,7.0,5.5,7.7,7.7,,,6.8425,10.0,0,,,,12.0,3.0,2023,7.34375,,1
RA-45,A,F,2019,Rede Decisão,Ametista,7.591,277.0,17.0,2.0,7.9,8.9,5.6,6.8,6.3,5.2,8.8,Não,Não,7.417,10.0,0,Destaque: A sua boa entrega das lições de casa.,Melhorar: Empenhar-se mais nas aulas e avaliações.,Melhorar: Integrar-se mais aos Princípios Passos Mágicos.,15.0,5.0,2022,,0,0
RA-45,6A,F,2019,Privada - Programa de Apadrinhamento,Topázio,8.303591667,,,,7.1,9.6,6.26,7.9,7.8,6.3,9.7,,,8.1725,10.0,0,,,,16.0,6.0,2023,8.28125,0,0
RA-45,7A,F,2021,Privada - Programa de Apadrinhamento,Topázio,8.743476190400001,,,,7.5,9.619047619,9.38,8.0,7.5,7.0,9.5,,,8.283333333,10.0,0,,,,17.0,7.0,2024,8.75,,
RA-450,Q,M,2021,Escola Pública,Ametista,7.843,188.0,29.0,2.0,10.0,9.1,7.5,7.5,6.8,8.2,,Não,Não,8.111,5.0,-1,Destaque: A sua boa entrega das lições de casa.,Melhorar: Empenhar-se mais nas aulas e avaliações.,Destaque: A sua boa integração aos Princípios Passos Mágicos.,13.0,2.0,2022,,0,0
RA-450,3K,M,2021,Pública,Agata,6.819625,,,,9.6,8.4,2.52,5.4,7.0,6.5,2.7,,,7.9175,5.0,-1,,,,14.0,3.0,2023,7.65625,0,0
RA-450,4L,M,2021,Pública,Ametista,7.526188206666666,,,,8.751,8.954191033333332,5.63,7.5,8.0,8.5,6.0,,,7.58,5.0,-1,,,,15.0,4.0,2024,7.8125,,
RA-451,Q,F,2019,Escola Pública,Ágata,6.434,654.0,117.0,9.0,9.0,6.0,6.3,6.1,3.1,9.2,,Não,Não,6.889,5.0,-1,Melhorar: Melhorar a sua entrega de lições de casa.,Melhorar: Empenhar-se mais nas aulas e avaliações.,Melhorar: Integrar-se mais aos Princípios Passos Mágicos.,13.0,2.0,2022,,1,0
RA-451,2P,F,2019,Pública,Topázio,8.386033333,,,,8.5,9.5,4.39,8.9,7.8,10.0,,,,9.896666667,5.0,-2,,,,14.0,2.0,2023,9.375,,1
RA-452,Q,F,2021,Escola Pública,Ágata,6.287,690.0,127.0,10.0,9.0,5.6,7.5,4.8,5.0,4.5,,Não,Não,7.167,5.0,-1,Melhorar: Melhorar a sua entrega de lições de casa.,Melhorar: Empenhar-se mais nas aulas e avaliações.,Melhorar: Integrar-se mais aos Princípios Passos Mágicos.,13.0,2.0,2022,,,1
RA-453,Q,F,2022,Escola Pública,Ametista,7.845,187.0,28.0,1.0,9.0,8.7,7.5,8.8,8.0,9.5,,Não,Não,7.778,5.0,-1,Destaque: A sua boa entrega das lições de casa.,Destaque: As suas boas notas na Passos Mágicos.,Destaque: A sua boa integração aos Princípios Passos Mágicos.,13.0,2.0,2022,,,1
RA-454,Q,M,2018,Escola Pública,Quartzo,5.561,779.0,145.0,12.0,9.5,8.6,5.0,2.3,0.0,4.7,,Não,Não,5.444,5.0,-2,Destaque: A sua boa entrega das lições de casa.,Melhorar: Empenhar-se mais nas aulas e avaliações.,Melhorar: Integrar-se mais aos Princípios Passos Mágicos.,14.0,2.0,2022,,0,0
RA-454,3P,M,2018,Pública,Quartzo,4.603416667,,,,0.0,7.5,5.0,2.6,4.2,1.2,2.5,,,5.54,5.0,-2,,,,15.0,3.0,2023,4.6875,0,0
RA-454,4R,M,2021,Pública,Quartzo,5.8522943469666675,,,,9.585,6.633138401666667,6.255,3.6666666666666665,3.0,2.0,6.0,,,5.833333333,5.0,-2,,,,17.0,4.0,2024,5.416666667,,
RA-455,Q,F,2022,Escola Pública,Ágata,6.876,529.0,81.0,6.0,7.0,7.9,7.5,6.3,6.0,6.5,,Não,Não,7.278,5.0,-1,Destaque: A sua boa entrega das lições de casa.,Melhorar: Empenhar-se mais nas aulas e avaliações.,Melhorar: Integrar-se mais aos Princípios Passos Mágicos.,12.0,2.0,2022,,,0
RA-455,3U,F,2022,Pública,Ametista,7.098988888900001,,,,8.751,6.111111111,8.13,4.5,3.0,6.5,4.0,,,7.276666667,10.0,0,,,,14.0,3.0,2024,8.333333333,,
RA-456,Q,F,2022,Escola Pública,Ametista,7.193,432.0,65.0,5.0,6.4,8.2,6.3,7.3,6.0,8.7,,Não,Sim,8.389,5.0,-1,Destaque: A sua boa entrega das lições de casa.,Melhorar: Empenhar-se mais nas aulas e avaliações.,Destaque: A sua boa integração aos Princípios Passos Mágicos.,12.0,2.0,2022,,0,0
RA-456,2P,F,2022,Pública,Ametista,7.518,,,,0.0,8.3,4.39,9.9,9.7,10.0,,,,9.953333333,5.0,-1,,,,12.0,2.0,2023,9.583333333,0,0
RA-456,3R,F,2022,Pública,Topázio,8.331124561366668,,,,7.083,9.382456140333334,7.51,6.5,9.0,6.0,4.5,,,8.893333333,10.0,0,,,,13.0,3.0,2024,9.166666667,,
RA-457,Q,F,2022,Escola Pública,Ametista,7.68,240.0,40.0,3.0,8.0,8.8,7.5,8.5,7.0,10.0,,Não,Não,7.667,5.0,-1,Destaque: A sua boa entrega das lições de casa.,Destaque: As suas boas notas na Passos Mágicos.,Destaque: A sua boa integração aos Princípios Passos Mágicos.,12.0,2.0,2022,,0,0
RA-457,3N,F,2022,Pública,Topázio,8.256833333,,,,7.5,8.6,7.52,8.1,6.7,8.5,9.0,,,8.045,10.0,0,,,,13.0,3.0,2023,8.125,0,0
RA-457,4N,F,2022,Pública,Topázio,8.5892756038,,,,8.334,8.743961352333335,7.51,8.666666666666666,8.0,8.0,10.0,,,7.77,10.0,1,,,,14.0,4.0,2024,9.6875,,
RA-458,Q,M,2019,Escola Pública,Ágata,6.512,642.0,113.0,8.0,8.0,7.7,7.5,5.6,4.7,6.5,,Não,Não,5.833,5.0,-1,Destaque: A sua boa entrega das lições de casa.,Melhorar: Empenhar-se mais nas aulas e avaliações.,Melhorar: Integrar-se mais aos Princípios Passos Mágicos.,13.0,2.0,2022,,0,0
RA-458,3P,M,2019,Pública,Agata,6.312083333,,,,9.6,6.9,7.52,3.8,4.3,4.8,2.2,,,6.2475,5.0,-1,,,,14.0,3.0,2023,7.1875,0,0
RA-458,3P,M,2021,Pública,Quartzo,5.680161507933333,,,,8.751,3.7396825396666666,6.88,4.0,3.0,4.0,5.0,,,6.83,5.0,-1,,,,15.0,3.0,2024,7.03125,,
RA-459,Q,M,2019,Escola Pública,Ametista,7.28,401.0,59.0,4.0,7.0,9.1,8.1,7.3,5.3,9.2,,Não,Não,7.222,5.0,-1,Destaque: A sua boa entrega das lições de casa.,Melhorar: Empenhar-se mais nas aulas e avaliações.,Melhorar: Integrar-se mais aos Princípios Passos Mágicos.,12.0,2.0,2022,,0,0
RA-459,3N,M,2019,Pública,Topázio,8.240016667,,,,6.7,9.3,7.52,8.3,8.3,9.2,7.5,,,7.88,10.0,0,,,,13.0,3.0,2023,7.1875,0,0
RA-459,4N,M,2021,Pública,Ametista,7.233804589400001,,,,7.917,8.454106280333333,5.635,4.666666666666667,0.0,6.0,8.0,,,7.366,10.0,0,,,,14.0,4.0,2024,7.8125,,
RA-46,A,F,2022,Escola Pública,Ágata,6.048,719.0,46.0,7.0,8.8,8.4,6.3,2.1,2.8,2.8,0.7,Não,Não,7.083,5.0,-2,Destaque: A sua boa entrega das lições de casa.,Melhorar: Empenhar-se mais nas aulas e avaliações.,Melhorar: Integrar-se mais aos Princípios Passos Mágicos.,17.0,5.0,2022,,1,0
RA-46,5A,F,2022,Pública,Quartzo,5.545383333,,,,7.1,7.4,2.52,4.4,2.8,3.0,7.3,,,6.6275,2.5,-3,,,,18.0,5.0,2023,6.5625,,1
RA-460,Q,M,2022,Escola Pública,Quartzo,5.711,758.0,140.0,11.0,6.8,8.1,7.5,3.3,0.5,6.0,,Não,Não,5.056,5.0,-1,Destaque: A sua boa entrega das lições de casa.,Melhorar: Empenhar-se mais nas aulas e avaliações.,Melhorar: Integrar-se mais aos Princípios Passos Mágicos.,12.0,2.0,2022,,,1
RA-461,Q,F,2018,Escola Pública,Quartzo,5.451,792.0,149.0,13.0,0.0,6.7,7.5,3.8,1.5,6.2,,Não,Não,7.222,5.0,-1,Melhorar: Melhorar a sua entrega de lições de casa.,Melhorar: Empenhar-se mais nas aulas e avaliações.,Melhorar: Integrar-se mais aos Princípios Passos Mágicos.,12.0,2.0,2022,,0,0
RA-461,2P,F,2018,Pública,Ametista,7.2379,,,,7.3,7.9,3.77,7.4,5.7,9.0,,,,8.616666667,5.0,-1,,,,12.0,2.0,2023,8.541666667,0,0
RA-461,3R,F,2021,Pública,Ametista,7.5447559291,,,,8.751,9.182446312,7.51,4.5,3.0,4.5,6.0,,,7.056666667,10.0,0,,,,13.0,3.0,2024,7.708333333,,
RA-462,Q,M,2022,Escola Pública,Ágata,6.626,616.0,106.0,7.0,10.0,8.5,7.5,3.6,2.0,5.2,,Não,Não,6.778,5.0,-2,Destaque: A sua boa entrega das lições de casa.,Melhorar: Empenhar-se mais nas aulas e avaliações.,Melhorar: Integrar-se mais aos Princípios Passos Mágicos.,14.0,2.0,2022,,0,0
RA-462,3P,F,2022,Pública,Agata,6.2267,,,,10.0,8.1,5.0,2.7,4.0,2.8,1.3,,,6.5825,5.0,-2,,,,15.0,3.0,2023,7.5,,1
RA-463,U,F,2020,Escola Pública,Ágata,6.41,658.0,119.0,11.0,10.0,7.8,7.5,2.5,2.0,3.0,,Não,Não,7.389,5.0,-1,Destaque: A sua boa entrega das lições de casa.,Melhorar: Empenhar-se mais nas aulas e avaliações.,Melhorar: Integrar-se mais aos Princípios Passos Mágicos.,12.0,2.0,2022,,0,0
RA-463,3K,F,2020,Pública,Agata,6.382383333,,,,9.2,5.4,2.52,4.0,6.3,4.3,1.3,,,7.795,10.0,0,,,,13.0,3.0,2023,7.8125,,1
RA-464,U,F,2022,Escola Pública,Ágata,6.745,570.0,91.0,7.0,7.5,8.0,7.5,4.8,2.7,7.0,,Não,Não,7.722,5.0,-1,Destaque: A sua boa entrega das lições de casa.,Melhorar: Empenhar-se mais nas aulas e avaliações.,Destaque: A sua boa integração aos Princípios Passos Mágicos.,13.0,2.0,2022,,0,0
RA-464,3K,F,2022,Pública,Agata,6.081675,,,,9.2,7.7,2.52,3.0,4.8,3.7,0.5,,,7.38,5.0,-1,,,,14.0,3.0,2023,7.96875,0,0
RA-464,3L,F,2022,Pública,Agata,6.872009064333334,,,,9.168,7.851461988333334,8.76,4.333333333333333,3.0,3.5,6.5,,,7.1175,5.0,-1,,,,15.0,3.0,2024,7.1875,,
RA-465,U,M,2019,Escola Pública,Ametista,8.012,139.0,18.0,1.0,8.0,7.9,7.5,7.8,9.3,6.3,,Não,Sim,8.444,10.0,0,Destaque: A sua boa entrega das lições de casa.,Destaque: As suas boas notas na Passos Mágicos.,Destaque: A sua boa integração aos Princípios Passos Mágicos.,11.0,2.0,2022,,0,0
RA-465,3K,M,2019,Pública,Topázio,8.012875,,,,7.5,9.4,2.52,8.5,8.3,8.2,9.0,,,8.17,10.0,0,,,,12.0,3.0,2023,7.96875,,1
RA-466,U,M,2022,Escola Pública,Ágata,6.826,546.0,85.0,6.0,8.5,9.7,7.5,3.3,0.5,6.0,,Não,Não,7.556,5.0,-1,Destaque: A sua boa entrega das lições de casa.,Melhorar: Empenhar-se mais nas aulas e avaliações.,Destaque: A sua boa integração aos Princípios Passos Mágicos.,13.0,2.0,2022,,1,0
RA-466,2L,M,2022,Pública,Agata,6.595533333,,,,9.5,7.6,6.89,4.5,2.5,6.5,,,,7.056666667,5.0,-2,,,,14.0,2.0,2023,6.25,0,0
RA-466,3L,M,2022,Pública,Agata,6.778749122800001,,,,8.751,7.223245614,8.76,4.0,3.0,6.5,2.5,,,7.665,5.0,-1,,,,15.0,3.0,2024,7.5,,
RA-467,U,F,2022,Escola Pública,Ágata,6.38,664.0,121.0,12.0,5.8,8.4,5.0,5.5,5.0,6.0,,Não,Não,7.111,5.0,-1,Destaque: A sua boa entrega das lições de casa.,Melhorar: Empenhar-se mais nas aulas e avaliações.,Melhorar: Integrar-se mais aos Princípios Passos Mágicos.,13.0,2.0,2022,,0,0
RA-467,3K,F,2022,Pública,Agata,6.552916667,,,,6.3,9.2,3.14,5.2,6.0,6.0,3.7,,,7.5425,5.0,-1,,,,14.0,3.0,2023,7.1875,0,0
RA-467,4L,F,2022,Pública,Ametista,7.7298118421333335,,,,7.917,9.140350877333333,5.01,6.833333333333333,5.5,9.0,6.0,,,7.54,10.0,0,,,,15.0,4.0,2024,7.34375,,
RA-468,U,M,2022,Escola Pública,Ágata,6.313,682.0,125.0,13.0,9.5,6.7,7.5,4.1,4.5,3.7,,Não,Não,6.722,5.0,-1,Melhorar: Melhorar a sua entrega de lições de casa.,Melhorar: Empenhar-se mais nas aulas e avaliações.,Melhorar: Integrar-se mais aos Princípios Passos Mágicos.,13.0,2.0,2022,,0,0
RA-468,3K,M,2022,Pública,Quartzo,5.911108333,,,,8.3,6.0,6.27,3.4,4.8,3.0,2.3,,,6.715,5.0,-1,,,,14.0,3.0,2023,7.34375,,1
RA-469,U,F,2022,Escola Pública,Ametista,7.624,263.0,41.0,2.0,9.0,9.6,5.0,5.7,6.2,5.2,,Não,Não,7.833,10.0,0,Destaque: A sua boa entrega das lições de casa.,Melhorar: Empenhar-se mais nas aulas e avaliações.,Destaque: A sua boa integração aos Princípios Passos Mágicos.,11.0,2.0,2022,,1,0
RA-469,2L,F,2022,Pública,Ametista,7.482533333,,,,7.5,9.3,2.52,7.8,6.8,8.8,,,,8.843333333,5.0,-1,,,,12.0,2.0,2023,7.916666667,0,0
RA-469,3K,F,2022,Pública,Ametista,7.684639869300001,,,,9.168,9.498366013,7.51,5.0,6.0,4.0,5.0,,,6.94,10.0,0,,,,13.0,3.0,2024,7.291666667,,
RA-47,A,F,2022,Escola Pública,Quartzo,5.677,762.0,49.0,8.0,7.9,6.3,7.5,2.1,2.5,2.2,1.5,Não,Não,7.042,5.0,-2,Melhorar: Melhorar a sua entrega de lições de casa.,Melhorar: Empenhar-se mais nas aulas e avaliações.,Melhorar: Integrar-se mais aos Princípios Passos Mágicos.,17.0,5.0,2022,,,1
RA-470,U,F,2019,Escola Pública,Ametista,7.378,369.0,53.0,3.0,8.0,9.7,7.5,6.3,5.3,7.3,,Não,Não,7.5,5.0,-1,Destaque: A sua boa entrega das lições de casa.,Melhorar: Empenhar-se mais nas aulas e avaliações.,Destaque: A sua boa integração aos Princípios Passos Mágicos.,13.0,2.0,2022,,0,0
RA-470,3K,F,2019,Pública,Agata,6.993766667,,,,8.8,9.2,5.0,4.9,6.0,4.3,4.5,,,7.71,5.0,-1,,,,14.0,3.0,2023,7.5,0,0
RA-470,4L,F,2021,Pública,Agata,6.981130848,,,,9.585,8.011695906666667,7.51,3.3333333333333335,3.5,4.0,2.5,,,6.4975,10.0,0,,,,15.0,4.0,2024,7.03125,,
RA-471,U,F,2020,Escola Pública,Ágata,6.535,639.0,112.0,9.0,3.5,8.5,5.0,6.3,5.7,6.8,,Não,Não,8.056,5.0,-1,Destaque: A sua boa entrega das lições de casa.,Melhorar: Empenhar-se mais nas aulas e avaliações.,Destaque: A sua boa integração aos Princípios Passos Mágicos.,13.0,2.0,2022,,0,0
RA-471,3L,F,2020,Pública,Agata,6.855541667,,,,0.0,9.0,6.27,5.0,6.3,4.0,4.8,,,8.125,10.0,0,,,,13.0,3.0,2023,7.96875,0,0
RA-471,4M,F,2021,Pública,Agata,6.635847117766667,,,,0.0,7.027568922333333,7.51,5.5,4.0,5.5,7.0,,,8.0425,10.0,0,,,,14.0,4.0,2024,7.708333333,,
RA-472,U,F,2022,Escola Pública,Quartzo,5.93,735.0,133.0,14.0,9.0,7.0,7.5,2.0,1.8,2.2,,Não,Não,7.056,5.0,-1,Melhorar: Melhorar a sua entrega de lições de casa.,Melhorar: Empenhar-se mais nas aulas e avaliações.,Melhorar: Integrar-se mais aos Princípios Passos Mágicos.,12.0,2.0,2022,,0,0
RA-472,2L,F,2022,Pública,Agata,6.6858,,,,5.1,7.1,7.52,5.5,3.7,7.2,,,,8.223333333,5.0,-1,,,,13.0,2.0,2023,7.708333333,0,0
RA-472,2U,F,2022,Pública,Agata,6.6397610766,,,,7.502,7.48447205,7.51,6.25,4.0,8.5,,,,6.333333333,5.0,-1,,,,14.0,2.0,2024,6.25,,
RA-473,U,M,2019,Escola Pública,Quartzo,5.915,737.0,134.0,15.0,8.0,6.1,7.5,4.3,4.5,4.0,,Não,Não,5.889,5.0,-1,Melhorar: Melhorar a sua entrega de lições de casa.,Melhorar: Empenhar-se mais nas aulas e avaliações.,Melhorar: Integrar-se mais aos Princípios Passos Mágicos.,12.0,2.0,2022,,,1
RA-474,U,M,2019,Escola Pública,Ágata,6.446,650.0,115.0,10.0,9.5,9.1,7.5,3.0,1.3,4.7,,Não,Não,6.0,5.0,-1,Destaque: A sua boa entrega das lições de casa.,Melhorar: Empenhar-se mais nas aulas e avaliações.,Melhorar: Integrar-se mais aos Princípios Passos Mágicos.,13.0,2.0,2022,,0,0
RA-474,3K,M,2019,Pública,Quartzo,5.283583333,,,,0.0,7.8,5.0,3.3,4.8,3.8,1.2,,,6.7575,5.0,-1,,,,14.0,3.0,2023,7.1875,0,0
RA-474,3L,M,2021,Pública,Agata,6.024753703733333,,,,9.168,5.818518518666667,7.51,3.0,4.0,3.0,2.0,,,6.8725,5.0,-1,,,,15.0,3.0,2024,7.1875,,
RA-475,U,F,2022,Escola Pública,Ametista,7.199,430.0,63.0,4.0,8.5,9.2,7.5,5.8,3.3,8.3,,Não,Não,7.667,5.0,-1,Destaque: A sua boa entrega das lições de casa.,Melhorar: Empenhar-se mais nas aulas e avaliações.,Destaque: A sua boa integração aos Princípios Passos Mágicos.,12.0,2.0,2022,,,1
RA-476,U,F,2019,Escola Pública,Ágata,6.931,513.0,78.0,5.0,9.0,9.3,4.4,5.5,5.0,6.0,,Não,Não,7.556,5.0,-1,Destaque: A sua boa entrega das lições de casa.,Melhorar: Empenhar-se mais nas aulas e avaliações.,Destaque: A sua boa integração aos Princípios Passos Mágicos.,12.0,2.0,2022,,0,0
RA-476,3K,F,2019,Pública,Agata,6.492408333,,,,7.9,7.0,2.52,4.1,5.0,4.5,2.7,,,7.505,10.0,0,,,,13.0,3.0,2023,7.34375,0,0
RA-476,3L,F,2021,Pública,Agata,6.7359982456,,,,7.917,6.5964912280000005,7.51,4.5,7.0,4.0,2.5,,,6.745,10.0,0,,,,14.0,3.0,2024,6.25,,
RA-477,U,M,2022,Escola Pública,Quartzo,3.633,860.0,155.0,16.0,0.0,5.0,5.6,0.7,0.3,1.0,,Não,Não,4.5,5.0,-1,Melhorar: Melhorar a sua entrega de lições de casa.,Melhorar: Empenhar-se mais nas aulas e avaliações.,Melhorar: Integrar-se mais aos Princípios Passos Mágicos.,13.0,2.0,2022,,,1
RA-478,U,F,2019,Escola Pública,Ágata,6.709,588.0,96.0,8.0,8.5,9.1,5.6,4.9,3.8,6.0,,Não,Não,7.056,5.0,-1,Destaque: A sua boa entrega das lições de casa.,Melhorar: Empenhar-se mais nas aulas e avaliações.,Melhorar: Integrar-se mais aos Princípios Passos Mágicos.,12.0,2.0,2022,,0,0
RA-478,3K,F,2019,Pública,Agata,6.443616667,,,,6.7,7.3,2.52,4.4,4.3,4.7,4.3,,,7.2975,10.0,0,,,,12.0,3.0,2023,7.1875,,1
RA-479,A,M,2020,Rede Decisão,Topázio,8.465,40.0,5.0,1.0,8.0,9.2,7.5,9.8,10.0,9.7,,Não,Sim,9.5,5.0,-1,Destaque: A sua boa entrega das lições de casa.,Destaque: As suas boas notas na Passos Mágicos.,Destaque: A sua boa integração aos Princípios Passos Mágicos.,10.0,1.0,2022,,0,0
RA-479,2A,M,2020,Privada - Programa de Apadrinhamento,Topázio,8.988866667,,,,9.0,10.0,2.52,9.7,9.3,10.0,,,,9.6375,10.0,0,,,,11.0,2.0,2023,9.791666667,0,0
RA-479,3C,M,2021,Privada - Programa de Apadrinhamento,Topázio,8.901966666666668,,,,9.168,9.866666666666667,2.51,9.666666666666666,10.0,9.0,10.0,,,9.45,10.0,1,,,,12.0,3.0,2024,9.375,,
RA-48,A,F,2017,Rede Decisão,Ametista,8.006,140.0,10.0,1.0,6.7,8.4,7.5,8.1,6.7,8.0,9.5,Não,Sim,8.5,10.0,0,Destaque: A sua boa entrega das lições de casa.,Destaque: As suas boas notas na Passos Mágicos.,Destaque: A sua boa integração aos Princípios Passos Mágicos.,15.0,5.0,2022,,0,0
RA-48,6A,F,2017,Privada - Programa de Apadrinhamento,Ametista,7.797058333,,,,6.7,8.4,6.26,7.7,8.3,5.7,9.0,,,7.6275,10.0,0,,,,16.0,6.0,2023,7.65625,0,0
RA-48,7A,F,2021,Privada - Programa de Apadrinhamento,Topázio,8.402390371800001,,,,7.917,8.339076859,9.375,7.5,6.5,6.0,10.0,,,8.23,10.0,0,,,,17.0,7.0,2024,8.59375,,
RA-480,A,F,2021,Escola Pública,Ametista,7.502,309.0,81.0,6.0,9.0,8.8,7.5,6.3,6.8,5.7,,Sim,Sim,8.444,5.0,-1,Destaque: A sua boa entrega das lições de casa.,Melhorar: Empenhar-se mais nas aulas e avaliações.,Destaque: A sua boa integração aos Princípios Passos Mágicos.,10.0,1.0,2022,,0,0
RA-480,1B,F,2021,Pública,Topázio,8.226408333,,,,10.0,9.7,7.52,7.9,7.2,8.5,,,,8.336666667,5.0,-1,,,,11.0,1.0,2023,7.96875,0,0
RA-480,2C,F,2021,Pública,Ametista,7.260202380900001,,,,6.25,8.0714285715,7.51,5.0,2.5,7.5,,,,7.443333333,10.0,0,,,,12.0,2.0,2024,7.8125,,
RA-481,A,M,2021,Escola Pública,Ametista,7.21,424.0,109.0,9.0,9.0,8.0,7.5,5.2,5.7,4.7,,Não,Não,6.889,10.0,0,Destaque: A sua boa entrega das lições de casa.,Melhorar: Empenhar-se mais nas aulas e avaliações.,Melhorar: Integrar-se mais aos Princípios Passos Mágicos.,9.0,1.0,2022,,,1
RA-482,A,M,2021,Escola Pública,Ágata,6.866,532.0,134.0,10.0,10.0,7.9,7.5,5.5,4.3,6.7,,Não,Não,6.833,5.0,-1,Destaque: A sua boa entrega das lições de casa.,Melhorar: Empenhar-se mais nas aulas e avaliações.,Melhorar: Integrar-se mais aos Princípios Passos Mágicos.,11.0,1.0,2022,,,1
RA-483,A,F,2019,Escola Pública,Quartzo,5.263,805.0,185.0,13.0,9.0,4.8,5.0,2.4,2.0,2.8,,Não,Não,6.833,5.0,-1,Melhorar: Melhorar a sua entrega de lições de casa.,Melhorar: Empenhar-se mais nas aulas e avaliações.,Melhorar: Integrar-se mais aos Princípios Passos Mágicos.,11.0,1.0,2022,,1,0
RA-483,1H,F,2019,Pública,Agata,6.3972,,,,9.0,6.0,2.52,5.6,5.0,6.2,,,,8.166666667,5.0,-2,,,,12.0,1.0,2023,7.916666667,0,0
RA-483,2B,F,2021,Pública,Agata,6.578604762,,,,8.502,5.6428571430000005,6.26,5.25,2.0,8.5,,,,8.056666667,5.0,-1,,,,13.0,2.0,2024,8.125,,
RA-484,A,M,2022,Escola Pública,Ágata,6.71,587.0,144.0,11.0,9.5,8.7,5.0,6.5,8.0,5.0,,Não,Não,6.389,5.0,-1,Destaque: A sua boa entrega das lições de casa.,Melhorar: Empenhar-se mais nas aulas e avaliações.,Melhorar: Integrar-se mais aos Princípios Passos Mágicos.,11.0,1.0,2022,,0,0
RA-484,2B,M,2022,Pública,Quartzo,5.515466667,,,,6.4,7.5,2.52,3.6,3.2,4.0,,,,6.8,5.0,-1,,,,12.0,2.0,2023,5.416666667,0,0
RA-484,3A,M,2022,Pública,Quartzo,3.8354776573333336,,,,8.334,3.9141382866666667,2.51,0.0,0.0,0.0,0.0,,,3.1225,10.0,0,,,,13.0,3.0,2024,3.4375,,
RA-485,A,M,2020,Escola Pública,Quartzo,4.742,837.0,191.0,14.0,9.5,4.0,7.5,1.2,1.0,1.3,,Não,Não,5.444,5.0,-1,Melhorar: Melhorar a sua entrega de lições de casa.,Melhorar: Empenhar-se mais nas aulas e avaliações.,Melhorar: Integrar-se mais aos Princípios Passos Mágicos.,10.0,1.0,2022,,,1
RA-486,A,F,2020,Escola Pública,Ametista,7.621,264.0,68.0,4.0,10.0,9.9,7.5,7.3,6.7,7.8,,Não,Não,7.222,5.0,-1,Destaque: A sua boa entrega das lições de casa.,Melhorar: Empenhar-se mais nas aulas e avaliações.,Melhorar: Integrar-se mais aos Princípios Passos Mágicos.,10.0,1.0,2022,,0,0
RA-486,2A,F,2020,Privada,Ametista,7.1043,,,,8.4,6.4,2.52,6.2,3.3,9.0,,,,8.7525,10.0,0,,,,11.0,2.0,2023,7.5,,1
RA-487,A,F,2019,Rede Decisão,Topázio,8.417,45.0,6.0,2.0,7.5,9.7,7.5,9.6,9.7,9.5,,Não,Sim,9.333,5.0,-1,Destaque: A sua boa entrega das lições de casa.,Destaque: As suas boas notas na Passos Mágicos.,Destaque: A sua boa integração aos Princípios Passos Mágicos.,10.0,1.0,2022,,0,0
RA-487,2A,F,2019,Privada - Programa de Apadrinhamento,Topázio,8.988866667,,,,8.5,9.9,5.0,9.5,9.2,9.7,,,,9.26,10.0,0,,,,11.0,2.0,2023,9.166666667,0,0
RA-487,3A,F,2021,Privada - Programa de Apadrinhamento,Topázio,9.4171373016,,,,9.168,9.441269841333334,9.38,9.666666666666666,10.0,9.0,10.0,,,9.1725,10.0,0,,,,12.0,3.0,2024,9.0625,,
RA-488,A,F,2022,Escola Pública,Ametista,7.413,351.0,92.0,8.0,8.5,8.8,7.5,7.3,6.0,8.5,,Não,Não,7.722,5.0,-1,Destaque: A sua boa entrega das lições de casa.,Melhorar: Empenhar-se mais nas aulas e avaliações.,Destaque: A sua boa integração aos Princípios Passos Mágicos.,10.0,1.0,2022,,,1
RA-489,A,F,2022,Escola Pública,Quartzo,5.853,743.0,176.0,12.0,9.0,7.2,7.5,0.0,0.0,0.0,,Não,Não,6.5,10.0,0,Melhorar: Melhorar a sua entrega de lições de casa.,Melhorar: Empenhar-se mais nas aulas e avaliações.,Melhorar: Integrar-se mais aos Princípios Passos Mágicos.,9.0,1.0,2022,,,1
RA-49,A,F,2022,Escola Pública,Ágata,6.304,687.0,42.0,6.0,7.5,7.4,7.5,3.9,1.5,4.2,6.2,Não,Não,7.042,5.0,-2,Melhorar: Melhorar a sua entrega de lições de casa.,Melhorar: Empenhar-se mais nas aulas e avaliações.,Melhorar: Integrar-se mais aos Princípios Passos Mágicos.,17.0,5.0,2022,,0,0
RA-49,8E,F,2022,Privada *Parcerias com Bolsa 100%,,,,,,,,,,,,,,,,10.0,0,,,,18.0,8.0,2023,,0,0
RA-49,8E,F,2022,Privada - Pagamento por *Empresa Parceira,,,,,,,0.0,,,,,,,,,10.0,0,,,,19.0,8.0,2024,,,
RA-490,A,F,2022,Escola Pública,Ametista,7.576,283.0,77.0,5.0,7.9,8.2,7.5,7.7,6.0,9.3,,Não,Sim,8.722,5.0,-1,Destaque: A sua boa entrega das lições de casa.,Destaque: As suas boas notas na Passos Mágicos.,Destaque: A sua boa integração aos Princípios Passos Mágicos.,10.0,1.0,2022,,0,0
RA-490,2A,F,2022,Privada,Ametista,7.429466667,,,,7.9,7.9,2.52,5.8,2.8,8.7,,,,9.0075,10.0,0,,,,11.0,2.0,2023,8.541666667,0,0
RA-490,3A,F,2022,Privada,Ametista,7.368084290266667,,,,9.168,5.5110047846666665,8.755,6.166666666666667,5.5,6.0,7.0,,,7.295,10.0,1,,,,12.0,3.0,2024,7.8125,,
RA-491,A,M,2022,Escola Pública,Ametista,7.461,329.0,86.0,7.0,7.5,9.7,7.5,7.0,6.0,8.0,,Não,Não,7.722,5.0,-1,Destaque: A sua boa entrega das lições de casa.,Melhorar: Empenhar-se mais nas aulas e avaliações.,Destaque: A sua boa integração aos Princípios Passos Mágicos.,11.0,1.0,2022,,0,0
RA-491,2A,M,2022,Pública,Ametista,7.560533333,,,,9.5,9.6,2.52,5.0,3.3,6.7,,,,8.3375,10.0,0,,,,11.0,2.0,2023,7.708333333,1,0
RA-491,2B,M,2022,Pública,Agata,6.995247619100001,,,,7.502,9.011904762,7.51,5.25,1.5,9.0,,,,7.166666667,5.0,-1,,,,12.0,2.0,2024,7.083333333,,
RA-492,A,F,2022,Escola Pública,Ametista,7.678,242.0,63.0,3.0,10.0,8.8,7.5,7.1,8.2,6.0,,Não,Não,8.278,5.0,-1,Destaque: A sua boa entrega das lições de casa.,Melhorar: Empenhar-se mais nas aulas e avaliações.,Destaque: A sua boa integração aos Princípios Passos Mágicos.,11.0,1.0,2022,,,1
RA-493,B,F,2020,Escola Pública,Topázio,8.306,61.0,12.0,1.0,10.0,9.4,7.5,7.2,7.3,7.0,,Não,Não,8.278,10.0,0,Destaque: A sua boa entrega das lições de casa.,Melhorar: Empenhar-se mais nas aulas e avaliações.,Destaque: A sua boa integração aos Princípios Passos Mágicos.,9.0,1.0,2022,,0,0
RA-493,2A,F,2020,Pública,Ametista,7.934366667,,,,9.5,9.6,2.52,6.0,4.7,7.2,,,,8.84,10.0,0,,,,10.0,2.0,2023,8.541666667,0,0
RA-493,3B,F,2021,Pública,Ametista,7.4643250000000005,,,,10.002,8.933333333333334,10.0,3.1666666666666665,3.0,4.0,2.5,,,6.705,10.0,1,,,,11.0,3.0,2024,7.03125,,
RA-494,B,F,2022,Escola Pública,Ágata,6.407,661.0,159.0,13.0,6.4,8.3,5.0,5.8,6.3,5.2,,Não,Não,6.944,5.0,-1,Destaque: A sua boa entrega das lições de casa.,Melhorar: Empenhar-se mais nas aulas e avaliações.,Melhorar: Integrar-se mais aos Princípios Passos Mágicos.,11.0,1.0,2022,,0,0
RA-494,2A,F,2022,Privada,Ametista,7.116633333,,,,6.9,9.0,2.52,6.8,6.3,7.3,,,,8.71,5.0,-1,,,,12.0,2.0,2023,7.708333333,0,0
RA-494,3A,F,2022,Privada,Ametista,7.922281328333334,,,,7.5,7.329323308333333,8.755,6.333333333333333,6.0,5.5,7.5,,,8.915,10.0,0,,,,13.0,3.0,2024,7.8125,,
RA-495,B,M,2022,Escola Pública,Ametista,7.857,184.0,42.0,6.0,9.0,8.9,7.5,8.4,8.0,8.8,,Não,Não,8.056,5.0,-1,Destaque: A sua boa entrega das lições de casa.,Destaque: As suas boas notas na Passos Mágicos.,Destaque: A sua boa integração aos Princípios Passos Mágicos.,11.0,1.0,2022,,0,0
RA-495,2B,M,2022,Privada,Ametista,7.417366667,,,,9.0,8.4,2.52,7.4,6.0,8.8,,,,8.755,5.0,-1,,,,12.0,2.0,2023,8.541666667,,1
RA-496,B,M,2018,Escola Pública,Ágata,6.683,595.0,145.0,12.0,8.5,6.8,7.5,5.7,5.8,5.5,,Não,Não,7.556,5.0,-1,Melhorar: Melhorar a sua entrega de lições de casa.,Melhorar: Empenhar-se mais nas aulas e avaliações.,Destaque: A sua boa integração aos Princípios Passos Mágicos.,11.0,1.0,2022,,0,0
RA-496,2A,M,2018,Privada,Agata,6.603666667,,,,0.0,7.1,5.0,8.3,7.5,9.0,,,,8.71,5.0,-1,,,,12.0,2.0,2023,7.916666667,0,0
RA-496,3A,M,2021,Privada,Agata,6.726607507733334,,,,10.002,5.315995871999999,6.255,5.666666666666667,5.0,4.5,7.5,,,6.1625,10.0,0,,,,13.0,3.0,2024,6.71875,,
RA-497,B,F,2016,Rede Decisão,Ágata,6.323,678.0,163.0,14.0,6.9,9.2,5.0,5.1,4.2,6.0,,Não,Não,5.833,5.0,-2,Destaque: A sua boa entrega das lições de casa.,Melhorar: Empenhar-se mais nas aulas e avaliações.,Melhorar: Integrar-se mais aos Princípios Passos Mágicos.,13.0,1.0,2022,,0,0
RA-497,2A,F,2016,Privada - Programa de apadrinhamento,Quartzo,5.7191,,,,5.3,8.7,2.52,3.5,1.7,5.3,,,,6.885,5.0,-2,,,,14.0,2.0,2023,6.25,0,0
RA-497,2B,F,2021,Privada - Programa de apadrinhamento,Quartzo,4.4960809524,,,,7.502,6.095238095,5.63,1.0,0.0,2.0,,,,3.506666667,5.0,-1,,,,15.0,2.0,2024,5.625,,
RA-498,B,F,2018,Escola Pública,Ametista,7.7,234.0,61.0,9.0,8.5,8.8,7.5,8.8,8.0,9.5,,Não,Não,7.556,5.0,-1,Destaque: A sua boa entrega das lições de casa.,Destaque: As suas boas notas na Passos Mágicos.,Destaque: A sua boa integração aos Princípios Passos Mágicos.,11.0,1.0,2022,,,1
RA-499,B,M,2020,Escola Pública,Ametista,7.826,196.0,46.0,7.0,8.5,10.0,7.5,8.2,8.2,8.2,,Não,Não,7.444,5.0,-1,Destaque: A sua boa entrega das lições de casa.,Destaque: As suas boas notas na Passos Mágicos.,Melhorar: Integrar-se mais aos Princípios Passos Mágicos.,10.0,1.0,2022,,0,0
RA-499,2C,M,2020,Pública,Ametista,7.8883,,,,7.9,10.0,2.52,6.6,5.3,7.8,,,,8.2975,10.0,0,,,,11.0,2.0,2023,8.75,0,0
RA-499,2C,M,2021,Pública,Ametista,7.5794738095000005,,,,8.502,9.0476190475,7.51,4.75,2.0,7.5,,,,7.5,10.0,0,,,,12.0,2.0,2024,7.1875,,
RA-5,A,F,2016,Rede Decisão,Ametista,7.427,344.0,6.0,2.0,7.9,8.6,5.6,5.2,7.0,2.9,5.7,Não,Não,7.389,10.0,0,Destaque: A sua boa entrega das lições de casa.,Melhorar: Empenhar-se mais nas aulas e avaliações.,Melhorar: Integrar-se mais aos Princípios Passos Mágicos.,17.0,7.0,2022,,0,0
RA-5,8E,F,2016,Privada *Parcerias com Bolsa 100%,,,,,,,,,,,,,,,,10.0,0,,,,18.0,8.0,2023,,,0
RA-50,A,F,2022,Escola Pública,Ametista,7.138,445.0,28.0,4.0,7.5,8.4,7.5,7.8,6.5,7.3,9.7,Não,Não,7.542,2.5,-3,Destaque: A sua boa entrega das lições de casa.,Destaque: As suas boas notas na Passos Mágicos.,Destaque: A sua boa integração aos Princípios Passos Mágicos.,18.0,5.0,2022,,,1
RA-500,B,F,2020,Escola Pública,Topázio,8.232,75.0,16.0,3.0,9.0,10.0,7.5,9.5,9.5,9.5,,Sim,Não,7.889,5.0,-1,Destaque: A sua boa entrega das lições de casa.,Destaque: As suas boas notas na Passos Mágicos.,Destaque: A sua boa integração aos Princípios Passos Mágicos.,10.0,1.0,2022,,0,0
RA-500,2C,F,2020,Pública,Topázio,8.427533333,,,,9.5,10.0,2.52,7.9,8.5,7.2,,,,8.7975,10.0,0,,,,11.0,2.0,2023,8.958333333,0,0
RA-500,3D,F,2021,Privada - Programa de Apadrinhamento,Topázio,8.077708333333334,,,,9.585,10.0,2.51,6.666666666666667,6.0,6.0,8.0,,,8.3775,10.0,0,,,,12.0,3.0,2024,8.59375,,
RA-501,B,M,2021,Escola Pública,Ametista,7.794,201.0,48.0,8.0,8.5,8.8,7.5,6.8,8.0,5.7,,Não,Não,7.333,10.0,0,Destaque: A sua boa entrega das lições de casa.,Melhorar: Empenhar-se mais nas aulas e avaliações.,Melhorar: Integrar-se mais aos Princípios Passos Mágicos.,9.0,1.0,2022,,1,0
RA-501,1C,M,2021,Pública,Topázio,8.1357,,,,7.0,8.4,7.52,8.9,9.2,8.5,,,,9.396666667,5.0,-1,,,,10.0,1.0,2023,8.541666667,0,0
RA-501,2D,M,2021,Privada,Topázio,8.2779474937,,,,7.002,7.9949874685,7.51,8.75,8.5,9.0,,,,8.17,10.0,0,,,,11.0,2.0,2024,8.4375,,
RA-502,B,F,2021,Rede Decisão,Topázio,8.287,62.0,13.0,2.0,9.5,9.7,7.5,7.4,6.7,8.2,,Não,Não,7.778,10.0,1,Destaque: A sua boa entrega das lições de casa.,Melhorar: Empenhar-se mais nas aulas e avaliações.,Destaque: A sua boa integração aos Princípios Passos Mágicos.,8.0,1.0,2022,,1,0
RA-502,1B,F,2021,Privada - Programa de Apadrinhamento,Topázio,8.749075,,,,8.5,9.8,7.52,8.0,6.7,9.3,,,,8.95,10.0,0,,,,9.0,1.0,2023,7.96875,0,0
RA-502,2D,F,2021,Privada - Programa de Apadrinhamento,Topázio,8.5023309524,,,,9.002,9.761904762,3.755,8.0,6.0,10.0,,,,8.84,10.0,0,,,,10.0,2.0,2024,9.0625,,
RA-503,B,M,2020,Escola Pública,Ametista,7.95,155.0,38.0,5.0,8.5,10.0,7.5,8.8,8.7,9.0,,Não,Não,7.5,5.0,-1,Destaque: A sua boa entrega das lições de casa.,Destaque: As suas boas notas na Passos Mágicos.,Destaque: A sua boa integração aos Princípios Passos Mágicos.,10.0,1.0,2022,,0,0
RA-503,2C,M,2020,Pública,Topázio,8.4682,,,,9.5,10.0,2.52,8.7,8.7,8.7,,,,8.255,10.0,0,,,,11.0,2.0,2023,8.75,0,0
RA-503,3D,M,2021,Pública,Topázio,8.547495614066667,,,,9.585,9.824561403666666,7.51,7.666666666666667,6.0,8.0,9.0,,,7.7925,10.0,1,,,,12.0,3.0,2024,7.8125,,
RA-504,B,F,2021,Escola Pública,Topázio,8.072,124.0,29.0,4.0,8.5,8.9,7.5,8.0,7.8,8.2,,Não,Não,7.556,10.0,0,Destaque: A sua boa entrega das lições de casa.,Destaque: As suas boas notas na Passos Mágicos.,Destaque: A sua boa integração aos Princípios Passos Mágicos.,9.0,1.0,2022,,0,0
RA-504,1B,F,2021,Pública,Topázio,8.299533333,,,,8.0,8.3,7.52,7.9,6.5,9.2,,,,8.836666667,10.0,0,,,,9.0,1.0,2023,7.5,,1
RA-505,B,F,2019,Escola Pública,Ametista,7.591,276.0,73.0,10.0,9.5,8.0,7.5,8.4,8.2,8.7,,Não,Não,7.556,5.0,-1,Destaque: A sua boa entrega das lições de casa.,Destaque: As suas boas notas na Passos Mágicos.,Destaque: A sua boa integração aos Princípios Passos Mágicos.,11.0,1.0,2022,,,1
RA-506,B,M,2020,Escola Pública,Ametista,7.132,446.0,113.0,11.0,9.5,7.3,7.5,7.2,8.3,6.0,,Não,Não,7.278,5.0,-2,Melhorar: Melhorar a sua entrega de lições de casa.,Melhorar: Empenhar-se mais nas aulas e avaliações.,Melhorar: Integrar-se mais aos Princípios Passos Mágicos.,12.0,1.0,2022,,0,0
RA-506,2D,M,2020,Pública,Ametista,7.750033333,,,,9.5,8.1,5.0,8.5,7.3,9.7,,,,7.92,5.0,-1,,,,13.0,2.0,2023,8.958333333,,1
RA-507,C,F,2021,Escola Pública,Ametista,7.653,254.0,66.0,4.0,8.5,10.0,7.5,7.4,7.3,7.5,,Não,Não,7.222,5.0,-1,Destaque: A sua boa entrega das lições de casa.,Melhorar: Empenhar-se mais nas aulas e avaliações.,Melhorar: Integrar-se mais aos Princípios Passos Mágicos.,11.0,1.0,2022,,,1
RA-508,C,M,2022,Escola Pública,Ágata,6.575,636.0,155.0,10.0,8.0,7.4,7.5,4.5,0.0,9.0,,Não,Não,7.556,5.0,-1,Melhorar: Melhorar a sua entrega de lições de casa.,Melhorar: Empenhar-se mais nas aulas e avaliações.,Destaque: A sua boa integração aos Princípios Passos Mágicos.,10.0,1.0,2022,,0,0
RA-508,2B,M,2022,Pública,Ametista,7.671633333,,,,6.4,8.6,2.52,7.5,6.2,8.7,,,,8.6725,10.0,0,,,,10.0,2.0,2023,8.333333333,0,0
RA-508,3D,M,2022,Pública,Agata,6.771708625733333,,,,7.083,5.567251461999999,7.51,4.666666666666667,0.0,7.0,7.0,,,7.5,10.0,1,,,,12.0,3.0,2024,7.65625,,
RA-509,C,F,2018,Escola Pública,Ametista,7.808,199.0,47.0,3.0,9.0,8.2,7.5,9.2,9.3,9.0,,Sim,Não,7.833,5.0,-2,Destaque: A sua boa entrega das lições de casa.,Destaque: As suas boas notas na Passos Mágicos.,Destaque: A sua boa integração aos Princípios Passos Mágicos.,12.0,1.0,2022,,0,0
RA-509,2C,F,2018,Pública,Ametista,7.606033333,,,,8.5,8.1,2.52,8.6,8.2,9.0,,,,8.84,5.0,-1,,,,12.0,2.0,2023,8.958333333,0,0
RA-509,3D,F,2021,Pública,Agata,6.918152272733334,,,,9.168,6.363636363666667,2.51,6.0,6.0,4.5,7.5,,,7.2475,10.0,0,,,,13.0,3.0,2024,8.28125,,
RA-51,B,F,2022,Escola Pública,Ágata,6.488,645.0,39.0,13.0,8.8,7.6,7.5,5.0,4.5,4.5,6.0,Não,Não,6.5,5.0,-2,Destaque: A sua boa entrega das lições de casa.,Melhorar: Empenhar-se mais nas aulas e avaliações.,Melhorar: Integrar-se mais aos Princípios Passos Mágicos.,17.0,5.0,2022,,,1
RA-510,C,M,2022,Escola Pública,Ametista,7.336,379.0,98.0,6.0,8.0,9.3,7.5,7.1,5.8,8.3,,Não,Não,7.056,5.0,-2,Destaque: A sua boa entrega das lições de casa.,Melhorar: Empenhar-se mais nas aulas e avaliações.,Melhorar: Integrar-se mais aos Princípios Passos Mágicos.,12.0,1.0,2022,,,1
RA-511,C,F,2022,Escola Pública,Ametista,7.094,458.0,117.0,7.0,8.0,10.0,7.5,5.3,2.0,8.5,,Não,Não,7.056,5.0,-1,Destaque: A sua boa entrega das lições de casa.,Melhorar: Empenhar-se mais nas aulas e avaliações.,Melhorar: Integrar-se mais aos Princípios Passos Mágicos.,10.0,1.0,2022,,,1
RA-512,C,F,2022,Escola Pública,Ametista,7.365,374.0,97.0,5.0,9.0,9.3,7.5,6.2,5.3,7.0,,Não,Não,7.722,5.0,-1,Destaque: A sua boa entrega das lições de casa.,Melhorar: Empenhar-se mais nas aulas e avaliações.,Destaque: A sua boa integração aos Princípios Passos Mágicos.,10.0,1.0,2022,,,1
RA-513,C,M,2021,Escola Pública,Topázio,8.229,77.0,17.0,2.0,9.0,9.6,5.6,8.3,8.2,8.5,,Não,Não,7.778,10.0,0,Destaque: A sua boa entrega das lições de casa.,Destaque: As suas boas notas na Passos Mágicos.,Destaque: A sua boa integração aos Princípios Passos Mágicos.,9.0,1.0,2022,,0,0
RA-513,2A,M,2021,Privada,Topázio,8.297866667,,,,9.5,9.7,2.52,7.5,7.2,7.8,,,,9.0075,10.0,0,,,,10.0,2.0,2023,8.541666667,0,0
RA-513,3B,M,2021,Privada,Topázio,8.728632539666668,,,,10.002,8.831746031666666,8.135,7.666666666666667,9.0,5.5,8.5,,,8.545,10.0,1,,,,11.0,3.0,2024,9.0625,,
RA-514,C,F,2022,Escola Pública,Ametista,7.039,476.0,123.0,8.0,8.0,9.7,7.5,4.8,2.0,7.5,,Não,Não,5.889,10.0,0,Destaque: A sua boa entrega das lições de casa.,Melhorar: Empenhar-se mais nas aulas e avaliações.,Melhorar: Integrar-se mais aos Princípios Passos Mágicos.,9.0,1.0,2022,,1,0
RA-514,1A,F,2022,Pública,Quartzo,5.823133333,,,,7.9,7.5,2.52,5.5,4.2,6.8,,,,5.896666667,5.0,-1,,,,10.0,1.0,2023,5.0,0,0
RA-514,2C,F,2022,Pública,Agata,6.219580952400001,,,,9.002,7.595238095,4.385,3.0,3.0,3.0,,,,5.996666667,10.0,0,,,,11.0,2.0,2024,5.625,,
RA-515,C,M,2022,Escola Pública,Ágata,6.582,631.0,154.0,9.0,8.0,6.3,7.5,5.8,8.5,3.2,,Não,Não,7.556,5.0,-2,Melhorar: Melhorar a sua entrega de lições de casa.,Melhorar: Empenhar-se mais nas aulas e avaliações.,Destaque: A sua boa integração aos Princípios Passos Mágicos.,12.0,1.0,2022,,,1
RA-516,C,M,2019,Rede Decisão,Topázio,8.903,8.0,2.0,1.0,10.0,9.7,7.5,9.9,10.0,9.8,,Não,Não,8.056,10.0,0,Destaque: A sua boa entrega das lições de casa.,Destaque: As suas boas notas na Passos Mágicos.,Destaque: A sua boa integração aos Princípios Passos Mágicos.,9.0,1.0,2022,,0,0
RA-516,2B,M,2019,Privada - Programa de Apadrinhamento,Topázio,8.6807,,,,10.0,9.8,2.52,9.3,9.0,9.5,,,,8.7175,10.0,0,,,,10.0,2.0,2023,8.75,0,0
RA-516,3C,M,2021,Privada - Programa de Apadrinhamento,Topázio,8.384033333366668,,,,10.002,10.0,2.51,8.833333333333334,8.0,8.5,10.0,,,7.56,10.0,1,,,,11.0,3.0,2024,8.541666667,,
RA-517,D,F,2017,Escola Pública,Ametista,7.604,271.0,70.0,8.0,6.9,9.5,7.5,7.7,7.8,7.5,,Não,Não,7.833,5.0,-2,Destaque: A sua boa entrega das lições de casa.,Destaque: As suas boas notas na Passos Mágicos.,Destaque: A sua boa integração aos Princípios Passos Mágicos.,12.0,1.0,2022,,0,0
RA-517,2D,F,2017,Pública,Agata,6.3104,,,,4.1,9.0,2.52,6.6,4.5,8.7,,,,6.7125,5.0,-1,,,,13.0,2.0,2023,6.875,0,0
RA-517,3C,F,2021,Pública,Quartzo,5.880466583166668,,,,7.5,5.266499582333334,2.51,5.0,4.5,4.0,6.5,,,6.11,10.0,0,,,,14.0,3.0,2024,6.041666667,,
RA-518,D,M,2022,Escola Pública,Ametista,7.661,251.0,65.0,7.0,9.0,9.4,7.5,7.5,6.0,9.0,,Não,Não,7.5,5.0,-1,Destaque: A sua boa entrega das lições de casa.,Destaque: As suas boas notas na Passos Mágicos.,Destaque: A sua boa integração aos Princípios Passos Mágicos.,10.0,1.0,2022,,0,0
RA-518,2D,M,2022,Pública,Ametista,7.5762,,,,8.5,8.5,5.0,6.7,5.5,7.8,,,,6.9175,10.0,0,,,,11.0,2.0,2023,8.125,0,0
RA-518,3C,M,2022,Pública,Agata,6.3467483709,,,,8.334,6.8300751879999995,2.51,4.0,7.5,3.5,1.0,,,6.94,10.0,0,,,,12.0,3.0,2024,7.083333333,,
RA-519,D,M,2022,Escola Pública,Ametista,8.0,144.0,36.0,5.0,7.4,9.6,7.5,7.5,7.0,8.0,,Não,Não,7.333,10.0,0,Destaque: A sua boa entrega das lições de casa.,Destaque: As suas boas notas na Passos Mágicos.,Melhorar: Integrar-se mais aos Princípios Passos Mágicos.,9.0,1.0,2022,,1,0
RA-519,1G,M,2022,Pública,Topázio,8.0177,,,,9.0,9.9,7.52,7.4,7.5,7.2,,,,8.223333333,5.0,-1,,,,10.0,1.0,2023,7.708333333,,1
RA-52,B,M,2018,Rede Decisão,Ametista,7.861,183.0,12.0,5.0,9.6,8.9,7.5,6.2,3.3,6.3,8.8,Não,Não,7.5,10.0,2,Destaque: A sua boa entrega das lições de casa.,Melhorar: Empenhar-se mais nas aulas e avaliações.,Destaque: A sua boa integração aos Princípios Passos Mágicos.,13.0,5.0,2022,,1,0
RA-52,5B,M,2018,Privada - Programa de Apadrinhamento,Ametista,7.9642,,,,10.0,9.8,2.52,6.4,7.7,4.8,6.7,,,8.2975,10.0,1,,,,14.0,5.0,2023,8.125,0,0
RA-52,7E,M,2021,Privada *Parcerias com Bolsa 100%,Topázio,8.144466666733333,,,,8.751,9.437666667,6.885,7.216666666666666,6.8,8.85,6.0,,,7.5,10.0,2,,,,15.0,7.0,2024,7.5,,
RA-520,D,F,2022,Escola Pública,Ametista,7.035,478.0,125.0,10.0,10.0,6.8,7.5,6.8,5.0,8.5,,Não,Não,7.278,5.0,-1,Melhorar: Melhorar a sua entrega de lições de casa.,Melhorar: Empenhar-se mais nas aulas e avaliações.,Melhorar: Integrar-se mais aos Princípios Passos Mágicos.,11.0,1.0,2022,,,1
RA-521,D,M,2022,Escola Pública,Ametista,7.725,228.0,59.0,6.0,9.0,10.0,5.0,6.0,5.0,7.0,,Não,Não,7.5,10.0,0,Destaque: A sua boa entrega das lições de casa.,Melhorar: Empenhar-se mais nas aulas e avaliações.,Destaque: A sua boa integração aos Princípios Passos Mágicos.,9.0,1.0,2022,,1,0
RA-521,1G,M,2022,Pública,Agata,6.768666667,,,,0.0,9.9,3.77,7.9,7.0,8.7,,,,8.166666667,5.0,-1,,,,10.0,1.0,2023,7.083333333,0,0
RA-521,2A,M,2022,Privada,Ametista,7.4798428571999995,,,,8.002,9.0357142855,5.005,6.25,7.0,5.5,,,,7.276666667,10.0,0,,,,11.0,2.0,2024,6.666666667,,
RA-522,D,M,2021,Escola Pública,Topázio,8.306,60.0,11.0,1.0,9.5,9.1,7.5,7.5,7.0,8.0,,Não,Não,8.167,10.0,0,Destaque: A sua boa entrega das lições de casa.,Destaque: As suas boas notas na Passos Mágicos.,Destaque: A sua boa integração aos Princípios Passos Mágicos.,9.0,1.0,2022,,1,0
RA-522,1C,M,2021,Pública,Ametista,7.890533333,,,,7.5,9.2,7.52,8.3,8.3,8.2,,,,8.45,5.0,-1,,,,10.0,1.0,2023,7.083333333,0,0
RA-522,2D,M,2021,Pública,Topázio,8.6777119048,,,,8.002,9.523809524,7.51,9.0,9.5,8.5,,,,7.89,10.0,0,,,,11.0,2.0,2024,8.4375,,
RA-523,D,F,2022,Escola Pública,Ametista,7.591,278.0,74.0,9.0,10.0,9.5,7.5,6.5,5.0,8.0,,Não,Não,7.556,5.0,-1,Destaque: A sua boa entrega das lições de casa.,Melhorar: Empenhar-se mais nas aulas e avaliações.,Destaque: A sua boa integração aos Princípios Passos Mágicos.,11.0,1.0,2022,,,1
RA-524,D,M,2019,Escola Pública,Ágata,6.947,507.0,132.0,11.0,0.0,9.4,5.0,9.1,9.0,9.2,,Sim,Não,8.056,5.0,-1,Destaque: A sua boa entrega das lições de casa.,Destaque: As suas boas notas na Passos Mágicos.,Destaque: A sua boa integração aos Princípios Passos Mágicos.,11.0,1.0,2022,,0,0
RA-524,2D,M,2019,Pública,Ametista,7.331133333,,,,6.4,9.2,2.52,8.9,9.0,8.8,,,,7.42,5.0,-1,,,,12.0,2.0,2023,8.333333333,0,0
RA-524,3C,M,2021,Pública,Ametista,7.026322556366667,,,,7.083,5.111779448666667,2.51,8.666666666666666,8.5,7.5,10.0,,,7.39,10.0,0,,,,13.0,3.0,2024,8.333333333,,
RA-525,D,F,2021,Escola Pública,Ametista,8.013,138.0,35.0,4.0,9.0,9.3,7.5,8.6,8.3,8.8,,Não,Não,8.167,5.0,-1,Destaque: A sua boa entrega das lições de casa.,Destaque: As suas boas notas na Passos Mágicos.,Destaque: A sua boa integração aos Princípios Passos Mágicos.,11.0,1.0,2022,,0,0
RA-525,2I,F,2021,Pública,Ametista,7.911366667,,,,8.0,8.6,2.52,9.2,8.8,9.5,,,,9.566666667,5.0,-1,,,,12.0,2.0,2023,8.958333333,,1
RA-526,D,M,2022,Escola Pública,Topázio,8.079,123.0,28.0,2.0,10.0,9.9,7.5,8.0,7.7,8.3,,Não,Não,8.167,5.0,-2,Destaque: A sua boa entrega das lições de casa.,Destaque: As suas boas notas na Passos Mágicos.,Destaque: A sua boa integração aos Princípios Passos Mágicos.,12.0,1.0,2022,,0,0
RA-526,2D,M,2022,Pública,Topázio,8.0957,,,,9.5,9.8,5.0,8.8,8.3,9.3,,,,7.7525,5.0,-1,,,,13.0,2.0,2023,8.75,0,0
RA-526,3C,M,2022,Pública,Ametista,7.843157894833334,,,,9.585,9.382456140333334,8.13,7.333333333333333,8.5,3.5,10.0,,,7.496666667,5.0,-1,,,,14.0,3.0,2024,7.291666667,,
RA-527,D,F,2022,Escola Pública,Ametista,8.025,135.0,33.0,3.0,8.5,10.0,7.5,6.5,5.0,8.0,,Não,Não,7.5,10.0,0,Destaque: A sua boa entrega das lições de casa.,Melhorar: Empenhar-se mais nas aulas e avaliações.,Destaque: A sua boa integração aos Princípios Passos Mágicos.,9.0,1.0,2022,,1,0
RA-527,1C,F,2022,Pública,Ametista,7.5682,,,,9.0,9.1,7.52,6.5,5.7,7.2,,,,7.78,5.0,-1,,,,10.0,1.0,2023,7.5,0,0
RA-527,2D,F,2022,Pública,Topázio,8.1403666666,,,,9.002,10.0,7.51,6.0,6.5,5.5,,,,7.383333333,10.0,0,,,,11.0,2.0,2024,8.125,,
RA-528,D,M,2021,Escola Pública,Quartzo,5.335,798.0,183.0,13.0,0.0,6.2,7.5,4.0,5.3,2.7,,Não,Não,6.944,5.0,-1,Melhorar: Melhorar a sua entrega de lições de casa.,Melhorar: Empenhar-se mais nas aulas e avaliações.,Melhorar: Integrar-se mais aos Princípios Passos Mágicos.,11.0,1.0,2022,,0,0
RA-528,2D,M,2021,Pública,Ametista,7.6892,,,,9.0,8.5,5.0,8.2,7.5,8.8,,,,7.92,5.0,-1,,,,12.0,2.0,2023,8.75,0,0
RA-528,3C,M,2021,Pública,Ametista,7.276330075300001,,,,9.168,5.793483709333334,7.51,6.666666666666667,8.5,4.5,7.0,,,6.936666667,10.0,0,,,,13.0,3.0,2024,7.291666667,,
RA-529,D,M,2020,Escola Pública,Ágata,6.51,643.0,156.0,12.0,8.5,8.9,5.0,5.2,3.3,7.0,,Não,Não,6.556,5.0,-2,Destaque: A sua boa entrega das lições de casa.,Melhorar: Empenhar-se mais nas aulas e avaliações.,Melhorar: Integrar-se mais aos Princípios Passos Mágicos.,12.0,1.0,2022,,0,0
RA-529,1B,M,2020,Pública,Ametista,7.278991667,,,,8.0,9.6,7.52,6.8,4.8,8.7,,,,6.893333333,5.0,-2,,,,13.0,1.0,2023,5.78125,0,0
RA-529,2A,M,2021,Pública,Quartzo,5.2661285715,,,,7.002,6.6071428569999995,4.38,4.25,2.5,6.0,,,,4.886666667,5.0,-1,,,,14.0,2.0,2024,4.791666667,,
RA-53,B,M,2022,Escola Pública,Ágata,6.725,579.0,32.0,11.0,9.2,7.0,7.5,7.0,6.0,8.0,,Não,Não,6.458,5.0,-2,Melhorar: Melhorar a sua entrega de lições de casa.,Melhorar: Empenhar-se mais nas aulas e avaliações.,Melhorar: Integrar-se mais aos Princípios Passos Mágicos.,17.0,5.0,2022,,0,0
RA-53,6A,M,2022,Concluiu o 3º EM,Ametista,7.600633333,,,,9.2,9.1,5.63,7.7,7.3,6.5,9.2,,,7.5875,5.0,-2,,,,18.0,6.0,2023,7.5,,1
RA-530,E,M,2019,Escola Pública,Topázio,8.338,56.0,9.0,1.0,10.0,9.0,7.5,8.9,9.0,8.8,,Sim,Sim,9.056,5.0,-1,Destaque: A sua boa entrega das lições de casa.,Destaque: As suas boas notas na Passos Mágicos.,Destaque: A sua boa integração aos Princípios Passos Mágicos.,10.0,1.0,2022,,0,0
RA-530,2D,M,2019,Pública,Ametista,7.653033333,,,,10.0,8.8,5.0,5.7,5.8,5.5,,,,7.46,10.0,0,,,,11.0,2.0,2023,7.708333333,0,0
RA-530,3C,M,2021,Pública,Ametista,7.214534419433333,,,,8.751,6.468838763666667,9.38,4.5,4.0,6.0,3.5,,,7.496666667,10.0,0,,,,12.0,3.0,2024,7.083333333,,
RA-531,E,M,2022,Escola Pública,Ametista,8.057,132.0,31.0,2.0,9.5,9.8,7.5,7.8,8.7,7.0,,Sim,Não,8.167,5.0,-1,Destaque: A sua boa entrega das lições de casa.,Destaque: As suas boas notas na Passos Mágicos.,Destaque: A sua boa integração aos Princípios Passos Mágicos.,10.0,1.0,2022,,0,0
RA-531,2B,M,2022,Pública,Topázio,8.3252,,,,9.5,10.0,2.52,7.7,6.3,9.0,,,,8.59,10.0,0,,,,11.0,2.0,2023,8.75,0,0
RA-531,3B,M,2022,Pública,Ametista,7.9127926470666665,,,,9.168,9.803921568666667,4.38,6.666666666666667,6.5,4.5,9.0,,,7.335,10.0,0,,,,12.0,3.0,2024,7.96875,,
RA-532,E,F,2022,Escola Pública,Ametista,7.792,203.0,49.0,3.0,9.5,9.7,7.5,5.5,4.0,7.0,,Não,Não,7.167,10.0,0,Destaque: A sua boa entrega das lições de casa.,Melhorar: Empenhar-se mais nas aulas e avaliações.,Melhorar: Integrar-se mais aos Princípios Passos Mágicos.,9.0,1.0,2022,,,1
RA-533,E,M,2022,Escola Pública,Ágata,6.962,499.0,130.0,5.0,8.5,8.8,5.6,6.0,5.0,7.0,,Não,Não,7.333,5.0,-1,Destaque: A sua boa entrega das lições de casa.,Melhorar: Empenhar-se mais nas aulas e avaliações.,Melhorar: Integrar-se mais aos Princípios Passos Mágicos.,10.0,1.0,2022,,0,0
RA-533,1B,M,2022,Pública,Ametista,7.434866667,,,,9.0,9.3,7.52,5.8,4.8,6.7,,,,7.613333333,5.0,-1,,,,11.0,1.0,2023,7.5,,1
RA-534,E,F,2021,Escola Pública,Ametista,7.131,447.0,114.0,4.0,9.0,7.4,7.5,7.1,6.5,7.7,,Não,Não,7.333,5.0,-2,Melhorar: Melhorar a sua entrega de lições de casa.,Melhorar: Empenhar-se mais nas aulas e avaliações.,Melhorar: Integrar-se mais aos Princípios Passos Mágicos.,12.0,1.0,2022,,0,0
RA-534,2D,M,2021,Pública,Quartzo,5.8385,,,,0.0,8.1,2.52,5.4,3.7,7.0,,,,7.92,5.0,-1,,,,13.0,2.0,2023,8.125,0,0
RA-534,3C,M,2021,Pública,Ametista,7.088855054266667,,,,9.585,6.043441938333333,7.51,5.0,4.0,4.0,7.0,,,7.103333333,10.0,0,,,,14.0,3.0,2024,7.5,,
RA-535,F,F,2019,Escola Pública,Ágata,6.953,504.0,131.0,6.0,9.0,9.2,7.5,5.1,4.7,5.5,,Não,Não,6.917,5.0,-1,Destaque: A sua boa entrega das lições de casa.,Melhorar: Empenhar-se mais nas aulas e avaliações.,Melhorar: Integrar-se mais aos Princípios Passos Mágicos.,10.0,1.0,2022,,0,0
RA-535,2G,F,2019,Pública,Topázio,8.0027,,,,9.0,9.4,5.0,5.6,4.7,6.5,,,,8.95,10.0,0,,,,11.0,2.0,2023,8.125,0,0
RA-535,3H,F,2021,Pública,Ametista,7.659555952400001,,,,9.168,7.161904762,8.135,6.0,7.0,5.5,5.5,,,7.5,10.0,0,,,,12.0,3.0,2024,7.96875,,
RA-536,F,F,2020,Escola Pública,Ametista,7.106,454.0,116.0,4.0,9.5,8.9,5.6,6.0,6.3,5.7,,Não,Não,7.75,5.0,-1,Destaque: A sua boa entrega das lições de casa.,Melhorar: Empenhar-se mais nas aulas e avaliações.,Destaque: A sua boa integração aos Princípios Passos Mágicos.,10.0,1.0,2022,,0,0
RA-536,2A,F,2020,Pública,Ametista,7.759533333,,,,8.0,9.3,2.52,5.9,5.0,6.8,,,,9.17,10.0,0,,,,10.0,2.0,2023,8.333333333,0,0
RA-536,3B,F,2021,Pública,Ametista,7.7704681818,,,,8.334,9.109090909,8.135,5.5,6.5,4.5,5.5,,,7.415,10.0,1,,,,11.0,3.0,2024,7.1875,,
RA-537,F,M,2022,Escola Pública,Ágata,6.641,612.0,147.0,7.0,9.5,9.0,4.4,4.8,2.5,7.0,,Não,Não,7.167,5.0,-1,Destaque: A sua boa entrega das lições de casa.,Melhorar: Empenhar-se mais nas aulas e avaliações.,Melhorar: Integrar-se mais aos Princípios Passos Mágicos.,10.0,1.0,2022,,,1
RA-538,F,M,2022,Escola Pública,Ágata,6.309,684.0,164.0,8.0,8.5,7.5,5.6,6.8,4.5,9.0,,Não,Não,5.583,5.0,-2,Melhorar: Melhorar a sua entrega de lições de casa.,Melhorar: Empenhar-se mais nas aulas e avaliações.,Melhorar: Integrar-se mais aos Princípios Passos Mágicos.,13.0,1.0,2022,,0,0
RA-538,2G,M,2022,Pública,Agata,6.413466667,,,,7.4,8.6,2.52,4.7,3.5,5.8,,,,7.39,5.0,-1,,,,13.0,2.0,2023,7.916666667,0,0
RA-538,3H,M,2022,Pública,Agata,6.514094017066666,,,,8.751,7.668803418666666,7.51,6.166666666666667,10.0,4.5,4.0,,,5.292,5.0,-1,,,,14.0,3.0,2024,5.625,,
RA-539,F,F,2022,Escola Pública,Ametista,7.665,249.0,64.0,1.0,8.5,9.3,6.9,7.5,6.8,8.2,,Não,Sim,8.417,5.0,-1,Destaque: A sua boa entrega das lições de casa.,Destaque: As suas boas notas na Passos Mágicos.,Destaque: A sua boa integração aos Princípios Passos Mágicos.,11.0,1.0,2022,,0,0
RA-539,2F,F,2022,Pública,Ametista,7.796866667,,,,9.5,8.6,2.52,8.5,7.2,9.7,,,,8.84,5.0,-1,,,,12.0,2.0,2023,9.166666667,0,0
RA-539,3G,F,2022,Privada - Programa de Apadrinhamento,Topázio,8.465533333333335,,,,10.002,9.233333333333333,7.51,5.833333333333333,5.0,3.5,9.0,,,9.13,10.0,0,,,,13.0,3.0,2024,8.75,,
RA-54,B,F,2022,Escola Pública,Ágata,6.058,716.0,45.0,14.0,7.9,6.9,7.5,4.8,3.0,6.5,,Não,Não,6.125,5.0,-1,Melhorar: Melhorar a sua entrega de lições de casa.,Melhorar: Empenhar-se mais nas aulas e avaliações.,Melhorar: Integrar-se mais aos Princípios Passos Mágicos.,16.0,5.0,2022,,,1
RA-540,F,F,2019,Escola Pública,Ametista,7.303,390.0,101.0,2.0,8.5,9.5,5.6,7.0,6.8,7.2,,Não,Não,7.5,5.0,-1,Destaque: A sua boa entrega das lições de casa.,Melhorar: Empenhar-se mais nas aulas e avaliações.,Destaque: A sua boa integração aos Princípios Passos Mágicos.,10.0,1.0,2022,,0,0
RA-540,2F,F,2019,Pública,Topázio,8.216033333,,,,8.5,8.8,5.0,7.1,6.5,7.7,,,,8.95,10.0,0,,,,11.0,2.0,2023,8.958333333,,1
RA-541,F,M,2022,Escola Pública,Quartzo,5.427,793.0,182.0,10.0,10.0,7.8,6.9,2.5,0.0,5.0,,Não,Não,5.0,2.5,-3,Destaque: A sua boa entrega das lições de casa.,Melhorar: Empenhar-se mais nas aulas e avaliações.,Melhorar: Integrar-se mais aos Princípios Passos Mágicos.,14.0,1.0,2022,,,1
RA-542,F,F,2019,Escola Pública,Ametista,7.221,419.0,107.0,3.0,8.0,9.8,6.3,6.5,5.3,7.7,,Não,Não,7.417,5.0,-1,Destaque: A sua boa entrega das lições de casa.,Melhorar: Empenhar-se mais nas aulas e avaliações.,Melhorar: Integrar-se mais aos Princípios Passos Mágicos.,11.0,1.0,2022,,0,0
RA-542,2H,F,2019,Pública,Ametista,7.816533333,,,,9.5,9.7,5.0,6.3,5.2,7.3,,,,9.006666667,5.0,-1,,,,12.0,2.0,2023,8.75,0,0
RA-542,3F,F,2021,Pública,Agata,6.7205649586,,,,8.751,6.481366459666667,8.13,3.9333333333333336,1.5,5.0,5.3,,,6.232,10.0,0,,,,13.0,3.0,2024,7.03125,,
RA-543,F,F,2022,Escola Pública,Ametista,7.05,471.0,121.0,5.0,8.5,9.8,4.4,6.5,5.0,8.0,,Não,Não,7.167,5.0,-1,Destaque: A sua boa entrega das lições de casa.,Melhorar: Empenhar-se mais nas aulas e avaliações.,Melhorar: Integrar-se mais aos Princípios Passos Mágicos.,10.0,1.0,2022,,0,0
RA-543,2H,F,2022,Pública,Ametista,7.971833333,,,,7.8,9.8,2.52,6.5,5.5,7.5,,,,9.006666667,10.0,0,,,,11.0,2.0,2023,8.75,0,0
RA-543,3F,F,2022,Pública,Topázio,8.0467871118,,,,8.751,9.616977225666666,2.51,6.833333333333333,7.0,6.5,7.0,,,8.7,10.0,1,,,,12.0,3.0,2024,8.90625,,
RA-544,F,M,2022,Escola Pública,Ágata,6.307,686.0,165.0,9.0,9.5,9.7,5.6,3.3,1.0,5.5,,Não,Não,6.0,5.0,-1,Destaque: A sua boa entrega das lições de casa.,Melhorar: Empenhar-se mais nas aulas e avaliações.,Melhorar: Integrar-se mais aos Princípios Passos Mágicos.,10.0,1.0,2022,,,1
RA-545,G,M,2018,Escola Pública,Ágata,6.723,580.0,142.0,6.0,9.5,6.6,7.5,5.5,4.3,6.7,,Não,Não,7.5,5.0,-2,Melhorar: Melhorar a sua entrega de lições de casa.,Melhorar: Empenhar-se mais nas aulas e avaliações.,Destaque: A sua boa integração aos Princípios Passos Mágicos.,13.0,1.0,2022,,,1
RA-546,G,F,2021,Escola Pública,Ágata,6.77,564.0,138.0,5.0,9.0,7.9,5.0,5.6,3.3,7.8,,Não,Não,7.917,5.0,-1,Destaque: A sua boa entrega das lições de casa.,Melhorar: Empenhar-se mais nas aulas e avaliações.,Destaque: A sua boa integração aos Princípios Passos Mágicos.,11.0,1.0,2022,,0,0
RA-546,2H,F,2021,Pública,Agata,6.031666667,,,,0.0,7.2,2.52,5.7,3.5,7.8,,,,9.173333333,5.0,-1,,,,12.0,2.0,2023,8.75,0,0
RA-546,3B,F,2021,Pública,Quartzo,5.702426010066667,,,,5.832,3.7838383836666662,8.135,4.666666666666667,0.0,4.0,10.0,,,5.5,10.0,0,,,,13.0,3.0,2024,5.15625,,
RA-547,G,F,2019,Escola Pública,Ametista,7.745,218.0,56.0,1.0,9.5,9.7,5.0,7.6,7.3,7.8,,Não,Sim,8.833,5.0,-1,Destaque: A sua boa entrega das lições de casa.,Destaque: As suas boas notas na Passos Mágicos.,Destaque: A sua boa integração aos Princípios Passos Mágicos.,11.0,1.0,2022,,0,0
RA-547,2G,F,2019,Pública,Agata,6.467,,,,0.0,9.1,2.52,6.2,5.0,7.3,,,,8.95,5.0,-1,,,,12.0,2.0,2023,8.75,0,0
RA-547,3H,F,2021,Pública,Ametista,7.2102906723333335,,,,8.751,7.030620028333334,8.135,6.833333333333333,9.0,4.5,7.0,,,5.932,10.0,0,,,,13.0,3.0,2024,5.625,,
RA-548,G,M,2019,Escola Pública,Ametista,7.292,396.0,104.0,2.0,8.0,9.1,6.9,7.2,5.7,8.7,,Não,Não,7.583,5.0,-2,Destaque: A sua boa entrega das lições de casa.,Melhorar: Empenhar-se mais nas aulas e avaliações.,Destaque: A sua boa integração aos Princípios Passos Mágicos.,12.0,1.0,2022,,0,0
RA-548,2G,M,2019,Pública,Ametista,7.4322,,,,9.0,9.1,2.52,7.4,6.2,8.5,,,,8.283333333,5.0,-1,,,,12.0,2.0,2023,8.333333333,0,0
RA-548,3H,M,2021,Pública,Ametista,7.240168803466668,,,,9.168,7.600427350666667,7.51,6.666666666666667,9.0,5.0,6.0,,,5.626,10.0,0,,,,13.0,3.0,2024,5.9375,,
RA-549,G,M,2021,Escola Pública,Ágata,6.301,688.0,166.0,9.0,10.0,7.9,6.9,4.2,2.2,6.2,,Não,Não,6.167,5.0,-1,Destaque: A sua boa entrega das lições de casa.,Melhorar: Empenhar-se mais nas aulas e avaliações.,Melhorar: Integrar-se mais aos Princípios Passos Mágicos.,10.0,1.0,2022,,0,0
RA-549,1J,M,2021,Pública,Ametista,7.0297,,,,9.5,8.1,5.02,6.4,5.5,7.2,,,,7.5,5.0,-1,,,,11.0,1.0,2023,6.875,0,0
RA-549,2G,M,2021,Pública,Agata,6.5398187888,,,,10.002,7.204968943999999,6.255,5.75,5.0,6.5,,,,5.9125,5.0,-1,,,,12.0,2.0,2024,6.40625,,
RA-55,B,F,2017,Escola Pública,Ágata,6.576,634.0,38.0,12.0,7.1,7.6,5.6,7.5,6.7,7.8,7.9,Não,Não,6.5,5.0,-1,Destaque: A sua boa entrega das lições de casa.,Melhorar: Empenhar-se mais nas aulas e avaliações.,Melhorar: Integrar-se mais aos Princípios Passos Mágicos.,16.0,5.0,2022,,0,0
RA-55,6A,F,2017,Pública,Agata,6.898033333,,,,7.9,8.1,3.14,7.1,8.7,6.5,6.0,,,7.545,5.0,-1,,,,17.0,6.0,2023,7.5,,1
RA-550,G,F,2022,Escola Pública,Ágata,6.026,724.0,172.0,10.0,9.0,9.0,6.9,1.9,2.0,1.8,,Não,Não,6.25,5.0,-2,Destaque: A sua boa entrega das lições de casa.,Melhorar: Empenhar-se mais nas aulas e avaliações.,Melhorar: Integrar-se mais aos Princípios Passos Mágicos.,12.0,1.0,2022,,,1
RA-551,G,F,2018,Escola Pública,Ágata,6.853,539.0,136.0,4.0,8.5,7.3,6.9,6.6,5.0,8.2,,Não,Não,7.333,5.0,-2,Melhorar: Melhorar a sua entrega de lições de casa.,Melhorar: Empenhar-se mais nas aulas e avaliações.,Melhorar: Integrar-se mais aos Princípios Passos Mágicos.,12.0,1.0,2022,,0,0
RA-551,2G,F,2018,Pública,Ametista,7.075033333,,,,10.0,8.6,2.52,5.4,4.5,6.2,,,,8.393333333,5.0,-1,,,,12.0,2.0,2023,8.541666667,,1
RA-552,G,M,2022,Escola Pública,Ágata,6.625,617.0,149.0,7.0,9.5,8.8,5.0,5.5,6.0,5.0,,Não,Não,7.167,5.0,-1,Destaque: A sua boa entrega das lições de casa.,Melhorar: Empenhar-se mais nas aulas e avaliações.,Melhorar: Integrar-se mais aos Princípios Passos Mágicos.,11.0,1.0,2022,,1,0
RA-552,1J,M,2022,Pública,Quartzo,5.248666667,,,,0.0,5.6,3.14,6.4,6.5,6.2,,,,6.89,5.0,-2,,,,12.0,1.0,2023,6.666666667,,1
RA-553,G,F,2019,Escola Pública,Ágata,6.39,663.0,160.0,8.0,9.5,6.9,6.9,3.3,1.0,5.7,,Não,Não,8.167,5.0,-1,Melhorar: Melhorar a sua entrega de lições de casa.,Melhorar: Empenhar-se mais nas aulas e avaliações.,Destaque: A sua boa integração aos Princípios Passos Mágicos.,11.0,1.0,2022,,,1
RA-554,G,M,2017,Escola Pública,Quartzo,5.588,776.0,180.0,12.0,7.9,6.0,6.9,4.0,1.7,6.3,,Não,Não,5.75,5.0,-2,Melhorar: Melhorar a sua entrega de lições de casa.,Melhorar: Empenhar-se mais nas aulas e avaliações.,Melhorar: Integrar-se mais aos Princípios Passos Mágicos.,12.0,1.0,2022,,,1
RA-555,G,M,2019,Escola Pública,Quartzo,5.949,732.0,174.0,11.0,9.5,8.1,5.0,4.4,1.8,7.0,,Não,Não,5.167,5.0,-2,Destaque: A sua boa entrega das lições de casa.,Melhorar: Empenhar-se mais nas aulas e avaliações.,Melhorar: Integrar-se mais aos Princípios Passos Mágicos.,12.0,1.0,2022,,0,0
RA-555,2G,M,2019,Pública,Quartzo,5.898133333,,,,7.4,8.1,2.52,3.9,1.5,6.2,,,,6.946666667,5.0,-1,,,,13.0,2.0,2023,6.25,0,0
RA-555,3F,M,2021,Pública,Quartzo,5.111470186333333,,,,10.002,2.7505175983333334,6.885,4.333333333333333,5.0,4.0,4.0,,,5.03,5.0,-1,,,,14.0,3.0,2024,5.0,,
RA-556,G,F,2018,Escola Pública,Ametista,7.181,436.0,111.0,3.0,9.0,8.8,5.0,6.4,4.8,8.0,,Não,Não,8.25,5.0,-1,Destaque: A sua boa entrega das lições de casa.,Melhorar: Empenhar-se mais nas aulas e avaliações.,Destaque: A sua boa integração aos Princípios Passos Mágicos.,11.0,1.0,2022,,0,0
RA-556,2H,F,2018,Pública,Ametista,7.7482,,,,8.5,9.6,2.52,7.2,6.5,7.8,,,,9.396666667,5.0,-1,,,,12.0,2.0,2023,9.166666667,0,0
RA-556,3G,F,2021,Pública,Quartzo,5.833377380933333,,,,7.083,6.171428571333333,2.51,3.8333333333333335,1.5,4.5,5.5,,,6.1625,10.0,0,,,,13.0,3.0,2024,6.40625,,
RA-557,H,M,2019,Escola Pública,Topázio,8.334,57.0,10.0,1.0,10.0,8.4,7.5,9.4,10.0,8.8,,Sim,Sim,9.333,5.0,-1,Destaque: A sua boa entrega das lições de casa.,Destaque: As suas boas notas na Passos Mágicos.,Destaque: A sua boa integração aos Princípios Passos Mágicos.,10.0,1.0,2022,,0,0
RA-557,2H,M,2019,Pública,Topázio,8.7717,,,,10.0,8.2,5.0,8.9,8.0,9.7,,,,9.62,10.0,0,,,,11.0,2.0,2023,9.375,0,0
RA-557,3H,M,2021,Privada - Programa de Apadrinhamento,Topázio,9.350986466133334,,,,10.002,8.756265663999999,7.51,9.666666666666666,10.0,9.0,10.0,,,9.576,10.0,0,,,,12.0,3.0,2024,10.0,,
RA-558,H,M,2022,Escola Pública,Quartzo,5.539,786.0,181.0,8.0,9.0,8.5,5.0,4.3,0.5,8.0,,Não,Não,4.5,2.5,-3,Destaque: A sua boa entrega das lições de casa.,Melhorar: Empenhar-se mais nas aulas e avaliações.,Melhorar: Integrar-se mais aos Princípios Passos Mágicos.,14.0,1.0,2022,,0,0
RA-558,2H,M,2022,Pública,Agata,6.615333333,,,,7.8,9.4,5.0,6.0,5.7,6.3,,,,6.78,2.5,-3,,,,15.0,2.0,2023,6.458333333,0,0
RA-558,3F,M,2022,Pública,Quartzo,5.048054503133334,,,,9.168,3.7763975156666674,8.13,3.0,2.5,4.0,2.5,,,4.268,5.0,-2,,,,16.0,3.0,2024,6.09375,,
RA-559,H,M,2021,Escola Pública,Ametista,7.634,260.0,67.0,6.0,9.5,9.2,7.5,7.1,7.2,7.0,,Não,Não,8.083,5.0,-1,Destaque: A sua boa entrega das lições de casa.,Melhorar: Empenhar-se mais nas aulas e avaliações.,Destaque: A sua boa integração aos Princípios Passos Mágicos.,11.0,1.0,2022,,0,0
RA-559,2G,M,2021,Pública,Ametista,7.947366667,,,,10.0,9.4,5.0,7.4,6.5,8.2,,,,8.506666667,5.0,-1,,,,12.0,2.0,2023,8.958333333,0,0
RA-559,3F,M,2021,Pública,Agata,6.158158974333333,,,,10.002,5.705128205,8.13,3.1666666666666665,1.0,2.5,6.0,,,4.728,10.0,0,,,,13.0,3.0,2024,6.25,,
RA-56,B,F,2019,Rede Decisão,Topázio,8.404,46.0,7.0,1.0,10.0,10.0,7.5,7.0,4.5,6.5,10.0,Não,Não,8.25,10.0,0,Destaque: A sua boa entrega das lições de casa.,Melhorar: Empenhar-se mais nas aulas e avaliações.,Destaque: A sua boa integração aos Princípios Passos Mágicos.,15.0,5.0,2022,,0,0
RA-56,6A,F,2019,Privada - Programa de Apadrinhamento,Topázio,8.284333333,,,,9.6,9.5,5.0,7.8,7.8,5.5,10.0,,,7.8,10.0,0,,,,16.0,6.0,2023,8.125,0,0
RA-56,7A,F,2021,Privada - Programa de Apadrinhamento,Topázio,9.077020175400001,,,,10.002,9.265350877333333,10.0,7.666666666666667,8.0,6.0,9.0,,,9.233333333,10.0,0,,,,17.0,7.0,2024,8.4375,,
RA-560,H,M,2020,Escola Pública,Quartzo,4.949,826.0,189.0,11.0,6.9,7.2,5.0,3.8,3.2,4.3,,Não,Não,3.75,5.0,-1,Melhorar: Melhorar a sua entrega de lições de casa.,Melhorar: Empenhar-se mais nas aulas e avaliações.,Melhorar: Integrar-se mais aos Princípios Passos Mágicos.,11.0,1.0,2022,,0,0
RA-560,2H,M,2020,Pública,Quartzo,4.932,,,,0.0,8.4,2.52,4.0,2.3,5.7,,,,6.0,5.0,-1,,,,12.0,2.0,2023,5.0,,1
RA-561,H,M,2022,Escola Pública,Ametista,7.856,185.0,43.0,3.0,9.0,9.0,7.5,7.4,9.5,5.3,,Sim,Sim,8.833,5.0,-1,Destaque: A sua boa entrega das lições de casa.,Melhorar: Empenhar-se mais nas aulas e avaliações.,Destaque: A sua boa integração aos Princípios Passos Mágicos.,11.0,1.0,2022,,,1
RA-562,H,F,2021,Escola Pública,Ametista,7.855,186.0,44.0,4.0,8.0,9.0,7.5,8.0,8.3,7.7,,Não,Sim,8.75,5.0,-1,Destaque: A sua boa entrega das lições de casa.,Destaque: As suas boas notas na Passos Mágicos.,Destaque: A sua boa integração aos Princípios Passos Mágicos.,11.0,1.0,2022,,0,0
RA-562,2I,F,2021,Pública,Agata,6.824833333,,,,0.0,8.5,2.52,8.7,7.7,9.7,,,,8.893333333,5.0,-1,,,,12.0,2.0,2023,8.541666667,0,0
RA-562,3I,F,2021,Pública,Topázio,8.392733333333334,,,,8.334,9.833333333333334,8.135,7.833333333333333,7.5,7.5,8.5,,,7.25,10.0,0,,,,13.0,3.0,2024,7.625,,
RA-563,H,F,2020,Escola Pública,Topázio,8.22,81.0,18.0,2.0,10.0,9.2,7.5,8.5,9.0,8.0,,Sim,Sim,8.833,5.0,-1,Destaque: A sua boa entrega das lições de casa.,Destaque: As suas boas notas na Passos Mágicos.,Destaque: A sua boa integração aos Princípios Passos Mágicos.,11.0,1.0,2022,,0,0
RA-563,2G,F,2020,Pública,Ametista,7.684133333,,,,6.4,9.7,2.52,6.2,6.0,6.3,,,,8.726666667,10.0,0,,,,11.0,2.0,2023,8.75,0,0
RA-563,3H,F,2021,Pública,Topázio,8.595447619066668,,,,9.168,9.461904762000001,8.135,8.333333333333334,10.0,9.0,6.0,,,7.468,10.0,0,,,,12.0,3.0,2024,8.125,,
RA-564,H,M,2019,Escola Pública,Quartzo,4.972,822.0,188.0,10.0,9.5,3.8,5.0,2.3,2.5,2.0,,Não,Não,6.833,5.0,-2,Melhorar: Melhorar a sua entrega de lições de casa.,Melhorar: Empenhar-se mais nas aulas e avaliações.,Melhorar: Integrar-se mais aos Princípios Passos Mágicos.,13.0,1.0,2022,,,1
RA-565,H,M,2022,Escola Pública,Quartzo,5.233,809.0,186.0,9.0,9.0,4.1,7.5,2.9,4.0,1.8,,Não,Não,5.917,5.0,-2,Melhorar: Melhorar a sua entrega de lições de casa.,Melhorar: Empenhar-se mais nas aulas e avaliações.,Melhorar: Integrar-se mais aos Princípios Passos Mágicos.,13.0,1.0,2022,,,1
RA-566,H,F,2022,Escola Pública,Ametista,7.729,226.0,58.0,5.0,9.5,8.4,7.5,8.5,9.5,7.5,,Não,Não,7.917,5.0,-2,Destaque: A sua boa entrega das lições de casa.,Destaque: As suas boas notas na Passos Mágicos.,Destaque: A sua boa integração aos Princípios Passos Mágicos.,12.0,1.0,2022,,0,0
RA-566,2G,F,2022,Pública,Ametista,7.7227,,,,9.0,8.8,2.52,8.4,8.8,8.0,,,,8.673333333,5.0,-1,,,,12.0,2.0,2023,8.958333333,,1
RA-567,H,M,2019,Escola Pública,Ágata,6.281,691.0,167.0,7.0,9.5,6.0,7.5,4.8,4.3,5.2,,Não,Não,6.833,5.0,-1,Melhorar: Melhorar a sua entrega de lições de casa.,Melhorar: Empenhar-se mais nas aulas e avaliações.,Melhorar: Integrar-se mais aos Princípios Passos Mágicos.,11.0,1.0,2022,,,1
RA-568,J,M,2018,Escola Pública,Ametista,7.306,385.0,100.0,8.0,8.0,8.6,6.9,8.3,8.0,8.5,,Não,Não,7.944,2.5,-3,Destaque: A sua boa entrega das lições de casa.,Destaque: As suas boas notas na Passos Mágicos.,Destaque: A sua boa integração aos Princípios Passos Mágicos.,14.0,1.0,2022,,0,0
RA-568,2I,M,2018,Pública,Agata,6.9647,,,,7.0,7.9,5.0,7.6,8.5,6.7,,,,8.01,2.5,-3,,,,15.0,2.0,2023,8.125,0,0
RA-568,3F,M,2021,Pública,Quartzo,5.545864285733334,,,,7.917,3.2619047620000003,8.13,5.166666666666667,5.0,5.5,5.0,,,5.496,5.0,-2,,,,16.0,3.0,2024,6.5625,,
RA-569,J,F,2020,Escola Pública,Ametista,7.074,464.0,118.0,9.0,9.5,8.7,5.0,6.8,6.3,7.3,,Não,Não,7.333,5.0,-2,Destaque: A sua boa entrega das lições de casa.,Melhorar: Empenhar-se mais nas aulas e avaliações.,Melhorar: Integrar-se mais aos Princípios Passos Mágicos.,12.0,1.0,2022,,,1
RA-57,B,M,2017,Rede Decisão,Ametista,7.305,388.0,25.0,10.0,7.1,8.1,5.6,8.4,9.0,7.0,9.3,Não,Não,7.875,5.0,-1,Destaque: A sua boa entrega das lições de casa.,Destaque: As suas boas notas na Passos Mágicos.,Destaque: A sua boa integração aos Princípios Passos Mágicos.,16.0,5.0,2022,,0,0
RA-57,6A,M,2017,Privada - Programa de Apadrinhamento,Agata,6.450875,,,,0.0,8.0,5.63,7.2,7.8,6.8,7.0,,,7.755,5.0,-1,,,,17.0,6.0,2023,7.96875,0,0
RA-57,7A,M,2021,Privada - Programa de Apadrinhamento,Ametista,7.4193804301999995,,,,9.585,6.010860484333333,6.88,6.166666666666667,6.0,6.5,6.0,,,7.39,10.0,0,,,,18.0,7.0,2024,8.59375,,
RA-570,J,F,2019,Escola Pública,Quartzo,5.722,755.0,179.0,17.0,9.0,7.0,7.5,1.3,0.7,2.0,,Não,Não,6.778,5.0,-1,Melhorar: Melhorar a sua entrega de lições de casa.,Melhorar: Empenhar-se mais nas aulas e avaliações.,Melhorar: Integrar-se mais aos Princípios Passos Mágicos.,10.0,1.0,2022,,0,0
RA-570,1H,F,2019,Pública,Agata,6.781033333,,,,8.5,7.3,3.77,5.9,5.7,6.0,,,,8.056666667,5.0,-1,,,,11.0,1.0,2023,8.125,0,0
RA-570,2H,F,2021,Pública,Agata,6.8133640787,,,,8.002,8.0020703935,5.625,6.75,6.0,7.5,,,,6.4075,5.0,-1,,,,12.0,2.0,2024,7.1875,,
RA-571,J,F,2019,Escola Pública,Ágata,6.589,630.0,153.0,13.0,8.5,8.8,7.5,3.7,3.3,4.0,,Não,Não,6.944,5.0,-1,Destaque: A sua boa entrega das lições de casa.,Melhorar: Empenhar-se mais nas aulas e avaliações.,Melhorar: Integrar-se mais aos Princípios Passos Mágicos.,11.0,1.0,2022,,1,0
RA-571,1J,F,2019,Privada,Agata,6.6097,,,,9.0,7.9,3.77,5.0,3.8,6.2,,,,7.616666667,5.0,-2,,,,12.0,1.0,2023,7.291666667,0,0
RA-571,2G,F,2021,Pública,Agata,6.2964554347999995,,,,7.002,8.695652174,4.375,5.25,5.0,5.5,,,,5.8325,5.0,-1,,,,13.0,2.0,2024,7.03125,,
RA-572,J,M,2022,Escola Pública,Ametista,7.48,322.0,83.0,6.0,8.5,8.0,7.5,6.8,4.5,9.0,,Não,Não,6.833,10.0,0,Destaque: A sua boa entrega das lições de casa.,Melhorar: Empenhar-se mais nas aulas e avaliações.,Melhorar: Integrar-se mais aos Princípios Passos Mágicos.,9.0,1.0,2022,,,1
RA-573,J,M,2020,Escola Pública,Topázio,8.261,70.0,15.0,2.0,9.5,9.9,7.5,8.2,8.3,8.0,,Sim,Sim,8.944,5.0,-1,Destaque: A sua boa entrega das lições de casa.,Destaque: As suas boas notas na Passos Mágicos.,Destaque: A sua boa integração aos Princípios Passos Mágicos.,11.0,1.0,2022,,0,0
RA-573,2G,M,2020,Pública,Ametista,7.774366667,,,,9.5,9.8,5.0,6.6,5.7,7.5,,,,8.45,5.0,-1,,,,12.0,2.0,2023,8.541666667,0,0
RA-573,3G,M,2021,Pública,Ametista,7.839050000000001,,,,9.168,9.5,8.755,5.0,6.0,3.5,5.5,,,6.8275,10.0,0,,,,13.0,3.0,2024,7.8125,,
RA-574,J,M,2022,Escola Pública,Ágata,6.86,534.0,135.0,11.0,9.5,7.2,5.0,7.5,5.5,9.5,,Não,Não,6.944,5.0,-1,Melhorar: Melhorar a sua entrega de lições de casa.,Destaque: As suas boas notas na Passos Mágicos.,Melhorar: Integrar-se mais aos Princípios Passos Mágicos.,10.0,1.0,2022,,0,0
RA-574,2F,M,2022,Pública,Ametista,7.878133333,,,,6.9,8.2,5.0,8.1,7.7,8.5,,,,8.173333333,10.0,0,,,,11.0,2.0,2023,7.916666667,,1
RA-575,J,M,2019,Escola Pública,Quartzo,5.889,739.0,175.0,16.0,8.0,6.1,7.5,2.8,2.7,3.0,,Não,Não,7.0,5.0,-2,Melhorar: Melhorar a sua entrega de lições de casa.,Melhorar: Empenhar-se mais nas aulas e avaliações.,Melhorar: Integrar-se mais aos Princípios Passos Mágicos.,12.0,1.0,2022,,,1
RA-576,J,F,2022,Escola Pública,Ametista,7.59,279.0,75.0,4.0,9.5,9.1,7.5,7.8,7.5,8.0,,Não,Não,7.111,5.0,-1,Destaque: A sua boa entrega das lições de casa.,Destaque: As suas boas notas na Passos Mágicos.,Melhorar: Integrar-se mais aos Princípios Passos Mágicos.,10.0,1.0,2022,,0,0
RA-576,1F,F,2022,Pública,Ametista,7.984741667,,,,9.0,9.3,5.02,8.0,6.5,9.5,,,,8.503333333,5.0,-1,,,,11.0,1.0,2023,9.21875,0,0
RA-576,2H,F,2022,Pública,Topázio,8.93195,,,,8.502,10.0,7.51,9.25,9.0,9.5,,,,8.4975,10.0,0,,,,12.0,2.0,2024,7.8125,,
RA-577,J,F,2022,Escola Pública,Ametista,7.862,182.0,41.0,3.0,9.5,9.3,7.5,9.0,8.3,9.7,,Não,Não,7.111,5.0,-1,Destaque: A sua boa entrega das lições de casa.,Destaque: As suas boas notas na Passos Mágicos.,Melhorar: Integrar-se mais aos Princípios Passos Mágicos.,10.0,1.0,2022,,0,0
RA-577,1J,F,2022,Pública,Ametista,7.219366667,,,,10.0,8.2,3.77,7.4,6.5,8.3,,,,7.673333333,5.0,-1,,,,11.0,1.0,2023,6.875,0,0
RA-577,2H,F,2022,Pública,Agata,6.629159109700001,,,,8.502,5.7660455485,5.625,8.0,7.0,9.0,,,,6.535,5.0,-1,,,,12.0,2.0,2024,6.5625,,
RA-578,J,M,2019,Escola Pública,Topázio,8.814,11.0,3.0,1.0,9.5,10.0,8.8,9.5,9.3,9.7,,Sim,Sim,9.611,5.0,-1,Destaque: A sua boa entrega das lições de casa.,Destaque: As suas boas notas na Passos Mágicos.,Destaque: A sua boa integração aos Princípios Passos Mágicos.,10.0,1.0,2022,,0,0
RA-578,2A,M,2019,Privada - Programa de Apadrinhamento,Topázio,9.013866667,,,,9.0,10.0,2.52,9.7,9.8,9.5,,,,9.7625,10.0,0,,,,11.0,2.0,2023,9.791666667,0,0
RA-578,3C,M,2021,Privada - Programa de Apadrinhamento,Topázio,9.066199999966669,,,,10.002,10.0,2.51,9.833333333333334,10.0,9.5,10.0,,,9.45,10.0,1,,,,12.0,3.0,2024,9.583333333,,
RA-579,J,F,2022,Escola Pública,Ágata,6.067,715.0,171.0,15.0,8.5,5.8,7.5,3.8,0.0,7.5,,Não,Não,7.222,5.0,-1,Melhorar: Melhorar a sua entrega de lições de casa.,Melhorar: Empenhar-se mais nas aulas e avaliações.,Melhorar: Integrar-se mais aos Princípios Passos Mágicos.,10.0,1.0,2022,,,1
RA-58,B,M,2017,Rede Decisão,Topázio,8.136,103.0,9.0,3.0,9.6,9.2,6.3,7.2,4.5,8.0,9.0,Não,Não,8.125,10.0,0,Destaque: A sua boa entrega das lições de casa.,Melhorar: Empenhar-se mais nas aulas e avaliações.,Destaque: A sua boa integração aos Princípios Passos Mágicos.,15.0,5.0,2022,,0,0
RA-58,6A,M,2017,Privada - Programa de Apadrinhamento,Ametista,7.70625,,,,0.0,9.7,6.26,8.1,7.8,6.5,10.0,,,8.3825,10.0,0,,,,16.0,6.0,2023,8.4375,0,0
RA-58,7A,M,2021,Privada - Programa de Apadrinhamento,Topázio,8.7713289474,,,,9.585,9.824561403666666,7.51,7.333333333333333,8.0,6.5,7.5,,,8.62,10.0,0,,,,17.0,7.0,2024,9.0625,,
RA-580,J,F,2020,Escola Pública,Ametista,7.525,299.0,78.0,5.0,8.0,9.6,7.5,7.6,6.3,8.8,,Não,Não,7.167,5.0,-1,Destaque: A sua boa entrega das lições de casa.,Destaque: As suas boas notas na Passos Mágicos.,Melhorar: Integrar-se mais aos Princípios Passos Mágicos.,10.0,1.0,2022,,0,0
RA-580,1H,F,2020,Pública,Topázio,8.4712,,,,8.5,9.8,7.52,9.0,8.7,9.3,,,,8.67,5.0,-1,,,,11.0,1.0,2023,8.75,0,0
RA-580,2H,F,2021,Pública,Ametista,7.9281521222,,,,9.002,8.871635610999999,7.51,9.25,10.0,8.5,,,,7.2475,5.0,-1,,,,12.0,2.0,2024,7.03125,,
RA-581,J,M,2019,Escola Pública,Ágata,6.464,648.0,157.0,14.0,7.5,8.9,7.5,5.0,5.3,4.7,,Não,Não,5.889,5.0,-1,Destaque: A sua boa entrega das lições de casa.,Melhorar: Empenhar-se mais nas aulas e avaliações.,Melhorar: Integrar-se mais aos Princípios Passos Mágicos.,10.0,1.0,2022,,0,0
RA-581,1H,M,2019,Pública,Ametista,7.7167,,,,8.0,9.8,7.52,7.9,7.0,8.8,,,,7.393333333,5.0,-1,,,,11.0,1.0,2023,6.458333333,0,0
RA-581,2H,M,2021,Pública,Ametista,7.0833015528,,,,7.418,8.198757764,5.625,8.75,8.0,9.5,,,,6.165,5.0,-1,,,,12.0,2.0,2024,6.5625,,
RA-582,J,F,2022,Escola Pública,Ametista,7.064,466.0,119.0,10.0,10.0,9.0,7.5,4.9,4.3,5.5,,Não,Não,7.222,5.0,-1,Destaque: A sua boa entrega das lições de casa.,Melhorar: Empenhar-se mais nas aulas e avaliações.,Melhorar: Integrar-se mais aos Princípios Passos Mágicos.,10.0,1.0,2022,,,1
RA-583,J,F,2019,Escola Pública,Ametista,7.456,333.0,87.0,7.0,8.5,9.4,7.5,7.1,6.2,8.0,,Não,Não,7.333,5.0,-2,Destaque: A sua boa entrega das lições de casa.,Melhorar: Empenhar-se mais nas aulas e avaliações.,Melhorar: Integrar-se mais aos Princípios Passos Mágicos.,12.0,1.0,2022,,0,0
RA-583,2I,F,2019,Pública,Ametista,7.838866667,,,,9.0,9.4,7.52,6.3,5.5,7.0,,,,8.616666667,5.0,-1,,,,13.0,2.0,2023,8.333333333,0,0
RA-583,3I,F,2021,Pública,Ametista,7.447591035933334,,,,7.917,8.904455179666668,8.135,5.0,6.5,4.5,4.0,,,6.87,10.0,0,,,,14.0,3.0,2024,6.875,,
RA-584,J,F,2019,Escola Pública,Ágata,6.714,585.0,143.0,12.0,8.0,8.5,7.5,4.6,4.5,4.7,,Não,Não,7.333,5.0,-1,Destaque: A sua boa entrega das lições de casa.,Melhorar: Empenhar-se mais nas aulas e avaliações.,Melhorar: Integrar-se mais aos Princípios Passos Mágicos.,10.0,1.0,2022,,0,0
RA-584,2I,F,2019,Pública,Ametista,7.697533333,,,,9.5,9.0,2.52,5.8,5.0,6.5,,,,8.56,10.0,0,,,,11.0,2.0,2023,8.333333333,0,0
RA-584,3G,F,2021,Pública,Agata,6.752914393933334,,,,8.751,5.636363636333333,8.755,4.333333333333333,2.0,5.0,6.0,,,6.37,10.0,0,,,,12.0,3.0,2024,7.34375,,
RA-585,K,F,2020,Escola Pública,Ametista,7.398,362.0,94.0,7.0,8.5,9.1,7.5,5.0,3.7,6.3,,Não,Não,6.889,10.0,0,Destaque: A sua boa entrega das lições de casa.,Melhorar: Empenhar-se mais nas aulas e avaliações.,Melhorar: Integrar-se mais aos Princípios Passos Mágicos.,9.0,1.0,2022,,,1
RA-586,K,F,2021,Rede Decisão,Ametista,7.988,146.0,37.0,3.0,10.0,9.6,5.6,8.2,8.2,8.2,,Não,Sim,8.778,5.0,-1,Destaque: A sua boa entrega das lições de casa.,Destaque: As suas boas notas na Passos Mágicos.,Destaque: A sua boa integração aos Princípios Passos Mágicos.,10.0,1.0,2022,,0,0
RA-586,2K,F,2021,Privada - Programa de Apadrinhamento,Topázio,8.4242,,,,8.0,10.0,2.52,8.4,7.5,9.2,,,,9.343333333,10.0,0,,,,10.0,2.0,2023,8.333333333,0,0
RA-586,3U,F,2021,Privada - Programa de Apadrinhamento,Topázio,8.702387301666668,,,,9.168,9.241269841333333,7.51,8.5,7.5,8.0,10.0,,,8.056666667,10.0,1,,,,11.0,3.0,2024,8.75,,
RA-587,K,M,2022,Escola Pública,Ágata,6.632,615.0,148.0,10.0,9.5,9.3,7.5,3.8,1.0,6.5,,Não,Não,6.167,5.0,-1,Destaque: A sua boa entrega das lições de casa.,Melhorar: Empenhar-se mais nas aulas e avaliações.,Melhorar: Integrar-se mais aos Princípios Passos Mágicos.,10.0,1.0,2022,,0,0
RA-587,1L,M,2022,Pública,Agata,6.032033333,,,,8.5,7.0,7.52,2.7,2.2,3.2,,,,6.72,5.0,-1,,,,11.0,1.0,2023,6.458333333,1,0
RA-587,1L,M,2022,Pública,Agata,6.817057142900001,,,,9.002,7.380952381,7.51,6.25,6.5,6.0,,,,5.74,5.0,-2,,,,12.0,1.0,2024,7.916666667,,
RA-588,K,F,2021,Rede Decisão,Topázio,8.622,26.0,4.0,2.0,9.5,10.0,5.6,9.3,9.3,9.2,,Não,Não,8.278,10.0,0,Destaque: A sua boa entrega das lições de casa.,Destaque: As suas boas notas na Passos Mágicos.,Destaque: A sua boa integração aos Princípios Passos Mágicos.,9.0,1.0,2022,,0,0
RA-588,2U,F,2021,Privada - Programa de Apadrinhamento,Topázio,8.3527,,,,8.0,9.6,2.52,7.8,7.5,8.0,,,,9.673333333,10.0,0,,,,10.0,2.0,2023,8.958333333,0,0
RA-588,3U,F,2021,Privada - Programa de Apadrinhamento,Topázio,8.676133333333334,,,,9.168,9.833333333333334,7.51,7.833333333333333,8.5,8.0,7.0,,,8.0,10.0,1,,,,11.0,3.0,2024,8.75,,
RA-589,K,F,2022,Escola Pública,Ametista,7.744,219.0,57.0,4.0,9.5,9.4,7.5,5.8,3.0,8.5,,Não,Não,7.056,10.0,0,Destaque: A sua boa entrega das lições de casa.,Melhorar: Empenhar-se mais nas aulas e avaliações.,Melhorar: Integrar-se mais aos Princípios Passos Mágicos.,9.0,1.0,2022,,,1
RA-59,B,M,2022,Escola Pública,Ametista,7.642,257.0,15.0,7.0,9.2,9.3,7.5,7.2,7.0,5.7,8.8,Não,Não,7.917,5.0,-2,Destaque: A sua boa entrega das lições de casa.,Melhorar: Empenhar-se mais nas aulas e avaliações.,Destaque: A sua boa integração aos Princípios Passos Mágicos.,17.0,5.0,2022,,0,0
RA-59,6A,M,2022,Privada - Programa de Apadrinhamento,Ametista,7.692291667,,,,7.5,9.6,5.63,7.2,7.7,6.8,7.2,,,8.4225,5.0,-2,,,,18.0,6.0,2023,8.28125,0,0
RA-59,8F,M,2022,Privada *Parcerias com Bolsa 100%,,,,,,,0.0,,,,,,,,,10.0,0,,,,19.0,8.0,2024,,,
RA-590,K,F,2020,Escola Pública,Ametista,7.435,341.0,90.0,6.0,8.5,8.6,7.5,7.4,5.7,9.2,,Não,Não,7.611,5.0,-1,Destaque: A sua boa entrega das lições de casa.,Melhorar: Empenhar-se mais nas aulas e avaliações.,Destaque: A sua boa integração aos Princípios Passos Mágicos.,10.0,1.0,2022,,0,0
RA-590,2L,F,2020,Privada,Ametista,7.647666667,,,,6.3,9.7,3.77,6.5,5.7,7.3,,,,8.34,10.0,0,,,,11.0,2.0,2023,7.291666667,1,0
RA-590,2U,F,2021,Privada,Agata,6.712378053800001,,,,8.002,8.457556936,6.26,4.0,8.0,0.0,,,,7.723333333,5.0,-1,,,,12.0,2.0,2024,7.5,,
RA-591,K,M,2021,Escola Pública,Ametista,7.507,305.0,80.0,5.0,9.5,9.3,7.5,7.1,7.8,6.3,,Não,Não,7.389,5.0,-1,Destaque: A sua boa entrega das lições de casa.,Melhorar: Empenhar-se mais nas aulas e avaliações.,Melhorar: Integrar-se mais aos Princípios Passos Mágicos.,11.0,1.0,2022,,0,0
RA-591,2U,M,2021,Pública,Ametista,7.1472,,,,9.0,8.5,6.27,6.9,6.2,7.5,,,,7.333333333,5.0,-1,,,,12.0,2.0,2023,5.833333333,0,0
RA-591,2K,M,2021,Pública,Agata,6.8360336957,,,,7.418,7.913043478500001,6.255,7.5,6.0,9.0,,,,6.54,5.0,-1,,,,13.0,2.0,2024,5.78125,,
RA-592,K,F,2020,Escola Pública,Ametista,7.381,368.0,96.0,9.0,8.0,8.5,5.6,8.4,7.2,9.7,,Não,Não,7.778,5.0,-1,Destaque: A sua boa entrega das lições de casa.,Destaque: As suas boas notas na Passos Mágicos.,Destaque: A sua boa integração aos Princípios Passos Mágicos.,10.0,1.0,2022,,0,0
RA-592,2U,F,2020,Privada,Ametista,7.935466667,,,,6.2,9.2,3.77,7.6,5.5,9.7,,,,8.95,10.0,0,,,,11.0,2.0,2023,7.916666667,0,0
RA-592,3L,F,2021,Privada,Ametista,7.121622213600001,,,,7.917,6.108152734666667,2.51,7.833333333333333,7.0,8.0,8.5,,,7.625,10.0,1,,,,12.0,3.0,2024,7.65625,,
RA-593,K,F,2021,Escola Pública,Ágata,6.254,694.0,168.0,11.0,7.5,7.4,7.5,4.6,3.0,6.2,,Não,Não,6.278,5.0,-1,Melhorar: Melhorar a sua entrega de lições de casa.,Melhorar: Empenhar-se mais nas aulas e avaliações.,Melhorar: Integrar-se mais aos Princípios Passos Mágicos.,10.0,1.0,2022,,,1
RA-594,K,M,2022,Escola Pública,Ametista,7.392,364.0,95.0,8.0,8.0,9.4,7.5,7.8,6.0,9.5,,Não,Não,6.889,5.0,-1,Destaque: A sua boa entrega das lições de casa.,Destaque: As suas boas notas na Passos Mágicos.,Melhorar: Integrar-se mais aos Princípios Passos Mágicos.,10.0,1.0,2022,,0,0
RA-594,1L,M,2022,Pública,Agata,6.702033333,,,,8.5,7.1,6.27,5.8,6.2,5.3,,,,7.336666667,5.0,-1,,,,11.0,1.0,2023,6.875,0,0
RA-594,2M,M,2022,Pública,Agata,6.890966666600001,,,,6.918,5.75,6.26,7.0,6.5,7.5,,,,6.053333333,10.0,0,,,,12.0,2.0,2024,8.125,,
RA-595,K,M,2018,Escola Pública,Quartzo,5.18,813.0,187.0,12.0,8.5,5.5,7.5,1.0,2.0,0.0,,Não,Não,6.0,5.0,-2,Melhorar: Melhorar a sua entrega de lições de casa.,Melhorar: Empenhar-se mais nas aulas e avaliações.,Melhorar: Integrar-se mais aos Princípios Passos Mágicos.,12.0,1.0,2022,,0,0
RA-595,2U,M,2018,Pública,Quartzo,5.078666667,,,,0.0,7.0,7.52,3.3,3.2,3.3,,,,5.55,5.0,-1,,,,13.0,2.0,2023,6.666666667,,1
RA-596,K,F,2021,Escola Pública,Topázio,8.971,4.0,1.0,1.0,9.5,10.0,7.5,9.3,8.8,9.8,,Sim,Sim,9.0,10.0,0,Destaque: A sua boa entrega das lições de casa.,Destaque: As suas boas notas na Passos Mágicos.,Destaque: A sua boa integração aos Princípios Passos Mágicos.,9.0,1.0,2022,,,1
RA-597,L,M,2022,Escola Pública,Topázio,8.265,67.0,14.0,1.0,9.0,10.0,7.5,8.0,6.5,9.5,,Não,Não,7.056,10.0,0,Destaque: A sua boa entrega das lições de casa.,Destaque: As suas boas notas na Passos Mágicos.,Melhorar: Integrar-se mais aos Princípios Passos Mágicos.,9.0,1.0,2022,,1,0
RA-597,1K,M,2022,Pública,Topázio,8.49045,,,,10.0,9.6,7.52,8.5,7.8,9.2,,,,8.56,5.0,-1,,,,10.0,1.0,2023,9.0625,0,0
RA-597,2L,M,2022,Pública,Ametista,7.843291097300001,,,,9.002,9.3271221535,7.51,6.0,5.0,7.0,,,,6.883333333,10.0,0,,,,11.0,2.0,2024,7.5,,
RA-598,L,F,2022,Escola Pública,Ágata,6.35,669.0,162.0,13.0,9.5,7.2,7.5,3.7,4.7,2.7,,Não,Não,6.944,5.0,-1,Melhorar: Melhorar a sua entrega de lições de casa.,Melhorar: Empenhar-se mais nas aulas e avaliações.,Melhorar: Integrar-se mais aos Princípios Passos Mágicos.,11.0,1.0,2022,,,1
RA-599,L,M,2022,Escola Pública,Topázio,8.2,85.0,19.0,2.0,9.5,9.2,7.5,9.1,8.3,9.8,,Sim,Sim,8.556,5.0,-1,Destaque: A sua boa entrega das lições de casa.,Destaque: As suas boas notas na Passos Mágicos.,Destaque: A sua boa integração aos Princípios Passos Mágicos.,10.0,1.0,2022,,0,0
RA-599,2K,M,2022,Pública,Topázio,8.532866667,,,,10.0,9.5,2.52,8.5,8.2,8.7,,,,9.286666667,10.0,0,,,,10.0,2.0,2023,8.333333333,0,0
RA-599,3K,M,2022,Pública,Topázio,8.3569352941,,,,10.002,8.607843137333333,9.375,7.666666666666667,8.0,7.0,8.0,,,7.28,10.0,1,,,,12.0,3.0,2024,7.083333333,,
RA-6,A,F,2021,Escola Pública,Quartzo,5.848,745.0,16.0,8.0,7.9,4.5,7.5,3.3,2.3,5.3,2.3,Sim,Não,7.222,5.0,-1,Melhorar: Melhorar a sua entrega de lições de casa.,Melhorar: Empenhar-se mais nas aulas e avaliações.,Melhorar: Integrar-se mais aos Princípios Passos Mágicos.,18.0,7.0,2022,,0,0
RA-6,8E,F,2021,Privada - Pagamento por *Empresa Parceira,,,,,,,,,,,,,,,,10.0,0,,,,19.0,8.0,2023,,0,0
RA-6,8E,F,2021,Privada *Parcerias com Bolsa 100%,,,,,,,0.0,,,,,,,,,10.0,0,,,,20.0,8.0,2024,,,
RA-60,B,F,2021,Escola Pública,Quartzo,5.537,787.0,53.0,16.0,6.7,6.0,7.5,4.9,5.0,6.2,3.5,Não,Não,6.167,2.5,-3,Melhorar: Melhorar a sua entrega de lições de casa.,Melhorar: Empenhar-se mais nas aulas e avaliações.,Melhorar: Integrar-se mais aos Princípios Passos Mágicos.,18.0,5.0,2022,,,1
RA-600,L,F,2021,Escola Pública,Ágata,7.011,483.0,126.0,10.0,8.5,8.4,7.5,3.9,2.8,5.0,,Não,Não,6.833,10.0,0,Destaque: A sua boa entrega das lições de casa.,Melhorar: Empenhar-se mais nas aulas e avaliações.,Melhorar: Integrar-se mais aos Princípios Passos Mágicos.,9.0,1.0,2022,,1,0
RA-600,1K,F,2021,Pública,Ametista,7.651658333,,,,8.5,8.4,7.52,7.2,6.5,7.8,,,,8.056666667,5.0,-1,,,,10.0,1.0,2023,8.28125,0,0
RA-600,2L,F,2021,Pública,Ametista,7.847373913,,,,8.002,8.010869565,7.51,7.5,8.0,7.0,,,,7.22,10.0,0,,,,11.0,2.0,2024,7.5,,
RA-601,L,M,2021,Escola Pública,Ametista,7.713,231.0,60.0,7.0,9.0,9.7,7.5,5.7,5.3,6.0,,Não,Não,7.167,10.0,1,Destaque: A sua boa entrega das lições de casa.,Melhorar: Empenhar-se mais nas aulas e avaliações.,Melhorar: Integrar-se mais aos Princípios Passos Mágicos.,8.0,1.0,2022,,1,0
RA-601,1K,M,2021,Pública,Topázio,8.955783333,,,,9.0,10.0,7.52,8.7,8.0,9.3,,,,8.336666667,10.0,0,,,,9.0,1.0,2023,9.0625,1,0
RA-601,1K,M,2021,Pública,Topázio,8.5107,,,,9.502,10.0,7.505,8.75,9.5,8.0,,,,8.425,5.0,-1,,,,10.0,1.0,2024,8.75,,
RA-602,L,M,2019,Escola Pública,Ametista,8.041,134.0,32.0,4.0,10.0,9.7,7.5,8.6,8.3,8.8,,Sim,Não,7.667,5.0,-1,Destaque: A sua boa entrega das lições de casa.,Destaque: As suas boas notas na Passos Mágicos.,Destaque: A sua boa integração aos Princípios Passos Mágicos.,11.0,1.0,2022,,0,0
RA-602,2U,M,2019,Pública,Topázio,8.5592,,,,10.0,9.6,7.52,8.1,7.3,8.8,,,,9.51,5.0,-1,,,,12.0,2.0,2023,8.75,0,0
RA-602,3L,M,2021,Pública,Topázio,8.647409313733334,,,,9.585,9.670588235333334,7.51,7.333333333333333,9.0,5.0,8.0,,,8.545,10.0,0,,,,13.0,3.0,2024,8.28125,,
RA-603,L,F,2022,Escola Pública,Ametista,7.78,209.0,52.0,6.0,9.0,9.5,7.5,7.5,6.7,8.3,,Não,Não,8.0,5.0,-1,Destaque: A sua boa entrega das lições de casa.,Destaque: As suas boas notas na Passos Mágicos.,Destaque: A sua boa integração aos Princípios Passos Mágicos.,11.0,1.0,2022,,0,0
RA-603,2M,M,2022,Pública,Agata,6.748833333,,,,0.0,8.9,2.52,7.0,5.7,8.2,,,,7.78,10.0,0,,,,11.0,2.0,2023,7.708333333,0,0
RA-603,3U,M,2022,Pública,Agata,6.942277777866667,,,,9.585,7.155555555666666,6.885,4.666666666666667,4.5,5.5,4.0,,,6.216666667,10.0,0,,,,12.0,3.0,2024,6.875,,
RA-604,L,F,2021,Escola Pública,Ametista,8.018,136.0,34.0,5.0,9.0,9.0,7.5,8.8,8.0,9.7,,Sim,Não,8.333,5.0,-1,Destaque: A sua boa entrega das lições de casa.,Destaque: As suas boas notas na Passos Mágicos.,Destaque: A sua boa integração aos Princípios Passos Mágicos.,10.0,1.0,2022,,0,0
RA-604,2K,F,2021,Pública,Topázio,8.548033333,,,,9.0,9.3,7.52,7.5,6.0,9.0,,,,8.616666667,10.0,0,,,,11.0,2.0,2023,8.125,0,0
RA-604,3L,F,2021,Pública,Ametista,7.429623555266667,,,,8.334,7.5029927763333335,8.13,7.0,8.0,5.5,7.5,,,6.21,10.0,1,,,,12.0,3.0,2024,6.40625,,
RA-605,L,F,2021,Escola Pública,Ametista,7.276,406.0,106.0,8.0,6.9,9.3,6.9,7.1,6.2,8.0,,Não,Não,7.556,5.0,-2,Destaque: A sua boa entrega das lições de casa.,Melhorar: Empenhar-se mais nas aulas e avaliações.,Destaque: A sua boa integração aos Princípios Passos Mágicos.,12.0,1.0,2022,,0,0
RA-605,2K,F,2021,Pública,Ametista,7.709366667,,,,9.0,9.5,7.52,6.8,4.8,8.8,,,,7.84,5.0,-1,,,,12.0,2.0,2023,7.291666667,0,0
RA-605,3M,F,2021,Pública,Agata,6.0175222222,,,,7.5,6.194444444333333,6.885,2.6666666666666665,1.5,3.5,3.0,,,5.534,10.0,0,,,,13.0,3.0,2024,7.0,,
RA-606,L,M,2022,Escola Pública,Ágata,6.127,704.0,169.0,14.0,9.5,9.0,7.5,1.8,2.0,1.5,,Não,Não,6.111,5.0,-1,Destaque: A sua boa entrega das lições de casa.,Melhorar: Empenhar-se mais nas aulas e avaliações.,Melhorar: Integrar-se mais aos Princípios Passos Mágicos.,10.0,1.0,2022,,0,0
RA-606,1K,M,2022,Pública,Ametista,7.402491667,,,,8.5,8.5,7.52,6.0,4.7,7.2,,,,8.223333333,5.0,-1,,,,10.0,1.0,2023,7.65625,0,0
RA-606,2M,M,2022,Pública,Agata,6.645260606100001,,,,8.502,7.6136363634999995,6.885,3.25,3.5,3.0,,,,5.606666667,10.0,0,,,,11.0,2.0,2024,8.125,,
RA-607,L,M,2022,Escola Pública,Ágata,6.44,652.0,158.0,12.0,6.8,8.1,7.5,4.0,3.0,5.0,,Não,Não,7.444,5.0,-1,Destaque: A sua boa entrega das lições de casa.,Melhorar: Empenhar-se mais nas aulas e avaliações.,Melhorar: Integrar-se mais aos Princípios Passos Mágicos.,10.0,1.0,2022,,0,0
RA-607,1K,M,2022,Pública,Ametista,7.333075,,,,8.0,7.5,7.52,6.8,4.8,8.7,,,,8.17,5.0,-1,,,,11.0,1.0,2023,7.96875,0,0
RA-607,2K,M,2022,Pública,Ametista,7.6486021739000005,,,,8.502,7.4782608695,7.51,7.0,7.0,7.0,,,,7.165,10.0,0,,,,12.0,2.0,2024,7.1875,,
RA-608,L,M,2022,Escola Pública,Ametista,7.216,422.0,108.0,9.0,7.8,9.6,7.5,6.3,3.0,9.5,,Não,Não,7.222,5.0,-1,Destaque: A sua boa entrega das lições de casa.,Melhorar: Empenhar-se mais nas aulas e avaliações.,Melhorar: Integrar-se mais aos Princípios Passos Mágicos.,10.0,1.0,2022,,0,0
RA-608,1K,M,2022,Pública,Ametista,7.401741667,,,,10.0,7.5,7.52,6.2,6.0,6.3,,,,8.113333333,5.0,-1,,,,10.0,1.0,2023,7.96875,0,0
RA-608,2N,M,2022,Pública,Quartzo,5.778986231800001,,,,9.002,3.054347826,6.885,4.25,5.0,3.5,,,,5.053333333,10.0,0,,,,11.0,2.0,2024,7.1875,,
RA-609,L,M,2019,Escola Pública,Ágata,6.794,557.0,137.0,11.0,8.5,7.6,7.5,6.0,6.5,5.5,,Não,Não,7.056,5.0,-1,Destaque: A sua boa entrega das lições de casa.,Melhorar: Empenhar-se mais nas aulas e avaliações.,Melhorar: Integrar-se mais aos Princípios Passos Mágicos.,11.0,1.0,2022,,0,0
RA-609,2U,M,2019,Pública,Agata,6.463033333,,,,9.5,6.4,7.52,5.3,3.2,7.3,,,,6.216666667,5.0,-1,,,,12.0,2.0,2023,6.875,,1
RA-61,B,M,2021,Escola Pública,Ametista,7.533,298.0,20.0,8.0,9.2,7.4,7.5,5.8,1.7,6.3,9.3,Sim,Não,7.875,10.0,0,Melhorar: Melhorar a sua entrega de lições de casa.,Melhorar: Empenhar-se mais nas aulas e avaliações.,Destaque: A sua boa integração aos Princípios Passos Mágicos.,15.0,5.0,2022,,0,0
RA-61,6A,M,2021,Pública,Ametista,7.382108333,,,,8.3,7.0,6.26,6.2,6.7,4.3,7.5,,,7.4625,10.0,0,,,,16.0,6.0,2023,7.96875,,1
RA-610,L,F,2022,Escola Pública,Topázio,8.18,91.0,21.0,3.0,9.0,9.6,7.5,6.5,6.0,7.0,,Não,Sim,8.5,10.0,0,Destaque: A sua boa entrega das lições de casa.,Melhorar: Empenhar-se mais nas aulas e avaliações.,Destaque: A sua boa integração aos Princípios Passos Mágicos.,9.0,1.0,2022,,0,0
RA-610,2K,F,2022,Pública,Topázio,8.2857,,,,10.0,10.0,2.52,7.0,6.3,7.7,,,,8.896666667,10.0,0,,,,10.0,2.0,2023,8.541666667,0,0
RA-610,3K,F,2022,Pública,Ametista,7.894888888933334,,,,9.585,9.694444444333334,3.76,6.333333333333333,8.0,5.0,6.0,,,8.336666667,10.0,1,,,,11.0,3.0,2024,6.875,,
RA-611,M,M,2021,Escola Pública,Ametista,7.756,214.0,54.0,4.0,9.5,7.6,7.5,9.5,10.0,9.0,,Sim,Não,7.556,5.0,-2,Destaque: A sua boa entrega das lições de casa.,Destaque: As suas boas notas na Passos Mágicos.,Destaque: A sua boa integração aos Princípios Passos Mágicos.,12.0,1.0,2022,,,1
RA-612,M,F,2021,Escola Pública,Ametista,7.594,273.0,71.0,6.0,9.0,9.2,7.5,7.9,9.7,6.2,,Não,Não,7.167,5.0,-1,Destaque: A sua boa entrega das lições de casa.,Destaque: As suas boas notas na Passos Mágicos.,Melhorar: Integrar-se mais aos Princípios Passos Mágicos.,10.0,1.0,2022,,0,0
RA-612,1M,F,2021,Privada - Programa de Apadrinhamento,Topázio,8.410783333,,,,9.0,9.7,3.77,9.7,9.3,10.0,,,,9.286666667,5.0,-1,,,,11.0,1.0,2023,9.0625,0,0
RA-612,2M,F,2021,Privada - Programa de Apadrinhamento,Topázio,9.134040909100001,,,,8.002,9.5454545455,6.26,9.75,9.5,10.0,,,,9.4,10.0,0,,,,12.0,2.0,2024,9.6875,,
RA-613,M,M,2020,Escola Pública,Topázio,8.121,108.0,23.0,2.0,9.0,9.2,7.5,9.2,9.2,9.2,,Sim,Sim,8.556,5.0,-2,Destaque: A sua boa entrega das lições de casa.,Destaque: As suas boas notas na Passos Mágicos.,Destaque: A sua boa integração aos Princípios Passos Mágicos.,13.0,1.0,2022,,0,0
RA-613,3N,M,2020,Pública,Agata,6.864508333,,,,9.2,9.4,5.0,4.8,4.3,6.2,3.8,,,7.2125,5.0,-1,,,,14.0,3.0,2023,6.71875,0,0
RA-613,3N,M,2021,Pública,Ametista,7.4019,,,,8.334,9.566666666666666,7.51,7.333333333333333,8.0,6.0,8.0,,,6.25,5.0,-1,,,,15.0,3.0,2024,6.875,,
RA-614,M,M,2021,Escola Pública,Topázio,8.339,55.0,8.0,1.0,9.5,9.7,7.5,9.6,9.8,9.3,,Sim,Não,8.278,5.0,-2,Destaque: A sua boa entrega das lições de casa.,Destaque: As suas boas notas na Passos Mágicos.,Destaque: A sua boa integração aos Princípios Passos Mágicos.,12.0,1.0,2022,,0,0
RA-614,2M,M,2021,Pública,Topázio,8.2282,,,,9.0,9.1,7.52,8.6,8.8,8.3,,,,8.563333333,5.0,-1,,,,13.0,2.0,2023,8.333333333,0,0
RA-614,3U,M,2021,Pública,Ametista,7.8284999999666685,,,,9.585,9.700000000000001,7.51,6.833333333333333,8.0,4.5,8.0,,,7.603333333,5.0,-1,,,,14.0,3.0,2024,7.916666667,,
RA-615,M,F,2020,Escola Pública,Topázio,8.086,120.0,27.0,3.0,9.5,9.7,7.5,7.3,7.8,6.7,,Não,Não,6.889,10.0,0,Destaque: A sua boa entrega das lições de casa.,Melhorar: Empenhar-se mais nas aulas e avaliações.,Melhorar: Integrar-se mais aos Princípios Passos Mágicos.,9.0,1.0,2022,,1,0
RA-615,1M,F,2020,Pública,Ametista,7.815658333,,,,10.0,9.7,3.14,7.6,6.8,8.3,,,,8.616666667,5.0,-1,,,,10.0,1.0,2023,8.28125,,1
RA-616,M,M,2019,Escola Pública,Ametista,7.303,391.0,102.0,8.0,7.4,7.4,7.5,8.8,9.2,8.5,,Não,Não,7.278,5.0,-2,Melhorar: Melhorar a sua entrega de lições de casa.,Destaque: As suas boas notas na Passos Mágicos.,Melhorar: Integrar-se mais aos Princípios Passos Mágicos.,12.0,1.0,2022,,0,0
RA-616,2M,M,2019,Pública,Quartzo,5.612,,,,0.0,6.6,5.02,6.8,5.5,8.0,,,,6.783333333,5.0,-1,,,,13.0,2.0,2023,5.833333333,0,0
RA-616,3U,M,2021,Pública,Quartzo,5.457877193033333,,,,7.5,3.087719298333333,6.885,3.8333333333333335,3.0,3.5,5.0,,,4.946666667,10.0,0,,,,14.0,3.0,2024,6.458333333,,
RA-617,M,F,2021,Escola Pública,Ametista,7.107,453.0,115.0,10.0,8.5,8.9,7.5,6.3,4.5,8.0,,Não,Não,6.778,5.0,-1,Destaque: A sua boa entrega das lições de casa.,Melhorar: Empenhar-se mais nas aulas e avaliações.,Melhorar: Integrar-se mais aos Princípios Passos Mágicos.,11.0,1.0,2022,,0,0
RA-617,1L,F,2021,Pública,Agata,6.816166667,,,,0.0,9.0,7.52,6.9,5.5,8.2,,,,8.116666667,5.0,-1,,,,11.0,1.0,2023,7.708333333,,1
RA-618,M,M,2020,Escola Pública,Ametista,7.18,438.0,112.0,9.0,8.9,8.3,7.5,6.7,6.8,6.5,,Não,Não,7.333,5.0,-2,Destaque: A sua boa entrega das lições de casa.,Melhorar: Empenhar-se mais nas aulas e avaliações.,Melhorar: Integrar-se mais aos Princípios Passos Mágicos.,13.0,1.0,2022,,0,0
RA-618,2N,M,2020,Pública,Agata,6.4745,,,,0.0,9.2,5.02,6.2,4.5,7.8,,,,7.95,5.0,-2,,,,14.0,2.0,2023,8.125,0,0
RA-618,3K,M,2021,Pública,Agata,6.718348148233334,,,,10.002,8.324074074,6.88,4.166666666666667,5.0,4.5,3.0,,,6.826666667,5.0,-2,,,,15.0,3.0,2024,6.666666667,,
RA-619,M,F,2021,Escola Pública,Ametista,7.693,236.0,62.0,5.0,9.5,8.0,7.5,9.0,9.2,8.8,,Não,Não,7.333,5.0,-1,Destaque: A sua boa entrega das lições de casa.,Destaque: As suas boas notas na Passos Mágicos.,Melhorar: Integrar-se mais aos Princípios Passos Mágicos.,11.0,1.0,2022,,0,0
RA-619,2M,F,2021,Pública,Ametista,7.891366667,,,,9.0,7.1,3.77,9.0,8.5,9.5,,,,8.116666667,10.0,0,,,,11.0,2.0,2023,7.708333333,,1
RA-62,B,M,2022,Escola Pública,Ametista,7.891,173.0,11.0,4.0,8.8,9.4,7.5,9.3,8.5,10.0,,Sim,Não,7.25,5.0,-2,Destaque: A sua boa entrega das lições de casa.,Destaque: As suas boas notas na Passos Mágicos.,Melhorar: Integrar-se mais aos Princípios Passos Mágicos.,17.0,5.0,2022,,0,0
RA-62,7A,F,2022,Pública,Ametista,7.610333333,,,,0.0,9.8,6.89,7.5,9.3,6.8,6.3,,,8.215,10.0,0,,,,17.0,7.0,2023,8.25,0,0
RA-62,8F,F,2022,Privada *Parcerias com Bolsa 100%,,,,,,,0.0,,,,,,,,,10.0,0,,,,18.0,8.0,2024,,,
RA-620,M,M,2021,Escola Pública,Ágata,6.018,726.0,173.0,11.0,0.0,7.5,7.5,6.8,8.5,5.0,,Não,Não,6.833,5.0,-2,Destaque: A sua boa entrega das lições de casa.,Melhorar: Empenhar-se mais nas aulas e avaliações.,Melhorar: Integrar-se mais aos Princípios Passos Mágicos.,12.0,1.0,2022,,0,0
RA-620,2M,M,2021,Pública,Ametista,7.043666667,,,,6.8,8.4,7.52,6.2,5.2,7.2,,,,7.503333333,5.0,-1,,,,13.0,2.0,2023,6.875,0,0
RA-620,3U,M,2021,Pública,Quartzo,5.766892063566667,,,,8.334,3.9841269843333333,7.51,2.5,3.5,2.5,1.5,,,5.886666667,10.0,0,,,,14.0,3.0,2024,7.083333333,,
RA-621,M,M,2020,Escola Pública,Ametista,7.448,337.0,89.0,7.0,9.5,7.7,7.5,7.5,6.8,8.2,,Não,Não,8.222,5.0,-1,Destaque: A sua boa entrega das lições de casa.,Destaque: As suas boas notas na Passos Mágicos.,Destaque: A sua boa integração aos Princípios Passos Mágicos.,10.0,1.0,2022,,,1
RA-622,N,F,2019,Escola Pública,Quartzo,4.934,828.0,190.0,10.0,3.5,3.8,7.5,3.8,4.8,2.7,,Não,Não,6.0,5.0,-2,Melhorar: Melhorar a sua entrega de lições de casa.,Melhorar: Empenhar-se mais nas aulas e avaliações.,Melhorar: Integrar-se mais aos Princípios Passos Mágicos.,12.0,1.0,2022,,,1
RA-623,N,M,2022,Escola Pública,Ametista,7.524,300.0,79.0,4.0,7.5,9.0,7.5,8.3,9.3,7.2,,Não,Não,7.389,5.0,-2,Destaque: A sua boa entrega das lições de casa.,Destaque: As suas boas notas na Passos Mágicos.,Melhorar: Integrar-se mais aos Princípios Passos Mágicos.,13.0,1.0,2022,,0,0
RA-623,2M,M,2022,Pública,Ametista,7.8307,,,,10.0,9.5,7.52,7.3,5.8,8.8,,,,7.446666667,5.0,-2,,,,14.0,2.0,2023,7.291666667,0,0
RA-623,3U,M,2022,Pública,Agata,6.357733333300001,,,,8.334,7.3999999999999995,6.885,4.0,3.5,2.5,6.0,,,7.05,5.0,-1,,,,15.0,3.0,2024,6.458333333,,
RA-624,N,M,2022,Escola Pública,Ametista,7.425,346.0,91.0,6.0,9.0,8.9,7.5,6.8,8.0,5.5,,Não,Não,7.722,5.0,-1,Destaque: A sua boa entrega das lições de casa.,Melhorar: Empenhar-se mais nas aulas e avaliações.,Destaque: A sua boa integração aos Princípios Passos Mágicos.,10.0,1.0,2022,,0,0
RA-624,1K,M,2022,Pública,Topázio,8.270825,,,,9.0,9.2,7.52,8.6,8.3,8.8,,,,8.39,5.0,-1,,,,11.0,1.0,2023,8.90625,0,0
RA-624,2L,M,2022,Pública,Ametista,7.229425672900001,,,,8.002,8.219461698,7.51,4.0,8.0,0.0,,,,7.213333333,10.0,0,,,,12.0,2.0,2024,7.916666667,,
RA-625,N,M,2022,Escola Pública,Ametista,7.483,319.0,82.0,5.0,8.0,9.2,7.5,7.8,8.5,7.0,,Não,Não,7.333,5.0,-1,Destaque: A sua boa entrega das lições de casa.,Destaque: As suas boas notas na Passos Mágicos.,Melhorar: Integrar-se mais aos Princípios Passos Mágicos.,11.0,1.0,2022,,,1
RA-626,N,M,2021,Escola Pública,Quartzo,5.818,748.0,178.0,9.0,7.4,7.6,7.5,1.3,2.5,0.0,,Não,Não,7.278,5.0,-1,Destaque: A sua boa entrega das lições de casa.,Melhorar: Empenhar-se mais nas aulas e avaliações.,Melhorar: Integrar-se mais aos Princípios Passos Mágicos.,11.0,1.0,2022,,0,0
RA-626,2M,M,2021,Pública,Ametista,7.231033333,,,,9.0,9.2,4.39,6.5,4.7,8.3,,,,7.613333333,5.0,-1,,,,12.0,2.0,2023,7.291666667,0,0
RA-626,3U,M,2021,Pública,Agata,6.407590225500001,,,,9.585,3.380451127666667,6.885,5.333333333333333,5.5,3.5,7.0,,,6.443333333,10.0,0,,,,13.0,3.0,2024,7.291666667,,
RA-627,N,F,2022,Escola Pública,Ágata,6.621,619.0,150.0,8.0,7.0,6.7,7.5,6.5,6.2,6.8,,Não,Não,7.0,5.0,-1,Melhorar: Melhorar a sua entrega de lições de casa.,Melhorar: Empenhar-se mais nas aulas e avaliações.,Melhorar: Integrar-se mais aos Princípios Passos Mágicos.,10.0,1.0,2022,,,1
RA-628,N,M,2022,Escola Pública,Ametista,7.577,282.0,76.0,3.0,9.5,7.6,7.5,9.2,9.3,9.0,,Não,Não,7.333,5.0,-1,Destaque: A sua boa entrega das lições de casa.,Destaque: As suas boas notas na Passos Mágicos.,Melhorar: Integrar-se mais aos Princípios Passos Mágicos.,11.0,1.0,2022,,1,0
RA-628,1K,M,2022,Pública,Topázio,8.370325,,,,9.5,8.9,7.52,9.4,9.0,9.7,,,,8.45,5.0,-2,,,,12.0,1.0,2023,8.28125,0,0
RA-628,2U,M,2022,Pública,Topázio,8.2366166666,,,,9.002,10.0,7.51,9.0,8.0,10.0,,,,7.833333333,5.0,-1,,,,13.0,2.0,2024,7.1875,,
RA-629,N,M,2022,Escola Pública,Topázio,8.11,112.0,24.0,1.0,9.0,10.0,7.5,7.0,5.0,9.0,,Não,Não,7.278,10.0,0,Destaque: A sua boa entrega das lições de casa.,Melhorar: Empenhar-se mais nas aulas e avaliações.,Melhorar: Integrar-se mais aos Princípios Passos Mágicos.,9.0,1.0,2022,,1,0
RA-629,1L,F,2022,Pública,Topázio,8.013866667,,,,10.0,9.4,7.52,7.5,7.0,8.0,,,,7.95,5.0,-1,,,,10.0,1.0,2023,7.916666667,0,0
RA-629,2U,F,2022,Pública,Topázio,8.061295238200001,,,,10.002,9.523809524,7.51,6.0,6.0,6.0,,,,7.276666667,10.0,0,,,,11.0,2.0,2024,7.5,,
RA-63,B,M,2018,Rede Decisão,Topázio,8.282,64.0,8.0,2.0,8.3,9.1,8.8,8.7,8.2,8.2,9.7,Não,Sim,9.417,5.0,-1,Destaque: A sua boa entrega das lições de casa.,Destaque: As suas boas notas na Passos Mágicos.,Destaque: A sua boa integração aos Princípios Passos Mágicos.,16.0,5.0,2022,,0,0
RA-63,6A,M,2018,Pública,Topázio,8.0641,,,,6.7,9.0,6.89,8.7,9.3,7.3,9.5,,,8.9675,5.0,-1,,,,17.0,6.0,2023,8.75,,1
RA-630,N,M,2022,Escola Pública,Topázio,8.064,127.0,30.0,2.0,9.5,9.2,7.5,7.3,6.5,8.0,,Não,Não,7.278,10.0,0,Destaque: A sua boa entrega das lições de casa.,Melhorar: Empenhar-se mais nas aulas e avaliações.,Melhorar: Integrar-se mais aos Princípios Passos Mágicos.,9.0,1.0,2022,,1,0
RA-630,1M,M,2022,Pública,Ametista,7.199991667,,,,9.0,8.6,3.77,5.7,4.2,7.2,,,,8.673333333,5.0,-1,,,,10.0,1.0,2023,8.28125,0,0
RA-630,2L,M,2022,Pública,Agata,6.879985507300001,,,,0.0,8.4782608695,7.51,5.75,6.0,5.5,,,,7.666666667,10.0,0,,,,11.0,2.0,2024,7.5,,
RA-631,N,M,2022,Escola Pública,Ágata,6.928,515.0,133.0,7.0,8.5,6.8,7.5,7.0,7.3,6.7,,Não,Não,7.222,5.0,-2,Melhorar: Melhorar a sua entrega de lições de casa.,Melhorar: Empenhar-se mais nas aulas e avaliações.,Melhorar: Integrar-se mais aos Princípios Passos Mágicos.,12.0,1.0,2022,,0,0
RA-631,2N,M,2022,Pública,Quartzo,5.954666667,,,,0.0,6.4,6.27,7.0,6.0,8.0,,,,6.78,5.0,-1,,,,13.0,2.0,2023,7.916666667,0,0
RA-631,3L,M,2022,Pública,Agata,6.795673420466667,,,,8.334,7.2122004356666665,8.75,4.166666666666667,7.0,3.5,2.0,,,6.245,10.0,0,,,,14.0,3.0,2024,5.625,,
RA-632,P,F,2022,Escola Pública,Ágata,6.996,489.0,129.0,9.0,8.5,9.3,6.9,6.3,5.5,7.2,,Não,Não,6.722,5.0,-1,Destaque: A sua boa entrega das lições de casa.,Melhorar: Empenhar-se mais nas aulas e avaliações.,Melhorar: Integrar-se mais aos Princípios Passos Mágicos.,10.0,1.0,2022,,0,0
RA-632,2R,F,2022,Pública,Ametista,7.8768,,,,4.7,9.1,5.64,7.4,6.8,8.0,,,,8.563333333,10.0,0,,,,11.0,2.0,2023,8.333333333,0,0
RA-632,3P,F,2022,Pública,Ametista,7.515491249000001,,,,7.917,8.999164578333334,6.875,4.166666666666667,0.0,6.0,6.5,,,7.875,10.0,0,,,,12.0,3.0,2024,8.28125,,
RA-633,P,F,2020,Escola Pública,Ametista,7.476,325.0,84.0,5.0,7.3,8.9,7.5,7.7,6.8,8.5,,Não,Não,7.833,5.0,-1,Destaque: A sua boa entrega das lições de casa.,Destaque: As suas boas notas na Passos Mágicos.,Destaque: A sua boa integração aos Princípios Passos Mágicos.,11.0,1.0,2022,,0,0
RA-633,2R,F,2020,Pública,Agata,6.6552,,,,1.7,8.1,6.27,7.2,5.3,9.0,,,,7.286666667,5.0,-1,,,,12.0,2.0,2023,8.541666667,0,0
RA-633,3P,F,2021,Pública,Quartzo,5.228470175466667,,,,4.584,4.707017544,2.51,3.3333333333333335,4.0,6.0,0.0,,,6.1175,10.0,0,,,,13.0,3.0,2024,6.875,,
RA-634,P,F,2022,Escola Pública,Ametista,7.619,267.0,69.0,4.0,9.5,9.4,7.5,6.5,8.0,5.0,,Não,Não,8.222,5.0,-1,Destaque: A sua boa entrega das lições de casa.,Melhorar: Empenhar-se mais nas aulas e avaliações.,Destaque: A sua boa integração aos Princípios Passos Mágicos.,11.0,1.0,2022,,,1
RA-635,P,M,2022,Escola Pública,Quartzo,5.313,802.0,184.0,14.0,10.0,4.9,6.9,1.5,0.5,2.5,,Não,Não,6.444,5.0,-1,Melhorar: Melhorar a sua entrega de lições de casa.,Melhorar: Empenhar-se mais nas aulas e avaliações.,Melhorar: Integrar-se mais aos Princípios Passos Mágicos.,10.0,1.0,2022,,,1
RA-636,P,M,2022,Escola Pública,Ametista,7.189,434.0,110.0,6.0,8.5,8.0,6.9,7.3,7.3,7.3,,Sim,Não,7.389,5.0,-1,Destaque: A sua boa entrega das lições de casa.,Melhorar: Empenhar-se mais nas aulas e avaliações.,Melhorar: Integrar-se mais aos Princípios Passos Mágicos.,10.0,1.0,2022,,0,0
RA-636,1R,M,2022,Pública,Agata,6.836666667,,,,0.0,8.3,5.64,9.0,9.2,8.7,,,,7.446666667,5.0,-1,,,,11.0,1.0,2023,8.333333333,0,0
RA-636,2P,M,2022,Pública,Agata,6.3802279106,,,,8.002,4.9043062200000005,7.51,5.25,4.0,6.5,,,,5.553333333,10.0,0,,,,12.0,2.0,2024,6.875,,
RA-637,P,F,2021,Escola Pública,Ametista,7.039,477.0,124.0,8.0,8.5,9.0,7.5,5.8,4.8,6.8,,Não,Não,7.0,5.0,-1,Destaque: A sua boa entrega das lições de casa.,Melhorar: Empenhar-se mais nas aulas e avaliações.,Melhorar: Integrar-se mais aos Princípios Passos Mágicos.,10.0,1.0,2022,,0,0
RA-637,1R,F,2021,Pública,Topázio,8.109533333,,,,8.0,9.5,7.52,8.5,8.7,8.2,,,,8.17,5.0,-1,,,,11.0,1.0,2023,8.333333333,0,0
RA-637,2P,F,2021,Pública,Ametista,7.6853212122,,,,7.502,6.2272727275,7.51,7.75,6.5,9.0,,,,7.776666667,10.0,0,,,,12.0,2.0,2024,8.333333333,,
RA-638,P,F,2020,Escola Pública,Ametista,7.059,467.0,120.0,7.0,8.5,9.3,7.5,3.9,2.0,5.8,,Não,Não,6.278,10.0,0,Destaque: A sua boa entrega das lições de casa.,Melhorar: Empenhar-se mais nas aulas e avaliações.,Melhorar: Integrar-se mais aos Princípios Passos Mágicos.,9.0,1.0,2022,,1,0
RA-638,1R,F,2020,Pública,Ametista,7.754866667,,,,9.0,9.4,7.52,6.5,6.8,6.2,,,,7.946666667,5.0,-1,,,,10.0,1.0,2023,8.333333333,0,0
RA-638,2P,F,2021,Pública,Agata,6.7464878789,,,,8.502,5.7272727275,7.51,5.0,4.0,6.0,,,,5.936666667,10.0,0,,,,11.0,2.0,2024,8.125,,
RA-639,P,F,2021,Escola Pública,Ágata,6.613,622.0,151.0,12.0,8.5,7.4,7.5,5.5,3.2,7.8,,Não,Não,6.611,5.0,-1,Melhorar: Melhorar a sua entrega de lições de casa.,Melhorar: Empenhar-se mais nas aulas e avaliações.,Melhorar: Integrar-se mais aos Princípios Passos Mágicos.,10.0,1.0,2022,,0,0
RA-639,2R,F,2021,Pública,Ametista,7.5853,,,,7.4,8.1,6.27,6.3,4.8,7.8,,,,7.62,10.0,0,,,,11.0,2.0,2023,8.125,0,0
RA-639,3P,F,2021,Pública,Quartzo,5.7693807644,,,,7.917,5.278195488666667,2.51,3.8333333333333335,1.0,4.5,6.0,,,6.1625,10.0,0,,,,12.0,3.0,2024,6.71875,,
RA-64,B,M,2019,Escola Pública,Ametista,7.368,372.0,23.0,9.0,7.1,8.1,8.1,7.5,4.8,8.2,9.4,Sim,Não,8.25,5.0,-1,Destaque: A sua boa entrega das lições de casa.,Melhorar: Empenhar-se mais nas aulas e avaliações.,Destaque: A sua boa integração aos Princípios Passos Mágicos.,16.0,5.0,2022,,0,0
RA-64,6A,F,2019,Privada - Programa de Apadrinhamento,Ametista,7.452541667,,,,7.5,9.2,6.89,6.7,7.0,6.0,7.2,,,7.9625,5.0,-1,,,,17.0,6.0,2023,7.34375,0,0
RA-64,7A,F,2021,Privada - Programa de Apadrinhamento,Topázio,8.743607059266667,,,,10.002,8.980785296666667,8.135,8.166666666666666,8.0,6.5,10.0,,,8.283333333,10.0,0,,,,18.0,7.0,2024,8.4375,,
RA-640,P,F,2022,Escola Pública,Ágata,6.73,577.0,141.0,11.0,9.0,8.4,7.5,4.8,2.5,7.0,,Não,Não,6.778,5.0,-1,Destaque: A sua boa entrega das lições de casa.,Melhorar: Empenhar-se mais nas aulas e avaliações.,Melhorar: Integrar-se mais aos Princípios Passos Mágicos.,11.0,1.0,2022,,1,0
RA-640,1P,F,2022,Pública,Agata,6.1105,,,,0.0,7.3,7.52,4.9,4.0,5.8,,,,8.446666667,5.0,-2,,,,12.0,1.0,2023,7.291666667,,1
RA-641,P,F,2022,Escola Pública,Ametista,7.776,210.0,53.0,2.0,9.0,9.3,7.5,6.5,4.5,8.5,,Não,Não,6.778,10.0,0,Destaque: A sua boa entrega das lições de casa.,Melhorar: Empenhar-se mais nas aulas e avaliações.,Melhorar: Integrar-se mais aos Princípios Passos Mágicos.,9.0,1.0,2022,,,1
RA-642,P,F,2021,Escola Pública,Ametista,7.75,216.0,55.0,3.0,10.0,9.7,6.9,7.3,7.0,7.7,,Não,Não,7.778,5.0,-1,Destaque: A sua boa entrega das lições de casa.,Melhorar: Empenhar-se mais nas aulas e avaliações.,Destaque: A sua boa integração aos Princípios Passos Mágicos.,10.0,1.0,2022,,0,0
RA-642,2R,F,2021,Pública,Topázio,8.416866667,,,,9.5,9.2,6.27,6.5,5.7,7.2,,,,9.173333333,10.0,0,,,,11.0,2.0,2023,8.75,0,0
RA-642,3P,F,2021,Pública,Ametista,7.082591269866667,,,,9.585,9.149206349333333,3.76,4.0,2.0,5.0,5.0,,,6.9975,10.0,0,,,,12.0,3.0,2024,7.1875,,
RA-643,P,M,2022,Escola Pública,Ágata,6.763,565.0,139.0,10.0,9.0,8.0,7.5,6.2,6.3,6.0,,Não,Não,6.722,5.0,-1,Destaque: A sua boa entrega das lições de casa.,Melhorar: Empenhar-se mais nas aulas e avaliações.,Melhorar: Integrar-se mais aos Princípios Passos Mágicos.,10.0,1.0,2022,,0,0
RA-643,1P,M,2022,Pública,Ametista,7.389033333,,,,9.5,8.2,7.52,7.1,7.0,7.2,,,,7.613333333,5.0,-1,,,,11.0,1.0,2023,6.041666667,0,0
RA-643,2P,M,2022,Pública,Agata,6.402239075100001,,,,9.002,6.8660287085,7.51,4.5,3.0,6.0,,,,5.826666667,5.0,-1,,,,12.0,2.0,2024,8.125,,
RA-644,P,F,2021,Escola Pública,Ametista,7.83,195.0,45.0,1.0,9.5,8.0,7.5,8.8,9.7,8.0,,Sim,Não,8.278,5.0,-1,Destaque: A sua boa entrega das lições de casa.,Destaque: As suas boas notas na Passos Mágicos.,Destaque: A sua boa integração aos Princípios Passos Mágicos.,11.0,1.0,2022,,0,0
RA-644,2P,F,2021,Pública,Agata,6.897033333,,,,10.0,5.6,7.52,5.9,4.0,7.7,,,,7.503333333,5.0,-1,,,,12.0,2.0,2023,8.541666667,,1
RA-645,P,F,2022,Escola Pública,Ágata,6.086,711.0,170.0,13.0,8.5,8.1,7.5,2.0,4.0,0.0,,Não,Não,6.833,5.0,-1,Destaque: A sua boa entrega das lições de casa.,Melhorar: Empenhar-se mais nas aulas e avaliações.,Melhorar: Integrar-se mais aos Princípios Passos Mágicos.,10.0,1.0,2022,,0,0
RA-645,1R,F,2022,Pública,Ametista,7.613033333,,,,9.0,8.5,6.27,7.3,6.5,8.0,,,,8.116666667,5.0,-1,,,,11.0,1.0,2023,8.125,0,0
RA-645,2P,F,2022,Pública,Ametista,7.502239394,,,,7.418,8.3863636365,7.51,5.25,3.0,7.5,,,,7.556666667,10.0,0,,,,12.0,2.0,2024,7.708333333,,
RA-646,R,M,2019,Escola Pública,Topázio,8.181,90.0,20.0,1.0,8.5,9.8,8.1,8.4,8.8,8.0,,Sim,Sim,8.389,5.0,-2,Destaque: A sua boa entrega das lições de casa.,Destaque: As suas boas notas na Passos Mágicos.,Destaque: A sua boa integração aos Princípios Passos Mágicos.,13.0,1.0,2022,,0,0
RA-646,2P,M,2019,Pública,Topázio,8.3547,,,,10.0,8.9,7.52,8.4,8.2,8.5,,,,8.783333333,5.0,-1,,,,13.0,2.0,2023,8.958333333,0,0
RA-646,3P,M,2021,Pública,Ametista,7.715491666666668,,,,10.002,9.266666666666667,7.51,6.166666666666667,9.0,4.5,5.0,,,7.7475,5.0,-1,,,,14.0,3.0,2024,8.28125,,
RA-647,R,M,2022,Escola Pública,Ágata,6.606,624.0,152.0,12.0,9.5,8.6,7.5,3.3,1.5,5.2,,Não,Não,7.278,5.0,-1,Destaque: A sua boa entrega das lições de casa.,Melhorar: Empenhar-se mais nas aulas e avaliações.,Melhorar: Integrar-se mais aos Princípios Passos Mágicos.,10.0,1.0,2022,,0,0
RA-647,1P,F,2022,Privada - Programa de Apadrinhamento,Ametista,7.100566667,,,,7.3,8.7,6.27,5.2,4.7,5.7,,,,8.446666667,5.0,-1,,,,10.0,1.0,2023,7.708333333,,1
RA-648,R,M,2019,Escola Pública,Ágata,6.736,574.0,140.0,10.0,9.0,7.5,6.9,5.3,5.0,5.5,,Não,Não,7.5,5.0,-2,Melhorar: Melhorar a sua entrega de lições de casa.,Melhorar: Empenhar-se mais nas aulas e avaliações.,Destaque: A sua boa integração aos Princípios Passos Mágicos.,12.0,1.0,2022,,,1
RA-649,R,F,2019,Escola Pública,Ametista,7.302,393.0,103.0,8.0,8.5,8.9,5.6,7.4,6.3,8.5,,Não,Não,7.611,5.0,-2,Destaque: A sua boa entrega das lições de casa.,Melhorar: Empenhar-se mais nas aulas e avaliações.,Destaque: A sua boa integração aos Princípios Passos Mágicos.,12.0,1.0,2022,,0,0
RA-649,2P,F,2019,Pública,Ametista,7.579533333,,,,9.0,9.3,3.77,6.5,3.8,9.2,,,,8.836666667,5.0,-1,,,,13.0,2.0,2023,8.75,0,0
RA-649,3R,F,2021,Pública,Agata,6.985329691766667,,,,8.751,6.004481792666667,8.76,3.6666666666666665,5.5,4.0,1.5,,,7.333333333,10.0,0,,,,14.0,3.0,2024,8.333333333,,
RA-65,B,F,2022,Escola Pública,Ametista,7.712,232.0,13.0,6.0,8.3,7.7,7.5,9.3,9.0,9.5,9.5,Sim,Não,7.875,5.0,-2,Destaque: A sua boa entrega das lições de casa.,Destaque: As suas boas notas na Passos Mágicos.,Destaque: A sua boa integração aos Princípios Passos Mágicos.,17.0,5.0,2022,,,1
RA-650,R,F,2021,Escola Pública,Ágata,7.004,486.0,127.0,9.0,6.9,8.7,5.6,6.9,5.5,8.3,,Não,Não,7.5,5.0,-1,Destaque: A sua boa entrega das lições de casa.,Melhorar: Empenhar-se mais nas aulas e avaliações.,Destaque: A sua boa integração aos Princípios Passos Mágicos.,11.0,1.0,2022,,,1
RA-651,R,F,2022,Escola Pública,Ametista,7.866,180.0,40.0,5.0,8.5,9.3,7.5,7.8,7.7,7.8,,Sim,Não,8.333,5.0,-1,Destaque: A sua boa entrega das lições de casa.,Destaque: As suas boas notas na Passos Mágicos.,Destaque: A sua boa integração aos Princípios Passos Mágicos.,10.0,1.0,2022,,0,0
RA-651,2P,F,2022,Pública,Ametista,7.332,,,,0.0,8.2,3.77,9.3,9.8,8.7,,,,7.95,10.0,0,,,,11.0,2.0,2023,8.75,0,0
RA-651,3K,F,2022,Pública,Topázio,8.689300000100001,,,,9.168,10.0,7.51,7.5,10.0,6.0,6.5,,,8.336666667,10.0,1,,,,12.0,3.0,2024,8.541666667,,
RA-652,R,F,2022,Escola Pública,Topázio,8.151,98.0,22.0,2.0,8.0,9.6,7.5,7.8,7.0,8.5,,Não,Não,7.5,10.0,0,Destaque: A sua boa entrega das lições de casa.,Destaque: As suas boas notas na Passos Mágicos.,Destaque: A sua boa integração aos Princípios Passos Mágicos.,9.0,1.0,2022,,1,0
RA-652,1P,F,2022,Pública,Ametista,7.871033333,,,,9.0,9.4,6.89,7.0,6.2,7.8,,,,8.446666667,5.0,-1,,,,10.0,1.0,2023,8.125,0,0
RA-652,2P,F,2022,Pública,Ametista,7.361896969700001,,,,8.002,6.931818182000001,7.51,5.5,4.5,6.5,,,,7.663333333,10.0,0,,,,11.0,2.0,2024,7.916666667,,
RA-653,R,F,2022,Escola Pública,Topázio,8.101,115.0,25.0,3.0,9.5,9.6,7.5,9.3,9.5,9.0,,Não,Não,7.5,5.0,-1,Destaque: A sua boa entrega das lições de casa.,Destaque: As suas boas notas na Passos Mágicos.,Destaque: A sua boa integração aos Princípios Passos Mágicos.,11.0,1.0,2022,,0,0
RA-653,2P,F,2022,Pública,Ametista,7.385666667,,,,0.0,9.8,6.27,7.9,7.7,8.0,,,,9.06,5.0,-1,,,,12.0,2.0,2023,9.166666667,0,0
RA-653,3R,F,2022,Pública,Topázio,8.103217647033333,,,,8.751,9.537254901999999,8.76,5.166666666666667,6.5,4.5,4.5,,,7.89,10.0,0,,,,13.0,3.0,2024,8.333333333,,
RA-654,R,F,2022,Escola Pública,Ametista,7.308,384.0,99.0,7.0,8.5,8.6,7.5,6.8,5.5,8.0,,Não,Não,7.556,5.0,-2,Destaque: A sua boa entrega das lições de casa.,Melhorar: Empenhar-se mais nas aulas e avaliações.,Destaque: A sua boa integração aos Princípios Passos Mágicos.,12.0,1.0,2022,,,1
RA-655,R,F,2019,Escola Pública,Ametista,7.785,206.0,50.0,6.0,7.5,9.2,7.5,8.3,8.3,8.2,,Sim,Sim,8.389,5.0,-2,Destaque: A sua boa entrega das lições de casa.,Destaque: As suas boas notas na Passos Mágicos.,Destaque: A sua boa integração aos Princípios Passos Mágicos.,12.0,1.0,2022,,0,0
RA-655,2P,F,2019,Pública,Topázio,8.3198,,,,7.4,9.9,7.52,8.3,7.2,9.3,,,,8.896666667,5.0,-1,,,,13.0,2.0,2023,9.166666667,0,0
RA-655,3R,F,2021,Pública,Topázio,8.238600000066668,,,,7.501,10.0,8.76,6.833333333333333,8.0,4.0,8.5,,,7.166666667,10.0,0,,,,14.0,3.0,2024,8.125,,
RA-656,R,F,2020,Escola Pública,Ágata,6.652,606.0,146.0,11.0,7.4,7.5,5.6,6.3,5.0,7.5,,Não,Não,7.5,5.0,-1,Melhorar: Melhorar a sua entrega de lições de casa.,Melhorar: Empenhar-se mais nas aulas e avaliações.,Destaque: A sua boa integração aos Princípios Passos Mágicos.,11.0,1.0,2022,,0,0
RA-656,2P,F,2020,Pública,Agata,6.780833333,,,,0.0,8.9,7.52,7.3,5.8,8.8,,,,7.173333333,5.0,-1,,,,12.0,2.0,2023,8.541666667,0,0
RA-656,3R,F,2021,Pública,Agata,6.668152941266667,,,,9.168,5.978431372666667,7.51,4.166666666666667,5.0,3.5,4.0,,,6.106666667,10.0,0,,,,13.0,3.0,2024,7.5,,
RA-657,R,F,2021,Escola Pública,Topázio,8.093,117.0,26.0,4.0,9.5,9.8,7.5,9.0,9.0,9.0,,Não,Não,7.5,5.0,-2,Destaque: A sua boa entrega das lições de casa.,Destaque: As suas boas notas na Passos Mágicos.,Destaque: A sua boa integração aos Princípios Passos Mágicos.,12.0,1.0,2022,,0,0
RA-657,2P,F,2021,Pública,Topázio,8.3532,,,,8.5,10.0,7.52,8.2,7.0,9.3,,,,8.73,5.0,-1,,,,12.0,2.0,2023,8.75,0,0
RA-657,3R,F,2021,Pública,Topázio,8.207433333400001,,,,8.751,9.6,6.885,7.5,8.0,4.5,10.0,,,7.056666667,10.0,0,,,,13.0,3.0,2024,8.125,,
RA-658,U,F,2022,Escola Pública,Ametista,7.407,357.0,93.0,7.0,10.0,9.3,7.5,5.6,4.7,6.5,,Não,Não,7.917,5.0,-1,Destaque: A sua boa entrega das lições de casa.,Melhorar: Empenhar-se mais nas aulas e avaliações.,Destaque: A sua boa integração aos Princípios Passos Mágicos.,10.0,1.0,2022,,0,0
RA-658,2U,F,2022,Pública,Topázio,8.438533333,,,,9.5,9.5,7.52,6.1,5.3,6.8,,,,9.173333333,10.0,0,,,,10.0,2.0,2023,7.916666667,0,0
RA-658,3M,F,2022,Pública,Ametista,7.507033333333333,,,,8.751,10.0,8.135,3.6666666666666665,5.5,2.5,3.0,,,6.738,10.0,1,,,,12.0,3.0,2024,7.375,,
RA-659,U,F,2022,Escola Pública,Ametista,7.783,208.0,51.0,3.0,8.0,7.8,7.5,9.3,9.5,9.0,,Não,Não,8.333,5.0,-1,Destaque: A sua boa entrega das lições de casa.,Destaque: As suas boas notas na Passos Mágicos.,Destaque: A sua boa integração aos Princípios Passos Mágicos.,10.0,1.0,2022,,,1
RA-66,B,F,2022,Escola Pública,Quartzo,5.665,768.0,50.0,15.0,7.5,5.6,7.5,4.5,3.0,6.0,,Não,Não,5.917,5.0,-2,Melhorar: Melhorar a sua entrega de lições de casa.,Melhorar: Empenhar-se mais nas aulas e avaliações.,Melhorar: Integrar-se mais aos Princípios Passos Mágicos.,17.0,5.0,2022,,,1
RA-660,U,F,2021,Escola Pública,Topázio,8.363,50.0,7.0,1.0,9.5,9.0,7.5,6.9,5.8,8.0,,Não,Sim,9.083,10.0,0,Destaque: A sua boa entrega das lições de casa.,Melhorar: Empenhar-se mais nas aulas e avaliações.,Destaque: A sua boa integração aos Princípios Passos Mágicos.,9.0,1.0,2022,,,1
RA-661,U,M,2022,Escola Pública,Ametista,7.593,274.0,72.0,4.0,9.0,8.3,7.5,7.8,8.3,7.3,,Não,Não,7.917,5.0,-1,Destaque: A sua boa entrega das lições de casa.,Destaque: As suas boas notas na Passos Mágicos.,Destaque: A sua boa integração aos Princípios Passos Mágicos.,11.0,1.0,2022,,0,0
RA-661,2M,M,2022,Pública,Agata,6.846333333,,,,0.0,7.7,6.89,6.5,4.3,8.7,,,,7.836666667,10.0,0,,,,11.0,2.0,2023,7.5,,1
RA-662,U,F,2022,Escola Pública,Ametista,7.044,473.0,122.0,9.0,9.0,8.8,7.5,6.8,5.7,7.8,,Não,Não,6.083,5.0,-1,Destaque: A sua boa entrega das lições de casa.,Melhorar: Empenhar-se mais nas aulas e avaliações.,Melhorar: Integrar-se mais aos Princípios Passos Mágicos.,11.0,1.0,2022,,0,0
RA-662,2U,F,2022,Pública,Agata,6.733566667,,,,6.8,7.6,6.27,6.7,4.3,9.0,,,,6.72,5.0,-1,,,,12.0,2.0,2023,7.291666667,0,0
RA-662,3M,F,2022,Pública,Ametista,7.1074778554666675,,,,7.917,7.6107226106666666,7.51,4.166666666666667,4.5,5.0,3.0,,,7.234,10.0,0,,,,13.0,3.0,2024,7.625,,
RA-663,U,M,2022,Escola Pública,Ágata,6.376,665.0,161.0,11.0,6.9,8.7,7.5,5.8,5.0,6.5,,Não,Não,5.25,5.0,-1,Destaque: A sua boa entrega das lições de casa.,Melhorar: Empenhar-se mais nas aulas e avaliações.,Melhorar: Integrar-se mais aos Princípios Passos Mágicos.,10.0,1.0,2022,,0,0
RA-663,1L,M,2022,Pública,Agata,6.969133333,,,,6.9,7.4,7.52,7.0,6.7,7.3,,,,7.393333333,5.0,-1,,,,11.0,1.0,2023,6.666666667,0,0
RA-663,2L,M,2022,Pública,Agata,6.696419461700001,,,,8.502,7.0910973085,5.625,6.5,6.0,7.0,,,,6.89,5.0,-1,,,,12.0,2.0,2024,6.875,,
RA-664,U,F,2022,Escola Pública,Ametista,7.277,405.0,105.0,8.0,9.5,8.8,7.5,6.3,5.0,7.5,,Não,Não,7.167,5.0,-1,Destaque: A sua boa entrega das lições de casa.,Melhorar: Empenhar-se mais nas aulas e avaliações.,Melhorar: Integrar-se mais aos Princípios Passos Mágicos.,10.0,1.0,2022,,0,0
RA-664,1L,F,2022,Pública,Topázio,8.0872,,,,9.0,9.6,7.52,8.0,8.0,8.0,,,,8.116666667,5.0,-1,,,,11.0,1.0,2023,7.916666667,0,0
RA-664,2N,F,2022,Pública,Ametista,7.5017244089,,,,9.002,6.7734553775,7.51,5.75,3.0,8.5,,,,7.666666667,10.0,0,,,,12.0,2.0,2024,8.125,,
RA-665,U,F,2022,Escola Pública,Ágata,6.996,488.0,128.0,10.0,9.0,7.4,7.5,6.8,6.5,7.0,,Não,Não,7.25,5.0,-1,Melhorar: Melhorar a sua entrega de lições de casa.,Melhorar: Empenhar-se mais nas aulas e avaliações.,Melhorar: Integrar-se mais aos Princípios Passos Mágicos.,11.0,1.0,2022,,0,0
RA-665,1M,F,2022,Pública,Agata,6.185658333,,,,9.5,4.9,2.52,5.2,5.0,5.3,,,,8.226666667,5.0,-1,,,,11.0,1.0,2023,8.28125,0,0
RA-665,2M,F,2022,Pública,Quartzo,5.698703030200001,,,,8.334,5.068181818,5.63,4.75,3.0,6.5,,,,5.443333333,5.0,-1,,,,12.0,2.0,2024,7.5,,
RA-666,U,M,2022,Escola Pública,Ametista,7.929,160.0,39.0,2.0,9.5,9.1,7.5,7.8,8.0,7.5,,Não,Sim,8.833,5.0,-1,Destaque: A sua boa entrega das lições de casa.,Destaque: As suas boas notas na Passos Mágicos.,Destaque: A sua boa integração aos Princípios Passos Mágicos.,10.0,1.0,2022,,0,0
RA-666,2U,M,2022,Pública,Topázio,8.720366667,,,,9.5,9.1,7.52,7.1,6.7,7.5,,,,9.62,10.0,0,,,,11.0,2.0,2023,8.541666667,0,0
RA-666,3L,M,2022,Pública,Topázio,8.185838802933334,,,,10.002,7.881527348,7.51,7.166666666666667,10.0,5.5,6.0,,,8.375,10.0,0,,,,12.0,3.0,2024,7.5,,
RA-667,U,M,2021,Escola Pública,Quartzo,5.844,747.0,177.0,12.0,8.5,5.6,7.5,4.5,3.7,5.3,,Não,Não,5.833,5.0,-1,Melhorar: Melhorar a sua entrega de lições de casa.,Melhorar: Empenhar-se mais nas aulas e avaliações.,Melhorar: Integrar-se mais aos Princípios Passos Mágicos.,11.0,1.0,2022,,0,0
RA-667,2U,M,2021,Pública,Agata,6.774866667,,,,9.0,6.9,6.89,5.2,3.0,7.3,,,,7.836666667,5.0,-1,,,,12.0,2.0,2023,7.083333333,0,0
RA-667,3M,M,2021,Pública,Ametista,7.177130604266668,,,,9.168,7.038986354666666,7.51,4.666666666666667,5.5,4.5,4.0,,,6.966,10.0,0,,,,13.0,3.0,2024,7.75,,
RA-668,U,M,2022,Escola Pública,Quartzo,4.365,845.0,192.0,13.0,6.9,3.3,7.5,2.8,2.8,2.8,,Não,Não,3.75,5.0,-1,Melhorar: Melhorar a sua entrega de lições de casa.,Melhorar: Empenhar-se mais nas aulas e avaliações.,Melhorar: Integrar-se mais aos Princípios Passos Mágicos.,11.0,1.0,2022,,0,0
RA-668,2K,M,2022,Pública,Agata,6.017933333,,,,6.3,6.3,7.52,3.4,2.7,4.0,,,,7.616666667,5.0,-1,,,,12.0,2.0,2023,6.875,,1
RA-669,U,M,2022,Escola Pública,Ametista,7.475,326.0,85.0,5.0,9.0,9.7,7.5,6.0,5.0,7.0,,Não,Não,7.833,5.0,-1,Destaque: A sua boa entrega das lições de casa.,Melhorar: Empenhar-se mais nas aulas e avaliações.,Destaque: A sua boa integração aos Princípios Passos Mágicos.,11.0,1.0,2022,,0,0
RA-669,2U,M,2022,Pública,Ametista,7.345033333,,,,8.5,7.8,7.52,5.0,3.3,6.7,,,,7.06,10.0,0,,,,11.0,2.0,2023,7.708333333,0,0
RA-669,3K,M,2022,Pública,Agata,6.6438703703,,,,7.5,4.851851851666666,7.51,5.333333333333333,5.0,6.0,5.0,,,6.883333333,10.0,0,,,,12.0,3.0,2024,7.291666667,,
RA-67,C,F,2019,Escola Pública,Quartzo,5.195,812.0,56.0,6.0,5.8,3.0,7.5,3.6,3.0,4.2,3.5,Não,Não,6.889,5.0,-1,Melhorar: Melhorar a sua entrega de lições de casa.,Melhorar: Empenhar-se mais nas aulas e avaliações.,Melhorar: Integrar-se mais aos Princípios Passos Mágicos.,16.0,5.0,2022,,,1
RA-670,U,F,2022,Escola Pública,Ametista,7.451,335.0,88.0,6.0,8.0,8.8,7.5,6.9,6.5,7.3,,Não,Não,8.167,5.0,-1,Destaque: A sua boa entrega das lições de casa.,Melhorar: Empenhar-se mais nas aulas e avaliações.,Destaque: A sua boa integração aos Princípios Passos Mágicos.,10.0,1.0,2022,,0,0
RA-670,2U,F,2022,Pública,Topázio,8.6067,,,,9.5,8.7,7.52,7.0,5.8,8.2,,,,9.343333333,10.0,0,,,,11.0,2.0,2023,8.958333333,0,0
RA-670,3U,F,2022,Privada - Programa de Apadrinhamento,Topázio,8.8602539683,,,,9.585,9.441269841333334,7.51,8.666666666666666,9.0,7.0,10.0,,,8.166666667,10.0,1,,,,12.0,3.0,2024,8.958333333,,
RA-671,A,M,2021,Escola Pública,Ametista,7.617,269.0,75.0,4.0,8.5,8.2,8.1,8.8,8.8,8.8,,Não,Não,7.417,5.0,-1,Destaque: A sua boa entrega das lições de casa.,Destaque: As suas boas notas na Passos Mágicos.,Melhorar: Integrar-se mais aos Princípios Passos Mágicos.,9.0,0.0,2022,,1,0
RA-671,ALFA G - G2/G3,M,2021,Pública,Agata,6.5143,,,,7.9,8.3,3.14,7.8,8.0,7.5,,,,5.68,5.0,-2,,,,10.0,0.0,2023,5.625,,1
RA-672,A,F,2021,Escola Pública,Ametista,7.48,323.0,96.0,6.0,8.5,8.5,8.1,8.8,8.5,9.1,,Não,Não,6.75,5.0,-1,Destaque: A sua boa entrega das lições de casa.,Destaque: As suas boas notas na Passos Mágicos.,Melhorar: Integrar-se mais aos Princípios Passos Mágicos.,9.0,0.0,2022,,1,0
RA-672,ALFA J - G2/G3,F,2021,Pública,Agata,6.5623,,,,7.9,9.5,2.52,6.4,6.0,6.7,,,,6.43,5.0,-2,,,,10.0,0.0,2023,5.625,0,0
RA-672,1H,F,2021,Pública,Quartzo,4.2118138341,,,,7.918,3.9525691700000003,6.26,0.0,0.0,0.0,,,,4.496666667,5.0,-1,,,,11.0,1.0,2024,6.041666667,,
RA-673,A,F,2022,Escola Pública,Topázio,8.65,21.0,2.0,1.0,8.5,9.2,8.1,9.2,9.4,8.9,,Sim,Sim,8.583,10.0,0,Destaque: A sua boa entrega das lições de casa.,Destaque: As suas boas notas na Passos Mágicos.,Destaque: A sua boa integração aos Princípios Passos Mágicos.,8.0,0.0,2022,,,1
RA-674,A,M,2022,Escola Pública,Ametista,7.862,181.0,50.0,3.0,9.5,8.7,8.1,8.0,8.9,7.0,,Não,Não,6.333,10.0,0,Destaque: A sua boa entrega das lições de casa.,Destaque: As suas boas notas na Passos Mágicos.,Melhorar: Integrar-se mais aos Princípios Passos Mágicos.,8.0,0.0,2022,,1,0
RA-674,ALFA T - G2/G3,M,2022,Pública,Agata,6.6328,,,,7.9,8.5,3.77,5.2,5.3,5.0,,,,8.67,5.0,-1,,,,9.0,0.0,2023,5.0,,1
RA-675,A,M,2022,Escola Pública,Ametista,7.576,284.0,79.0,5.0,10.0,6.6,8.1,7.4,8.8,5.9,,Sim,Não,7.083,10.0,0,Melhorar: Melhorar a sua entrega de lições de casa.,Melhorar: Empenhar-se mais nas aulas e avaliações.,Melhorar: Integrar-se mais aos Princípios Passos Mágicos.,8.0,0.0,2022,,0,0
RA-675,ALFA D - G2/G3,M,2022,Pública,Topázio,8.3577,,,,10.0,8.0,7.52,8.3,8.5,8.0,,,,8.34,10.0,0,,,,8.0,0.0,2023,6.875,,1
RA-676,A,M,2021,Escola Pública,Ametista,7.911,165.0,44.0,2.0,8.5,8.6,8.1,9.3,9.5,9.1,,Sim,Não,8.167,5.0,-1,Destaque: A sua boa entrega das lições de casa.,Destaque: As suas boas notas na Passos Mágicos.,Destaque: A sua boa integração aos Princípios Passos Mágicos.,9.0,0.0,2022,,,1
RA-677,B,F,2021,Escola Pública,Topázio,8.358,52.0,13.0,1.0,10.0,9.4,7.5,7.3,7.7,6.8,,Não,Sim,8.583,10.0,0,Destaque: A sua boa entrega das lições de casa.,Melhorar: Empenhar-se mais nas aulas e avaliações.,Destaque: A sua boa integração aos Princípios Passos Mágicos.,8.0,0.0,2022,,1,0
RA-677,ALFA T - G2/G3,F,2021,Pública,Topázio,8.5257,,,,10.0,8.2,10.0,8.7,9.0,8.3,,,,9.84,5.0,-1,,,,9.0,0.0,2023,6.875,,1
RA-678,B,M,2022,Escola Pública,Ametista,8.0,143.0,40.0,2.0,9.0,10.0,6.9,7.3,7.5,7.0,,Não,Sim,9.5,5.0,-1,Destaque: A sua boa entrega das lições de casa.,Melhorar: Empenhar-se mais nas aulas e avaliações.,Destaque: A sua boa integração aos Princípios Passos Mágicos.,9.0,0.0,2022,,0,0
RA-678,1B,M,2022,Pública,Ametista,7.570158333,,,,8.0,8.8,6.27,7.3,6.8,7.7,,,,8.336666667,5.0,-1,,,,10.0,1.0,2023,7.65625,,1
RA-679,B,M,2020,Escola Pública,Ametista,7.172,441.0,129.0,6.0,9.0,8.2,7.5,6.3,6.7,5.8,,Não,Não,7.833,5.0,-2,Destaque: A sua boa entrega das lições de casa.,Melhorar: Empenhar-se mais nas aulas e avaliações.,Destaque: A sua boa integração aos Princípios Passos Mágicos.,10.0,0.0,2022,,0,0
RA-679,1J,M,2020,Pública,Agata,6.138366667,,,,7.5,7.5,5.02,3.6,2.0,5.2,,,,7.393333333,5.0,-1,,,,11.0,1.0,2023,6.875,,1
RA-68,C,M,2019,Escola Pública,Ágata,6.438,653.0,40.0,2.0,8.3,6.0,7.5,4.0,4.7,4.8,2.7,Sim,Não,7.944,5.0,-1,Melhorar: Melhorar a sua entrega de lições de casa.,Melhorar: Empenhar-se mais nas aulas e avaliações.,Destaque: A sua boa integração aos Princípios Passos Mágicos.,16.0,5.0,2022,,,1
RA-680,B,F,2019,Escola Pública,Ametista,7.518,302.0,85.0,4.0,9.5,8.8,7.5,7.4,8.0,6.8,,Não,Não,7.75,5.0,-2,Destaque: A sua boa entrega das lições de casa.,Melhorar: Empenhar-se mais nas aulas e avaliações.,Destaque: A sua boa integração aos Princípios Passos Mágicos.,10.0,0.0,2022,,0,0
RA-680,1B,F,2019,Pública,Agata,6.5855,,,,0.0,9.1,7.52,6.4,5.2,7.5,,,,7.78,5.0,-1,,,,11.0,1.0,2023,6.875,0,0
RA-680,2A,F,2021,Pública,Quartzo,4.9800714287000005,,,,0.0,6.6428571430000005,5.635,3.0,2.5,3.5,,,,6.606666667,5.0,-1,,,,12.0,2.0,2024,6.666666667,,
RA-681,B,M,2022,Escola Pública,Ametista,7.204,427.0,128.0,5.0,8.5,8.5,6.9,6.5,6.5,6.5,,Não,Não,8.0,5.0,-2,Destaque: A sua boa entrega das lições de casa.,Melhorar: Empenhar-se mais nas aulas e avaliações.,Destaque: A sua boa integração aos Princípios Passos Mágicos.,10.0,0.0,2022,,0,0
RA-681,ALFA E - G2/G3,M,2022,Pública,Agata,6.2955,,,,0.0,7.8,3.77,8.3,8.8,7.8,,,,8.18,5.0,-2,,,,10.0,0.0,2023,5.625,0,0
RA-681,1C,M,2022,Privada,Agata,6.0398818182000005,,,,9.502,7.840909091,6.26,2.5,5.0,0.0,,,,6.665,5.0,-1,,,,11.0,1.0,2024,5.625,,
RA-682,B,M,2022,Escola Pública,Ametista,7.625,262.0,74.0,3.0,9.5,9.1,7.5,7.0,7.0,7.0,,Não,Não,8.083,5.0,-2,Destaque: A sua boa entrega das lições de casa.,Melhorar: Empenhar-se mais nas aulas e avaliações.,Destaque: A sua boa integração aos Princípios Passos Mágicos.,11.0,0.0,2022,,,1
RA-683,C,M,2022,Escola Pública,Ágata,6.011,728.0,180.0,3.0,7.9,5.0,7.5,4.0,8.0,0.0,,Não,Não,8.083,5.0,-2,Melhorar: Melhorar a sua entrega de lições de casa.,Melhorar: Empenhar-se mais nas aulas e avaliações.,Destaque: A sua boa integração aos Princípios Passos Mágicos.,10.0,0.0,2022,,,1
RA-684,C,M,2022,Escola Pública,Topázio,8.26,72.0,19.0,1.0,9.5,7.5,8.1,9.3,9.0,9.6,,Não,Não,7.917,10.0,0,Melhorar: Melhorar a sua entrega de lições de casa.,Destaque: As suas boas notas na Passos Mágicos.,Destaque: A sua boa integração aos Princípios Passos Mágicos.,7.0,0.0,2022,,0,0
RA-684,ALFA D - G2/G3,M,2022,Privada,Ametista,7.4277,,,,9.0,8.1,7.52,6.5,8.3,4.7,,,,5.84,10.0,0,,,,8.0,0.0,2023,6.875,0,0
RA-684,1C,M,2022,Privada,Ametista,7.769381818200001,,,,10.002,9.090909091,7.51,4.25,2.5,6.0,,,,8.0,10.0,0,,,,9.0,1.0,2024,7.5,,
RA-685,C,M,2022,Escola Pública,Ágata,6.864,533.0,152.0,2.0,9.0,6.2,5.0,8.0,8.0,8.0,,Não,Não,7.833,5.0,-1,Melhorar: Melhorar a sua entrega de lições de casa.,Destaque: As suas boas notas na Passos Mágicos.,Destaque: A sua boa integração aos Princípios Passos Mágicos.,9.0,0.0,2022,,,1
RA-686,D,F,2022,Escola Pública,Ametista,7.729,227.0,62.0,5.0,7.5,8.6,8.1,8.8,9.2,8.5,,Não,Não,8.083,5.0,-1,Destaque: A sua boa entrega das lições de casa.,Destaque: As suas boas notas na Passos Mágicos.,Destaque: A sua boa integração aos Princípios Passos Mágicos.,9.0,0.0,2022,,0,0
RA-686,1C,F,2022,Pública,Ametista,7.9642,,,,8.5,9.0,7.52,8.0,7.3,8.7,,,,8.56,5.0,-1,,,,10.0,1.0,2023,7.5,0,0
RA-686,2C,F,2022,Pública,Topázio,8.040259523700001,,,,8.002,8.7857142855,6.885,7.25,5.0,9.5,,,,7.503333333,10.0,0,,,,11.0,2.0,2024,8.4375,,
RA-687,D,M,2022,Escola Pública,Ametista,7.703,233.0,63.0,6.0,8.5,9.0,8.1,8.3,9.0,7.5,,Não,Não,8.0,5.0,-1,Destaque: A sua boa entrega das lições de casa.,Destaque: As suas boas notas na Passos Mágicos.,Destaque: A sua boa integração aos Princípios Passos Mágicos.,9.0,0.0,2022,,0,0
RA-687,1A,M,2022,Pública,Ametista,7.617533333,,,,8.0,9.0,7.52,6.9,6.7,7.0,,,,8.226666667,5.0,-1,,,,10.0,1.0,2023,7.5,0,0
RA-687,2D,M,2022,Pública,Topázio,8.2739844611,,,,7.502,9.2355889725,7.51,7.25,6.5,8.0,,,,8.003333333,10.0,0,,,,11.0,2.0,2024,8.75,,
RA-688,D,M,2022,Escola Pública,Ametista,7.771,212.0,56.0,4.0,8.5,9.7,7.5,7.9,8.0,7.8,,Não,Não,7.917,5.0,-1,Destaque: A sua boa entrega das lições de casa.,Destaque: As suas boas notas na Passos Mágicos.,Destaque: A sua boa integração aos Princípios Passos Mágicos.,9.0,0.0,2022,,0,0
RA-688,1A,M,2022,Pública,Topázio,8.0442,,,,8.5,9.3,7.52,8.6,8.2,9.0,,,,8.06,5.0,-1,,,,10.0,1.0,2023,7.5,0,0
RA-688,2B,M,2022,Pública,Topázio,8.986533333300002,,,,9.502,10.0,8.13,7.5,6.0,9.0,,,,9.45,10.0,0,,,,11.0,2.0,2024,8.333333333,,
RA-689,D,F,2022,Escola Pública,Ágata,6.433,655.0,172.0,9.0,7.4,7.9,5.6,5.8,6.0,5.5,,Não,Não,6.667,5.0,-1,Destaque: A sua boa entrega das lições de casa.,Melhorar: Empenhar-se mais nas aulas e avaliações.,Melhorar: Integrar-se mais aos Princípios Passos Mágicos.,9.0,0.0,2022,,,1
RA-69,C,M,2018,Escola Pública,Quartzo,5.718,756.0,47.0,3.0,8.3,6.1,7.5,2.5,4.7,2.6,0.3,Não,Não,6.167,5.0,-1,Melhorar: Melhorar a sua entrega de lições de casa.,Melhorar: Empenhar-se mais nas aulas e avaliações.,Melhorar: Integrar-se mais aos Princípios Passos Mágicos.,16.0,5.0,2022,,,1
RA-690,D,F,2022,Escola Pública,Ametista,7.541,294.0,83.0,8.0,9.5,9.5,7.5,7.0,7.2,6.8,,Não,Não,7.417,5.0,-1,Destaque: A sua boa entrega das lições de casa.,Melhorar: Empenhar-se mais nas aulas e avaliações.,Melhorar: Integrar-se mais aos Princípios Passos Mágicos.,9.0,0.0,2022,,1,0
RA-690,ALFA D - G2/G3,F,2022,Pública,Topázio,8.6112,,,,9.0,9.8,6.89,9.1,9.3,8.8,,,,10.01,5.0,-2,,,,10.0,0.0,2023,7.5,0,0
RA-690,1E,F,2022,Pública,Ametista,7.3853681818000005,,,,7.918,8.409090909,7.51,6.25,7.5,5.0,,,,7.835,5.0,-1,,,,11.0,1.0,2024,8.4375,,
RA-691,D,F,2022,Escola Pública,Topázio,8.68,16.0,1.0,1.0,10.0,9.2,8.1,9.4,9.6,9.3,,Não,Não,7.917,10.0,0,Destaque: A sua boa entrega das lições de casa.,Destaque: As suas boas notas na Passos Mágicos.,Destaque: A sua boa integração aos Princípios Passos Mágicos.,8.0,0.0,2022,,,1
RA-692,D,F,2021,Escola Pública,Ametista,7.569,285.0,80.0,7.0,9.5,8.9,8.1,6.9,7.0,6.8,,Não,Não,7.917,5.0,-1,Destaque: A sua boa entrega das lições de casa.,Melhorar: Empenhar-se mais nas aulas e avaliações.,Destaque: A sua boa integração aos Princípios Passos Mágicos.,9.0,0.0,2022,,0,0
RA-692,1C,F,2021,Privada,Agata,6.588466667,,,,7.4,7.7,7.52,4.6,2.8,6.3,,,,7.39,5.0,-1,,,,10.0,1.0,2023,6.666666667,,1
RA-693,D,F,2022,Escola Pública,Ametista,7.944,158.0,43.0,3.0,9.5,9.8,8.1,5.7,5.0,6.3,,Não,Não,7.667,10.0,0,Destaque: A sua boa entrega das lições de casa.,Melhorar: Empenhar-se mais nas aulas e avaliações.,Destaque: A sua boa integração aos Princípios Passos Mágicos.,7.0,0.0,2022,,0,0
RA-693,ALFA D - G2/G3,F,2022,Pública,Topázio,9.0112,,,,10.0,9.4,6.89,8.5,8.2,8.7,,,,10.01,10.0,0,,,,8.0,0.0,2023,7.5,0,0
RA-693,1C,F,2022,Pública,Topázio,8.9079954545,,,,10.002,9.5227272725,9.38,8.0,8.0,8.0,,,,8.42,10.0,0,,,,9.0,1.0,2024,7.8125,,
RA-694,D,M,2022,Escola Pública,Topázio,8.378,49.0,11.0,2.0,10.0,9.0,8.1,8.1,8.2,8.0,,Não,Não,7.917,10.0,0,Destaque: A sua boa entrega das lições de casa.,Destaque: As suas boas notas na Passos Mágicos.,Destaque: A sua boa integração aos Princípios Passos Mágicos.,8.0,0.0,2022,,,1
RA-695,E,F,2021,Escola Pública,Quartzo,4.28,849.0,189.0,5.0,9.0,3.1,7.5,2.5,2.2,2.8,,Não,Não,2.5,10.0,0,Melhorar: Melhorar a sua entrega de lições de casa.,Melhorar: Empenhar-se mais nas aulas e avaliações.,Melhorar: Integrar-se mais aos Princípios Passos Mágicos.,8.0,0.0,2022,,,1
RA-696,E,F,2021,Escola Pública,Ametista,7.441,338.0,98.0,2.0,8.5,9.0,7.5,6.6,6.5,6.7,,Não,Não,8.167,5.0,-1,Destaque: A sua boa entrega das lições de casa.,Melhorar: Empenhar-se mais nas aulas e avaliações.,Destaque: A sua boa integração aos Princípios Passos Mágicos.,9.0,0.0,2022,,0,0
RA-696,1A,F,2021,Pública,Ametista,7.172666667,,,,0.0,9.4,5.02,6.7,5.2,8.2,,,,8.503333333,10.0,0,,,,9.0,1.0,2023,7.5,0,0
RA-696,2B,F,2021,Pública,Ametista,7.482680952299999,,,,7.418,7.845238095,7.51,5.25,5.0,5.5,,,,8.0,10.0,0,,,,10.0,2.0,2024,7.708333333,,
RA-697,E,M,2021,Escola Pública,Ametista,7.675,246.0,67.0,1.0,7.0,9.3,7.5,8.4,8.8,8.0,,Não,Não,8.083,5.0,-2,Destaque: A sua boa entrega das lições de casa.,Destaque: As suas boas notas na Passos Mágicos.,Destaque: A sua boa integração aos Princípios Passos Mágicos.,11.0,0.0,2022,,,1
RA-698,E,M,2021,Escola Pública,Ametista,7.44,339.0,99.0,3.0,9.0,9.8,2.5,8.1,8.0,8.2,,Não,Não,8.083,5.0,-1,Destaque: A sua boa entrega das lições de casa.,Destaque: As suas boas notas na Passos Mágicos.,Destaque: A sua boa integração aos Princípios Passos Mágicos.,9.0,0.0,2022,,0,0
RA-698,1B,M,2021,Pública,Ametista,7.553616667,,,,8.5,9.9,2.52,5.7,4.3,7.0,,,,8.113333333,10.0,0,,,,9.0,1.0,2023,7.1875,0,0
RA-698,2A,M,2021,Pública,Ametista,7.3363190476,,,,9.002,8.3214285715,6.88,4.5,3.0,6.0,,,,7.273333333,10.0,0,,,,10.0,2.0,2024,7.291666667,,
RA-699,E,M,2022,Escola Pública,Ágata,6.658,603.0,165.0,4.0,5.2,9.2,7.5,7.1,7.5,6.7,,Não,Não,6.0,5.0,-1,Destaque: A sua boa entrega das lições de casa.,Melhorar: Empenhar-se mais nas aulas e avaliações.,Melhorar: Integrar-se mais aos Princípios Passos Mágicos.,9.0,0.0,2022,,0,0
RA-699,1A,M,2022,Pública,Agata,6.389991667,,,,8.5,8.3,3.77,6.0,5.7,6.2,,,,6.173333333,5.0,-1,,,,10.0,1.0,2023,5.78125,0,0
RA-699,1A,M,2022,Pública,Agata,6.427771212000001,,,,6.334,7.727272727000001,6.26,6.5,7.0,6.0,,,,5.833333333,5.0,-1,,,,11.0,1.0,2024,6.5625,,
RA-7,A,M,2017,Rede Decisão,Ágata,6.818,550.0,11.0,5.0,0.0,8.4,7.5,7.6,8.2,5.7,9.0,Não,Não,7.667,5.0,-1,Destaque: A sua boa entrega das lições de casa.,Destaque: As suas boas notas na Passos Mágicos.,Destaque: A sua boa integração aos Princípios Passos Mágicos.,18.0,7.0,2022,,0,0
RA-7,8E,M,2017,Privada *Parcerias com Bolsa 100%,,,,,,,,,,,,,,,,10.0,0,,,,19.0,8.0,2023,,0,0
RA-7,8E,M,2021,Privada *Parcerias com Bolsa 100%,,,,,,,0.0,,,,,,,,,10.0,0,,,,20.0,8.0,2024,,,
RA-70,C,F,2017,Escola Pública,Quartzo,5.712,757.0,48.0,4.0,8.8,6.6,5.0,2.9,5.7,2.9,0.2,Não,Não,6.111,5.0,-1,Melhorar: Melhorar a sua entrega de lições de casa.,Melhorar: Empenhar-se mais nas aulas e avaliações.,Melhorar: Integrar-se mais aos Princípios Passos Mágicos.,16.0,5.0,2022,,1,0
RA-70,5C,F,2017,Pública,Agata,6.869133333,,,,9.2,9.2,5.0,4.3,3.0,3.5,6.3,,,7.545,5.0,-2,,,,17.0,5.0,2023,7.5,,1
RA-700,F,F,2022,Escola Pública,Ametista,7.738,224.0,60.0,2.0,9.0,8.7,7.5,9.2,9.2,9.2,,Não,Não,7.083,5.0,-1,Destaque: A sua boa entrega das lições de casa.,Destaque: As suas boas notas na Passos Mágicos.,Melhorar: Integrar-se mais aos Princípios Passos Mágicos.,9.0,0.0,2022,,0,0
RA-700,ALFA J - G2/G3,F,2022,Pública,Topázio,8.2852,,,,9.5,9.7,7.52,7.8,7.5,8.0,,,,9.84,5.0,-1,,,,9.0,0.0,2023,6.25,0,0
RA-700,1G,F,2022,Pública,Ametista,7.005745454500001,,,,8.502,9.564393939,5.635,5.25,5.0,5.5,,,,7.0,5.0,-1,,,,11.0,1.0,2024,7.291666667,,
RA-701,F,M,2021,Escola Pública,Ametista,7.755,215.0,57.0,1.0,9.0,9.3,7.5,8.7,8.7,8.7,,Não,Não,7.417,5.0,-2,Destaque: A sua boa entrega das lições de casa.,Destaque: As suas boas notas na Passos Mágicos.,Melhorar: Integrar-se mais aos Princípios Passos Mágicos.,10.0,0.0,2022,,0,0
RA-701,ALFA J - G2/G3,M,2021,Pública,Ametista,7.3982,,,,9.5,9.9,3.77,7.2,7.3,7.0,,,,7.68,5.0,-2,,,,11.0,0.0,2023,6.25,,1
RA-702,F,F,2022,Escola Pública,Ametista,7.387,366.0,110.0,5.0,10.0,8.6,5.0,6.8,7.0,6.7,,Não,Não,7.0,10.0,0,Destaque: A sua boa entrega das lições de casa.,Melhorar: Empenhar-se mais nas aulas e avaliações.,Melhorar: Integrar-se mais aos Princípios Passos Mágicos.,8.0,0.0,2022,,1,0
RA-702,ALFA F - G0/G1,F,2022,Pública,Topázio,8.239866667,,,,10.0,10.0,5.63,9.3,9.3,9.3,,,,7.833333333,5.0,-1,,,,9.0,0.0,2023,7.5,1,0
RA-702,ALFA G - G2/G3,F,2022,Pública,Ametista,7.665116666600001,,,,9.002,9.75,2.51,9.25,10.0,8.5,,,,7.163333333,5.0,-2,,,,10.0,0.0,2024,7.8125,,
RA-703,F,M,2021,Escola Pública,Ágata,6.099,710.0,177.0,9.0,7.5,7.4,5.0,5.1,5.3,4.8,,Não,Não,6.833,5.0,-2,Melhorar: Melhorar a sua entrega de lições de casa.,Melhorar: Empenhar-se mais nas aulas e avaliações.,Melhorar: Integrar-se mais aos Princípios Passos Mágicos.,10.0,0.0,2022,,0,0
RA-703,ALFA T - G2/G3,M,2021,Pública,Agata,6.2737,,,,9.5,8.4,3.14,4.6,4.8,4.3,,,,6.16,5.0,-2,,,,11.0,0.0,2023,6.875,,1
RA-704,F,M,2022,Escola Pública,Ágata,6.741,572.0,160.0,7.0,9.0,8.6,5.0,7.2,7.7,6.6,,Não,Não,6.583,5.0,-2,Destaque: A sua boa entrega das lições de casa.,Melhorar: Empenhar-se mais nas aulas e avaliações.,Melhorar: Integrar-se mais aos Princípios Passos Mágicos.,10.0,0.0,2022,,0,0
RA-704,ALFA J - G2/G3,M,2022,Pública,Agata,6.8297,,,,10.0,9.9,3.14,6.1,6.5,5.7,,,,6.265,5.0,-2,,,,11.0,0.0,2023,5.625,0,0
RA-704,1H,M,2022,Pública,Agata,6.8121156785000005,,,,7.502,8.646245059,5.635,6.5,6.0,7.0,,,,6.616666667,5.0,-1,,,,12.0,1.0,2024,6.458333333,,
RA-705,F,M,2022,Escola Pública,Ágata,6.634,614.0,168.0,8.0,9.5,6.2,7.5,7.1,7.0,7.2,,Não,Não,6.333,5.0,-2,Melhorar: Melhorar a sua entrega de lições de casa.,Melhorar: Empenhar-se mais nas aulas e avaliações.,Melhorar: Integrar-se mais aos Princípios Passos Mágicos.,10.0,0.0,2022,,0,0
RA-705,ALFA V - G0/G1,M,2022,Pública,Agata,6.982,,,,0.0,8.3,6.89,8.8,8.9,8.6,,,,8.165,5.0,-2,,,,10.0,0.0,2023,7.5,0,0
RA-705,1H,M,2022,Pública,Quartzo,5.294247619100001,,,,9.002,6.4285714285,5.005,3.5,2.0,5.0,,,,4.226666667,5.0,-1,,,,12.0,1.0,2024,5.625,,
RA-706,F,F,2021,Escola Pública,Ametista,7.659,252.0,69.0,4.0,9.5,6.7,7.5,9.1,9.1,9.1,,Não,Sim,8.417,5.0,-2,Melhorar: Melhorar a sua entrega de lições de casa.,Destaque: As suas boas notas na Passos Mágicos.,Destaque: A sua boa integração aos Princípios Passos Mágicos.,10.0,0.0,2022,,0,0
RA-706,ALFA G - G2/G3,F,2021,Pública,Ametista,7.1527,,,,9.0,7.8,4.39,7.3,6.7,7.8,,,,8.08,5.0,-2,,,,10.0,0.0,2023,6.875,0,0
RA-706,2G,F,2021,Pública,Quartzo,5.8701964286,,,,0.0,7.1428571430000005,6.26,3.25,3.0,3.5,,,,7.0,10.0,0,,,,11.0,2.0,2024,7.65625,,
RA-707,F,F,2020,Escola Pública,Ametista,7.679,241.0,64.0,3.0,10.0,8.1,6.9,8.5,8.8,8.2,,Não,Não,8.083,5.0,-2,Destaque: A sua boa entrega das lições de casa.,Destaque: As suas boas notas na Passos Mágicos.,Destaque: A sua boa integração aos Princípios Passos Mágicos.,10.0,0.0,2022,,0,0
RA-707,1H,F,2020,Pública,Agata,6.518,,,,0.0,9.8,3.77,6.5,5.5,7.5,,,,7.946666667,5.0,-1,,,,11.0,1.0,2023,7.916666667,0,0
RA-707,2G,F,2021,Pública,Agata,6.4975618421000005,,,,7.917,7.7236842105,4.375,6.5,7.0,6.0,,,,6.415,5.0,-1,,,,12.0,2.0,2024,6.40625,,
RA-708,F,M,2022,Escola Pública,Ametista,7.282,400.0,117.0,6.0,8.0,8.4,7.5,7.3,7.1,7.6,,Não,Não,7.583,5.0,-1,Destaque: A sua boa entrega das lições de casa.,Melhorar: Empenhar-se mais nas aulas e avaliações.,Destaque: A sua boa integração aos Princípios Passos Mágicos.,9.0,0.0,2022,,0,0
RA-708,ALFA F - G0/G1,M,2022,Pública,Ametista,7.5105,,,,0.0,9.8,7.52,9.2,8.8,9.5,,,,8.28,5.0,-1,,,,9.0,0.0,2023,8.125,,1
RA-709,F,F,2022,Escola Pública,Quartzo,5.313,801.0,186.0,10.0,9.5,3.5,7.5,2.3,2.3,2.3,,Não,Não,7.083,5.0,-2,Melhorar: Melhorar a sua entrega de lições de casa.,Melhorar: Empenhar-se mais nas aulas e avaliações.,Melhorar: Integrar-se mais aos Princípios Passos Mágicos.,10.0,0.0,2022,,0,0
RA-709,ALFA G - G2/G3,F,2022,Pública,Agata,6.6927,,,,10.0,7.9,7.52,4.9,5.5,4.3,,,,6.59,5.0,-2,,,,11.0,0.0,2023,5.625,0,0
RA-709,1H,F,2022,Pública,Agata,6.833780895800001,,,,7.418,7.994071146,7.51,6.0,6.0,6.0,,,,6.773333333,5.0,-1,,,,12.0,1.0,2024,6.875,,
RA-71,C,F,2019,Escola Pública,Quartzo,4.332,846.0,58.0,8.0,7.9,2.0,7.5,1.2,1.3,2.2,0.0,Não,Não,5.833,5.0,-2,Melhorar: Melhorar a sua entrega de lições de casa.,Melhorar: Empenhar-se mais nas aulas e avaliações.,Melhorar: Integrar-se mais aos Princípios Passos Mágicos.,17.0,5.0,2022,,0,0
RA-71,6A,F,2019,Pública,Ametista,7.3651,,,,6.7,9.8,6.26,6.6,7.3,5.5,7.0,,,7.7125,5.0,-2,,,,18.0,6.0,2023,7.5,,1
RA-710,G,M,2020,Escola Pública,Ametista,7.285,398.0,116.0,5.0,9.5,8.9,5.0,6.9,7.0,6.8,,Não,Não,8.0,5.0,-2,Destaque: A sua boa entrega das lições de casa.,Melhorar: Empenhar-se mais nas aulas e avaliações.,Destaque: A sua boa integração aos Princípios Passos Mágicos.,10.0,0.0,2022,,0,0
RA-710,1J,M,2020,Pública,Ametista,7.0582,,,,9.5,9.0,3.77,6.5,5.7,7.3,,,,7.113333333,5.0,-1,,,,11.0,1.0,2023,7.083333333,0,0
RA-710,2G,M,2021,Pública,Ametista,7.0366241342,,,,9.168,8.170995671,5.625,6.75,8.0,5.5,,,,6.5375,5.0,-1,,,,12.0,2.0,2024,7.65625,,
RA-711,G,M,2022,Escola Pública,Ágata,6.04,721.0,178.0,11.0,9.0,7.9,6.3,3.5,4.0,3.0,,Não,Não,6.0,5.0,-1,Destaque: A sua boa entrega das lições de casa.,Melhorar: Empenhar-se mais nas aulas e avaliações.,Melhorar: Integrar-se mais aos Princípios Passos Mágicos.,9.0,0.0,2022,,,1
RA-712,G,M,2019,Escola Pública,Ágata,6.026,725.0,179.0,12.0,8.0,5.1,5.0,8.0,8.7,7.3,,Não,Não,5.833,5.0,-2,Melhorar: Melhorar a sua entrega de lições de casa.,Destaque: As suas boas notas na Passos Mágicos.,Melhorar: Integrar-se mais aos Princípios Passos Mágicos.,11.0,0.0,2022,,0,0
RA-712,1J,M,2019,Pública,Agata,6.331533333,,,,9.5,5.6,3.14,6.7,5.5,7.8,,,,6.836666667,5.0,-2,,,,12.0,1.0,2023,7.5,0,0
RA-712,2H,M,2021,Pública,Agata,6.2236373706000006,,,,7.502,5.983436853,5.625,6.75,7.0,6.5,,,,6.04,5.0,-1,,,,13.0,2.0,2024,6.5625,,
RA-713,G,M,2021,Escola Pública,Ametista,7.42,348.0,102.0,3.0,10.0,8.7,7.5,7.8,8.0,7.7,,Não,Não,7.25,5.0,-1,Destaque: A sua boa entrega das lições de casa.,Destaque: As suas boas notas na Passos Mágicos.,Melhorar: Integrar-se mais aos Princípios Passos Mágicos.,9.0,0.0,2022,,0,0
RA-713,1G,M,2021,Pública,Ametista,7.408033333,,,,8.0,9.6,3.77,7.5,6.7,8.2,,,,8.166666667,5.0,-1,,,,10.0,1.0,2023,6.875,0,0
RA-713,2H,M,2021,Pública,Ametista,7.467500983400001,,,,8.002,7.525879916999999,7.51,6.75,6.0,7.5,,,,6.79,10.0,0,,,,11.0,2.0,2024,7.03125,,
RA-714,G,M,2019,Escola Pública,Ágata,6.953,503.0,144.0,6.0,9.0,6.9,5.6,8.0,8.5,7.5,,Não,Não,7.25,5.0,-2,Melhorar: Melhorar a sua entrega de lições de casa.,Destaque: As suas boas notas na Passos Mágicos.,Melhorar: Integrar-se mais aos Princípios Passos Mágicos.,11.0,0.0,2022,,0,0
RA-714,1J,M,2019,Pública,Agata,6.078666667,,,,0.0,8.0,3.14,7.4,6.7,8.0,,,,7.223333333,5.0,-2,,,,12.0,1.0,2023,7.5,0,0
RA-714,2H,M,2021,Pública,Quartzo,5.4653662008,,,,0.0,6.873706004,6.255,4.0,8.0,0.0,,,,6.9975,5.0,-1,,,,13.0,2.0,2024,7.65625,,
RA-715,G,F,2022,Escola Pública,Ágata,6.656,604.0,166.0,9.0,8.5,8.7,4.4,4.9,4.8,5.0,,Não,Não,7.917,5.0,-1,Destaque: A sua boa entrega das lições de casa.,Melhorar: Empenhar-se mais nas aulas e avaliações.,Destaque: A sua boa integração aos Princípios Passos Mágicos.,9.0,0.0,2022,,1,0
RA-715,ALFA I - G2/G3,F,2022,Pública,Quartzo,5.8915,,,,0.0,9.5,3.14,5.4,4.5,6.3,,,,7.675,5.0,-2,,,,10.0,0.0,2023,5.625,0,0
RA-715,2I,F,2022,Pública,Quartzo,5.3098253133,,,,9.002,5.250626566499999,3.755,2.75,2.0,3.5,,,,4.67,10.0,0,,,,11.0,2.0,2024,5.0,,
RA-716,G,M,2022,Escola Pública,Ágata,6.525,641.0,171.0,10.0,8.9,8.1,7.5,6.7,7.3,6.0,,Não,Não,5.417,5.0,-1,Destaque: A sua boa entrega das lições de casa.,Melhorar: Empenhar-se mais nas aulas e avaliações.,Melhorar: Integrar-se mais aos Princípios Passos Mágicos.,9.0,0.0,2022,,0,0
RA-716,1G,M,2022,Pública,Agata,6.813366667,,,,9.0,8.7,3.77,5.6,5.0,6.2,,,,7.443333333,5.0,-1,,,,10.0,1.0,2023,6.875,0,0
RA-716,1J,M,2022,Pública,Agata,6.2372943675000005,,,,9.002,5.5335968375,7.51,5.75,5.5,6.0,,,,5.7875,5.0,-1,,,,11.0,1.0,2024,6.71875,,
RA-717,G,F,2021,Escola Pública,Ágata,6.832,545.0,155.0,7.0,9.0,7.3,7.5,5.4,5.0,5.8,,Não,Não,7.917,5.0,-2,Melhorar: Melhorar a sua entrega de lições de casa.,Melhorar: Empenhar-se mais nas aulas e avaliações.,Destaque: A sua boa integração aos Princípios Passos Mágicos.,10.0,0.0,2022,,0,0
RA-717,1G,F,2021,Pública,Agata,6.633833333,,,,0.0,8.5,7.52,5.9,5.5,6.3,,,,8.446666667,5.0,-1,,,,11.0,1.0,2023,8.125,,1
RA-718,G,F,2022,Escola Pública,Topázio,8.093,118.0,33.0,1.0,8.0,8.9,6.3,9.2,9.2,9.2,,Não,Não,7.417,10.0,0,Destaque: A sua boa entrega das lições de casa.,Destaque: As suas boas notas na Passos Mágicos.,Melhorar: Integrar-se mais aos Princípios Passos Mágicos.,8.0,0.0,2022,,0,0
RA-718,1G,F,2022,Pública,Topázio,8.166866667,,,,9.5,9.1,3.77,7.8,6.3,9.2,,,,8.39,10.0,0,,,,9.0,1.0,2023,7.916666667,0,0
RA-718,2I,F,2022,Pública,Topázio,8.705811111100001,,,,10.002,9.5138888885,5.635,9.5,9.0,10.0,,,,7.946666667,10.0,1,,,,10.0,2.0,2024,7.5,,
RA-719,G,F,2021,Escola Pública,Quartzo,5.552,783.0,185.0,13.0,9.0,4.6,7.5,4.2,5.0,3.3,,Não,Não,6.083,5.0,-2,Melhorar: Melhorar a sua entrega de lições de casa.,Melhorar: Empenhar-se mais nas aulas e avaliações.,Melhorar: Integrar-se mais aos Princípios Passos Mágicos.,10.0,0.0,2022,,0,0
RA-719,ALFA J - G2/G3,M,2021,Pública,Agata,6.4137,,,,9.5,5.3,7.52,5.9,7.0,4.7,,,,7.095,5.0,-2,,,,11.0,0.0,2023,5.625,0,0
RA-719,1J,M,2021,Pública,Ametista,7.1193969697,,,,10.002,7.3484848485,7.51,6.5,5.0,8.0,,,,6.7425,5.0,-1,,,,12.0,1.0,2024,7.5,,
RA-72,C,F,2022,Escola Pública,Ametista,7.64,259.0,16.0,1.0,8.3,7.5,7.5,7.8,7.5,7.8,8.0,Sim,Sim,8.667,5.0,-2,Destaque: A sua boa entrega das lições de casa.,Destaque: As suas boas notas na Passos Mágicos.,Destaque: A sua boa integração aos Princípios Passos Mágicos.,17.0,5.0,2022,,,1
RA-720,G,F,2021,Escola Pública,Ágata,6.731,575.0,161.0,8.0,8.0,5.9,7.5,7.6,7.3,7.8,,Não,Não,7.083,5.0,-1,Melhorar: Melhorar a sua entrega de lições de casa.,Destaque: As suas boas notas na Passos Mágicos.,Melhorar: Integrar-se mais aos Princípios Passos Mágicos.,9.0,0.0,2022,,,1
RA-721,G,F,2021,Escola Pública,Ametista,7.973,149.0,41.0,2.0,9.5,8.1,7.5,7.6,8.2,7.0,,Não,Não,7.917,10.0,0,Destaque: A sua boa entrega das lições de casa.,Destaque: As suas boas notas na Passos Mágicos.,Destaque: A sua boa integração aos Princípios Passos Mágicos.,8.0,0.0,2022,,0,0
RA-721,1G,F,2021,Pública,Topázio,8.683366667,,,,8.5,9.5,7.52,8.4,7.5,9.3,,,,8.443333333,10.0,0,,,,9.0,1.0,2023,8.125,0,0
RA-721,2G,F,2021,Pública,Topázio,8.8986026915,,,,9.002,9.544513457499999,8.135,8.25,9.0,7.5,,,,8.755,10.0,0,,,,10.0,2.0,2024,8.75,,
RA-722,G,F,2021,Escola Pública,Ametista,7.41,355.0,106.0,4.0,10.0,8.1,4.4,8.1,7.8,8.3,,Não,Não,8.333,5.0,-1,Destaque: A sua boa entrega das lições de casa.,Destaque: As suas boas notas na Passos Mágicos.,Destaque: A sua boa integração aos Princípios Passos Mágicos.,9.0,0.0,2022,,0,0
RA-722,1N,F,2021,Pública,Ametista,7.3387,,,,8.5,9.6,2.52,6.4,4.5,8.2,,,,8.67,5.0,-1,,,,10.0,1.0,2023,8.125,,1
RA-723,H,F,2022,Escola Pública,Ametista,7.426,345.0,101.0,4.0,10.0,6.6,8.1,5.5,5.3,5.7,,Não,Não,8.167,10.0,0,Melhorar: Melhorar a sua entrega de lições de casa.,Melhorar: Empenhar-se mais nas aulas e avaliações.,Destaque: A sua boa integração aos Princípios Passos Mágicos.,8.0,0.0,2022,,,1
RA-724,H,F,2022,Escola Pública,Ágata,6.931,512.0,146.0,6.0,9.5,5.9,5.6,5.6,2.9,8.3,,Não,Não,8.0,10.0,0,Melhorar: Melhorar a sua entrega de lições de casa.,Melhorar: Empenhar-se mais nas aulas e avaliações.,Destaque: A sua boa integração aos Princípios Passos Mágicos.,8.0,0.0,2022,,,1
RA-725,H,M,2022,Escola Pública,Ágata,6.33,675.0,175.0,7.0,8.0,5.9,8.1,5.0,4.0,6.0,,Não,Não,5.5,10.0,0,Melhorar: Melhorar a sua entrega de lições de casa.,Melhorar: Empenhar-se mais nas aulas e avaliações.,Melhorar: Integrar-se mais aos Princípios Passos Mágicos.,8.0,0.0,2022,,1,0
RA-725,ALFA F - G0/G1,M,2022,Pública,Topázio,8.117366667,,,,9.5,9.0,7.52,8.4,8.1,8.7,,,,8.113333333,5.0,-1,,,,9.0,0.0,2023,8.125,0,0
RA-725,ALFA G - G2/G3,M,2022,Pública,Ametista,7.0900771929,,,,7.502,7.6710526315,7.51,7.25,7.0,7.5,,,,6.773333333,5.0,-1,,,,10.0,0.0,2024,7.5,,
RA-726,H,F,2022,Escola Pública,Ágata,6.985,492.0,140.0,5.0,10.0,7.5,7.5,4.4,5.8,3.0,,Não,Não,6.583,10.0,0,Destaque: A sua boa entrega das lições de casa.,Melhorar: Empenhar-se mais nas aulas e avaliações.,Melhorar: Integrar-se mais aos Princípios Passos Mágicos.,7.0,0.0,2022,,0,0
RA-726,ALFA H - G0/G1,F,2022,Pública,Ametista,7.3687,,,,10.0,6.1,7.52,6.0,6.2,5.8,,,,8.17,10.0,0,,,,8.0,0.0,2023,5.625,,1
RA-727,H,M,2022,Escola Pública,Ametista,7.736,225.0,61.0,3.0,9.0,7.7,8.1,8.4,9.3,7.4,,Não,Não,6.75,10.0,0,Destaque: A sua boa entrega das lições de casa.,Destaque: As suas boas notas na Passos Mágicos.,Melhorar: Integrar-se mais aos Princípios Passos Mágicos.,8.0,0.0,2022,,1,0
RA-727,ALFA G - G2/G3,M,2022,Pública,Ametista,7.6802,,,,9.5,8.8,2.52,8.0,8.3,7.7,,,,9.34,5.0,-1,,,,9.0,0.0,2023,7.5,0,0
RA-727,1G,M,2022,Pública,Topázio,8.447003030300001,,,,10.002,8.4848484845,6.26,8.5,10.0,7.0,,,,8.056666667,10.0,0,,,,10.0,1.0,2024,8.125,,
RA-728,H,F,2022,Escola Pública,Topázio,8.244,74.0,20.0,1.0,9.5,7.3,8.1,9.1,9.3,8.9,,Não,Não,8.167,10.0,0,Melhorar: Melhorar a sua entrega de lições de casa.,Destaque: As suas boas notas na Passos Mágicos.,Destaque: A sua boa integração aos Princípios Passos Mágicos.,8.0,0.0,2022,,,1
RA-729,H,F,2022,Escola Pública,Topázio,8.155,96.0,26.0,2.0,10.0,8.7,8.1,8.1,8.5,7.8,,Não,Não,7.25,10.0,0,Destaque: A sua boa entrega das lições de casa.,Destaque: As suas boas notas na Passos Mágicos.,Melhorar: Integrar-se mais aos Princípios Passos Mágicos.,8.0,0.0,2022,,1,0
RA-729,ALFA V - G0/G1,F,2022,Pública,Ametista,7.26545,,,,8.0,9.1,3.77,8.6,8.2,8.9,,,,7.01,5.0,-1,,,,9.0,0.0,2023,6.5625,0,0
RA-729,ALFA J - G2/G3,F,2022,Pública,Agata,6.684533333300001,,,,8.002,8.4166666665,2.51,6.0,6.0,6.0,,,,7.5,5.0,-1,,,,10.0,0.0,2024,7.5,,
RA-73,C,F,2022,Escola Pública,Quartzo,5.271,804.0,55.0,5.0,7.1,3.0,7.5,3.3,4.5,3.0,2.3,Sim,Não,7.278,5.0,-2,Melhorar: Melhorar a sua entrega de lições de casa.,Melhorar: Empenhar-se mais nas aulas e avaliações.,Melhorar: Integrar-se mais aos Princípios Passos Mágicos.,17.0,5.0,2022,,,1
RA-730,I,F,2021,Escola Pública,Ametista,7.902,169.0,46.0,1.0,10.0,8.2,8.8,8.3,8.7,8.0,,Não,Não,8.25,5.0,-2,Destaque: A sua boa entrega das lições de casa.,Destaque: As suas boas notas na Passos Mágicos.,Destaque: A sua boa integração aos Princípios Passos Mágicos.,10.0,0.0,2022,,0,0
RA-730,1F,F,2021,Privada,Ametista,7.979325,,,,10.0,8.7,5.02,7.8,7.8,7.7,,,,8.67,5.0,-1,,,,10.0,1.0,2023,9.53125,0,0
RA-730,2I,F,2021,Pública,Topázio,8.469255555700002,,,,8.002,7.152777778,6.885,9.5,10.0,9.0,,,,8.666666667,10.0,0,,,,11.0,2.0,2024,9.166666667,,
RA-731,I,F,2019,Escola Pública,Ametista,7.151,443.0,130.0,3.0,9.0,8.5,6.9,7.3,7.3,7.2,,Não,Não,7.083,5.0,-2,Destaque: A sua boa entrega das lições de casa.,Melhorar: Empenhar-se mais nas aulas e avaliações.,Melhorar: Integrar-se mais aos Princípios Passos Mágicos.,10.0,0.0,2022,,0,0
RA-731,1J,F,2019,Pública,Agata,6.7742,,,,8.5,7.6,3.14,6.8,6.2,7.3,,,,7.45,5.0,-1,,,,11.0,1.0,2023,7.5,0,0
RA-731,2G,F,2021,Pública,Quartzo,4.7704873377000006,,,,9.502,4.188311688500001,4.375,2.5,0.0,5.0,,,,4.835,5.0,-1,,,,12.0,2.0,2024,5.78125,,
RA-732,I,M,2022,Escola Pública,Ametista,7.347,377.0,113.0,2.0,9.0,7.9,8.8,7.2,7.5,6.8,,Não,Não,7.5,5.0,-1,Destaque: A sua boa entrega das lições de casa.,Melhorar: Empenhar-se mais nas aulas e avaliações.,Destaque: A sua boa integração aos Princípios Passos Mágicos.,9.0,0.0,2022,,,1
RA-733,J,F,2022,Escola Pública,Ágata,6.684,594.0,163.0,13.0,9.5,8.5,5.6,5.1,6.0,4.2,,Não,Não,6.917,5.0,-1,Destaque: A sua boa entrega das lições de casa.,Melhorar: Empenhar-se mais nas aulas e avaliações.,Melhorar: Integrar-se mais aos Princípios Passos Mágicos.,9.0,0.0,2022,,0,0
RA-733,1G,F,2022,Pública,Topázio,8.3342,,,,10.0,8.7,7.52,6.2,4.3,8.0,,,,8.893333333,10.0,0,,,,9.0,1.0,2023,8.333333333,1,0
RA-733,1J,F,2022,Pública,Topázio,8.808825,,,,10.002,10.0,7.51,9.25,9.0,9.5,,,,9.085,5.0,-1,,,,10.0,1.0,2024,8.90625,,
RA-734,J,F,2022,Escola Pública,Ágata,6.952,505.0,145.0,9.0,9.5,7.2,5.6,7.3,8.0,6.5,,Não,Não,7.417,5.0,-2,Melhorar: Melhorar a sua entrega de lições de casa.,Melhorar: Empenhar-se mais nas aulas e avaliações.,Melhorar: Integrar-se mais aos Princípios Passos Mágicos.,10.0,0.0,2022,,0,0
RA-734,1A,F,2022,Pública,Ametista,7.305908333,,,,8.5,8.0,7.52,6.9,6.8,7.0,,,,7.446666667,5.0,-1,,,,11.0,1.0,2023,7.34375,,1
RA-735,J,F,2021,Escola Pública,Ametista,7.485,316.0,92.0,4.0,9.0,9.0,5.6,7.3,7.8,6.7,,Não,Sim,8.583,5.0,-2,Destaque: A sua boa entrega das lições de casa.,Melhorar: Empenhar-se mais nas aulas e avaliações.,Destaque: A sua boa integração aos Princípios Passos Mágicos.,10.0,0.0,2022,,0,0
RA-735,1J,F,2021,Pública,Ametista,7.184,,,,0.0,9.0,7.52,8.1,7.7,8.5,,,,8.393333333,5.0,-1,,,,11.0,1.0,2023,8.333333333,0,0
RA-735,2H,F,2021,Pública,Ametista,7.7888467391,,,,8.002,9.782608695499999,6.255,8.0,8.0,8.0,,,,7.705,5.0,-1,,,,12.0,2.0,2024,7.65625,,
RA-736,J,M,2022,Escola Pública,Ágata,6.707,589.0,162.0,12.0,9.0,8.5,5.6,5.4,4.7,6.2,,Não,Não,7.0,5.0,-2,Destaque: A sua boa entrega das lições de casa.,Melhorar: Empenhar-se mais nas aulas e avaliações.,Melhorar: Integrar-se mais aos Princípios Passos Mágicos.,10.0,0.0,2022,,0,0
RA-736,1G,M,2022,Pública,Ametista,7.600033333,,,,8.5,9.5,6.27,6.7,4.8,8.5,,,,8.11,5.0,-1,,,,10.0,1.0,2023,7.708333333,,1
RA-737,J,F,2022,Escola Pública,Ametista,8.058,131.0,37.0,1.0,9.5,9.2,5.6,9.0,8.5,9.5,,Não,Sim,9.167,5.0,-1,Destaque: A sua boa entrega das lições de casa.,Destaque: As suas boas notas na Passos Mágicos.,Destaque: A sua boa integração aos Princípios Passos Mágicos.,9.0,0.0,2022,,0,0
RA-737,1J,F,2022,Pública,Topázio,8.048033333,,,,9.5,7.8,7.52,7.5,7.0,8.0,,,,7.783333333,10.0,0,,,,9.0,1.0,2023,7.291666667,0,0
RA-737,2H,F,2022,Pública,Topázio,8.4695488613,,,,8.502,8.6542443065,6.885,9.25,9.0,9.5,,,,8.0,10.0,0,,,,11.0,2.0,2024,7.5,,
RA-738,J,F,2022,Escola Pública,Ametista,7.227,417.0,124.0,6.0,8.5,8.1,5.6,5.7,7.7,3.7,,Não,Não,7.5,10.0,0,Destaque: A sua boa entrega das lições de casa.,Melhorar: Empenhar-se mais nas aulas e avaliações.,Melhorar: Integrar-se mais aos Princípios Passos Mágicos.,8.0,0.0,2022,,0,0
RA-738,1F,F,2022,Pública,Topázio,8.123283333,,,,8.0,9.3,7.52,6.0,4.2,7.8,,,,8.336666667,10.0,0,,,,9.0,1.0,2023,8.4375,1,0
RA-738,1H,F,2022,Pública,Ametista,7.2626980238000005,,,,10.002,7.292490119,6.885,7.25,7.5,7.0,,,,7.39,5.0,-1,,,,10.0,1.0,2024,6.875,,
RA-739,J,M,2022,Escola Pública,Ágata,6.82,549.0,156.0,11.0,6.4,7.3,5.6,5.9,6.0,5.8,,Não,Não,7.083,10.0,0,Melhorar: Melhorar a sua entrega de lições de casa.,Melhorar: Empenhar-se mais nas aulas e avaliações.,Melhorar: Integrar-se mais aos Princípios Passos Mágicos.,8.0,0.0,2022,,1,0
RA-739,ALFA G - G2/G3,M,2022,Pública,Ametista,7.5972,,,,9.0,8.3,7.52,7.6,7.3,7.8,,,,8.25,5.0,-1,,,,9.0,0.0,2023,6.25,,1
RA-74,C,M,2022,Escola Pública,Quartzo,4.989,820.0,57.0,7.0,9.6,3.3,7.5,2.0,6.0,0.0,0.0,Não,Não,5.833,5.0,-1,Melhorar: Melhorar a sua entrega de lições de casa.,Melhorar: Empenhar-se mais nas aulas e avaliações.,Melhorar: Integrar-se mais aos Princípios Passos Mágicos.,16.0,5.0,2022,,,1
RA-740,J,F,2022,Escola Pública,Ametista,7.218,420.0,125.0,7.0,8.5,9.0,5.6,7.2,7.3,7.0,,Não,Não,7.5,5.0,-1,Destaque: A sua boa entrega das lições de casa.,Melhorar: Empenhar-se mais nas aulas e avaliações.,Melhorar: Integrar-se mais aos Princípios Passos Mágicos.,9.0,0.0,2022,,1,0
RA-740,ALFA G - G2/G3,F,2022,Privada,Ametista,7.2845,,,,0.0,8.7,7.52,9.1,9.0,9.2,,,,8.925,5.0,-2,,,,10.0,0.0,2023,6.875,0,0
RA-740,1H,F,2022,Privada,Topázio,8.1611005269,,,,9.002,9.555335968,7.51,8.0,8.0,8.0,,,,8.223333333,5.0,-1,,,,11.0,1.0,2024,8.541666667,,
RA-741,J,F,2022,Escola Pública,Ágata,6.896,526.0,150.0,10.0,9.5,8.4,5.6,6.3,7.3,5.2,,Não,Não,7.417,5.0,-2,Destaque: A sua boa entrega das lições de casa.,Melhorar: Empenhar-se mais nas aulas e avaliações.,Melhorar: Integrar-se mais aos Princípios Passos Mágicos.,10.0,0.0,2022,,0,0
RA-741,ALFA J - G2/G3,F,2022,Pública,Agata,6.2707,,,,9.5,6.9,4.39,5.1,4.2,6.0,,,,7.095,5.0,-2,,,,11.0,0.0,2023,5.625,0,0
RA-741,1H,F,2022,Pública,Quartzo,5.0795885374,,,,8.418,5.2964426875,5.005,3.75,3.5,4.0,,,,4.223333333,5.0,-1,,,,12.0,1.0,2024,5.833333333,,
RA-742,J,F,2022,Escola Pública,Ametista,7.097,456.0,132.0,8.0,8.5,8.7,5.0,7.3,8.3,6.2,,Não,Não,7.5,5.0,-1,Destaque: A sua boa entrega das lições de casa.,Melhorar: Empenhar-se mais nas aulas e avaliações.,Melhorar: Integrar-se mais aos Princípios Passos Mágicos.,9.0,0.0,2022,,1,0
RA-742,ALFA I - G2/G3,F,2022,Pública,Ametista,7.024,,,,0.0,7.6,7.52,7.5,6.2,8.8,,,,10.01,5.0,-2,,,,10.0,0.0,2023,7.5,,1
RA-743,J,F,2022,Escola Pública,Ágata,6.672,597.0,164.0,14.0,10.0,7.9,5.6,4.8,4.8,4.8,,Não,Não,7.5,5.0,-1,Destaque: A sua boa entrega das lições de casa.,Melhorar: Empenhar-se mais nas aulas e avaliações.,Melhorar: Integrar-se mais aos Princípios Passos Mágicos.,9.0,0.0,2022,,1,0
RA-743,ALFA E - G2/G3,F,2022,Pública,Agata,6.659,,,,0.0,9.1,3.77,7.1,7.3,6.8,,,,9.01,5.0,-2,,,,10.0,0.0,2023,7.5,0,0
RA-743,1C,F,2022,Pública,Ametista,7.655745454500001,,,,9.002,9.2727272725,7.51,7.0,6.5,7.5,,,,7.5,5.0,-1,,,,11.0,1.0,2024,7.5,,
RA-744,J,F,2022,Escola Pública,Ametista,7.742,220.0,58.0,2.0,9.5,9.7,5.6,6.2,6.0,6.3,,Não,Não,7.5,10.0,0,Destaque: A sua boa entrega das lições de casa.,Melhorar: Empenhar-se mais nas aulas e avaliações.,Melhorar: Integrar-se mais aos Princípios Passos Mágicos.,8.0,0.0,2022,,,1
RA-745,J,M,2021,Rede Decisão,Ametista,7.382,367.0,111.0,5.0,9.0,8.5,5.6,8.1,8.5,7.7,,Não,Não,7.75,5.0,-1,Destaque: A sua boa entrega das lições de casa.,Destaque: As suas boas notas na Passos Mágicos.,Destaque: A sua boa integração aos Princípios Passos Mágicos.,9.0,0.0,2022,,0,0
RA-745,1G,M,2021,Privada - Programa de Apadrinhamento,Ametista,7.668366667,,,,9.5,9.3,3.77,7.0,5.7,8.2,,,,8.893333333,5.0,-1,,,,10.0,1.0,2023,8.125,0,0
RA-745,2I,M,2021,Privada - Programa de Apadrinhamento,Topázio,8.6102,,,,9.002,10.0,6.26,8.5,8.0,9.0,,,,8.17,10.0,0,,,,11.0,2.0,2024,7.5,,
RA-746,J,M,2022,Escola Pública,Ametista,7.656,253.0,70.0,3.0,8.0,9.1,5.6,7.2,7.7,6.7,,Não,Não,7.417,10.0,0,Destaque: A sua boa entrega das lições de casa.,Melhorar: Empenhar-se mais nas aulas e avaliações.,Melhorar: Integrar-se mais aos Princípios Passos Mágicos.,8.0,0.0,2022,,0,0
RA-746,1G,M,2022,Pública,Agata,6.517166667,,,,0.0,8.0,3.77,7.2,6.0,8.3,,,,7.113333333,10.0,0,,,,9.0,1.0,2023,6.875,0,0
RA-746,2I,M,2022,Pública,Ametista,7.903311111100001,,,,8.502,7.4305555555,7.51,8.0,8.0,8.0,,,,7.33,10.0,0,,,,10.0,2.0,2024,7.5,,
RA-747,K,F,2022,Escola Pública,Ametista,7.676,245.0,66.0,6.0,10.0,7.6,7.5,8.8,8.2,9.4,,Sim,Não,7.917,5.0,-2,Destaque: A sua boa entrega das lições de casa.,Destaque: As suas boas notas na Passos Mágicos.,Destaque: A sua boa integração aos Princípios Passos Mágicos.,11.0,0.0,2022,,0,0
RA-747,1L,F,2022,Pública,Agata,6.026366667,,,,10.0,8.0,3.14,3.1,1.2,5.0,,,,6.94,5.0,-1,,,,11.0,1.0,2023,6.041666667,1,0
RA-747,1K,F,2022,Pública,Quartzo,5.8450809523,,,,10.002,8.095238095,5.005,2.25,4.5,0.0,,,,5.335,5.0,-2,,,,12.0,1.0,2024,7.083333333,,
RA-748,K,M,2022,Escola Pública,Topázio,8.084,122.0,34.0,5.0,10.0,9.0,7.5,9.1,9.6,8.6,,Sim,Não,8.25,5.0,-1,Destaque: A sua boa entrega das lições de casa.,Destaque: As suas boas notas na Passos Mágicos.,Destaque: A sua boa integração aos Princípios Passos Mágicos.,9.0,0.0,2022,,1,0
RA-748,ALFA O - G2/G3,M,2022,Pública,Topázio,8.7142,,,,9.5,9.7,7.52,9.1,9.0,9.2,,,,10.01,5.0,-2,,,,10.0,0.0,2023,7.5,0,0
RA-748,1K,M,2021,Pública,Topázio,8.2272,,,,9.502,10.0,7.51,7.75,7.5,8.0,,,,8.005,5.0,-1,,,,11.0,1.0,2024,8.75,,
RA-749,K,M,2022,Escola Pública,Ametista,7.484,318.0,94.0,7.0,9.5,7.7,7.5,8.8,9.5,8.1,,Não,Não,7.25,5.0,-1,Destaque: A sua boa entrega das lições de casa.,Destaque: As suas boas notas na Passos Mágicos.,Melhorar: Integrar-se mais aos Princípios Passos Mágicos.,9.0,0.0,2022,,0,0
RA-749,ALFA O - G2/G3,M,2022,Pública,Ametista,7.7597,,,,10.0,9.0,7.52,7.3,7.3,7.3,,,,8.425,5.0,-1,,,,9.0,0.0,2023,5.625,1,0
RA-749,ALFA O - G2/G3,M,2022,Pública,Topázio,8.3373184211,,,,9.502,9.7368421055,8.13,8.75,10.0,7.5,,,,7.665,5.0,-2,,,,10.0,0.0,2024,8.4375,,
RA-75,F,F,2022,Escola Pública,Quartzo,3.915,855.0,59.0,4.0,5.4,3.8,6.3,0.0,0.0,0.0,,Não,Não,4.625,5.0,-1,Melhorar: Melhorar a sua entrega de lições de casa.,Melhorar: Empenhar-se mais nas aulas e avaliações.,Melhorar: Integrar-se mais aos Princípios Passos Mágicos.,16.0,5.0,2022,,,1
RA-750,K,M,2019,Escola Pública,Ágata,6.344,670.0,173.0,10.0,9.5,8.9,4.4,6.8,7.1,6.4,,Não,Não,5.167,5.0,-2,Destaque: A sua boa entrega das lições de casa.,Melhorar: Empenhar-se mais nas aulas e avaliações.,Melhorar: Integrar-se mais aos Princípios Passos Mágicos.,10.0,0.0,2022,,0,0
RA-750,ALFA U - G2/G3,M,2019,Pública,Quartzo,5.6857,,,,9.5,7.7,3.14,3.4,3.3,3.5,,,,6.32,5.0,-2,,,,11.0,0.0,2023,4.375,0,0
RA-750,1B,M,2021,Pública,Quartzo,4.542230369,,,,6.249,5.938735178,4.38,3.75,0.5,7.0,,,,3.176666667,5.0,-2,,,,12.0,1.0,2024,4.0625,,
RA-751,K,M,2022,Escola Pública,Quartzo,5.246,808.0,187.0,11.0,8.5,5.8,7.5,3.8,2.7,4.9,,Não,Não,6.167,5.0,-2,Melhorar: Melhorar a sua entrega de lições de casa.,Melhorar: Empenhar-se mais nas aulas e avaliações.,Melhorar: Integrar-se mais aos Princípios Passos Mágicos.,11.0,0.0,2022,,,1
RA-752,K,F,2022,Escola Pública,Topázio,8.197,86.0,22.0,4.0,10.0,9.0,7.5,9.5,9.6,9.4,,Sim,Sim,8.417,5.0,-2,Destaque: A sua boa entrega das lições de casa.,Destaque: As suas boas notas na Passos Mágicos.,Destaque: A sua boa integração aos Princípios Passos Mágicos.,11.0,0.0,2022,,0,0
RA-752,1N,F,2022,Pública,Topázio,8.073825,,,,9.5,9.9,7.52,6.4,4.8,8.0,,,,9.23,5.0,-1,,,,11.0,1.0,2023,7.65625,0,0
RA-752,2U,F,2022,Pública,Agata,6.57279265,,,,9.502,7.525879916999999,7.51,5.75,7.0,4.5,,,,5.613333333,5.0,-1,,,,12.0,2.0,2024,5.9375,,
RA-753,K,F,2022,Escola Pública,Topázio,8.481,37.0,8.0,2.0,9.5,8.6,7.5,9.1,9.4,8.8,,Sim,Sim,8.417,10.0,0,Destaque: A sua boa entrega das lições de casa.,Destaque: As suas boas notas na Passos Mágicos.,Destaque: A sua boa integração aos Princípios Passos Mágicos.,8.0,0.0,2022,,1,0
RA-753,ALFA O - G2/G3,F,2022,Pública,Topázio,8.6672,,,,9.0,9.9,7.52,9.0,9.0,9.0,,,,9.925,5.0,-1,,,,9.0,0.0,2023,7.5,0,0
RA-753,1K,F,2022,Pública,Topázio,8.2450571429,,,,10.002,9.047619048,7.51,8.5,9.0,8.0,,,,8.255,5.0,-1,,,,10.0,1.0,2024,8.333333333,,
RA-754,K,M,2022,Escola Pública,Ágata,6.602,626.0,169.0,9.0,10.0,5.8,4.4,7.9,7.8,8.1,,Não,Não,6.917,5.0,-1,Melhorar: Melhorar a sua entrega de lições de casa.,Destaque: As suas boas notas na Passos Mágicos.,Melhorar: Integrar-se mais aos Princípios Passos Mágicos.,9.0,0.0,2022,,1,0
RA-754,ALFA M - G0/G1,M,2022,Pública,Agata,6.0537,,,,9.5,6.1,2.52,5.6,5.7,5.4,,,,6.67,5.0,-2,,,,10.0,0.0,2023,6.875,0,0
RA-754,ALFA L - G2/G3,M,2022,Pública,Quartzo,5.6127,,,,8.502,6.25,5.625,6.25,6.0,6.5,,,,4.75,5.0,-2,,,,11.0,0.0,2024,2.5,,
RA-755,K,M,2022,Escola Pública,Topázio,8.566,29.0,4.0,1.0,9.5,9.2,6.9,9.5,9.8,9.3,,Sim,Não,8.083,10.0,0,Destaque: A sua boa entrega das lições de casa.,Destaque: As suas boas notas na Passos Mágicos.,Destaque: A sua boa integração aos Princípios Passos Mágicos.,8.0,0.0,2022,,1,0
RA-755,ALFA O - G2/G3,M,2022,Pública,Topázio,8.7442,,,,10.0,9.5,7.52,9.2,9.2,9.2,,,,10.01,5.0,-1,,,,9.0,0.0,2023,7.5,0,0
RA-755,1M,M,2022,Pública,Topázio,8.925450000000001,,,,10.002,10.0,7.51,9.75,10.0,9.5,,,,9.09,5.0,-1,,,,10.0,1.0,2024,9.0625,,
RA-756,K,M,2022,Escola Pública,Ágata,6.976,495.0,142.0,8.0,10.0,7.9,7.5,5.7,5.6,5.8,,Não,Não,7.25,5.0,-1,Destaque: A sua boa entrega das lições de casa.,Melhorar: Empenhar-se mais nas aulas e avaliações.,Melhorar: Integrar-se mais aos Princípios Passos Mágicos.,9.0,0.0,2022,,1,0
RA-756,ALFA K - G0/G1,M,2022,Pública,Ametista,7.0927,,,,10.0,8.7,7.52,6.1,5.4,6.8,,,,6.59,5.0,-2,,,,10.0,0.0,2023,5.625,0,0
RA-756,ALFA L - G2/G3,M,2022,Pública,Ametista,7.361700000000001,,,,10.002,8.75,7.51,5.5,10.0,1.0,,,,7.24,5.0,-2,,,,11.0,0.0,2024,8.125,,
RA-757,K,F,2022,Escola Pública,Topázio,8.26,71.0,18.0,3.0,9.5,9.3,7.5,9.7,9.9,9.6,,Sim,Sim,8.5,5.0,-1,Destaque: A sua boa entrega das lições de casa.,Destaque: As suas boas notas na Passos Mágicos.,Destaque: A sua boa integração aos Princípios Passos Mágicos.,9.0,0.0,2022,,1,0
RA-757,ALFA O - G2/G3,F,2022,Pública,Topázio,8.6742,,,,9.0,9.6,7.52,9.3,9.5,9.0,,,,10.01,5.0,-2,,,,10.0,0.0,2023,7.5,0,0
RA-757,1K,F,2022,Pública,Ametista,7.938842857200001,,,,9.502,9.285714286000001,7.51,7.0,6.5,7.5,,,,8.34,5.0,-1,,,,11.0,1.0,2024,8.125,,
RA-758,L,M,2022,Escola Pública,Ametista,7.911,166.0,45.0,5.0,9.0,9.1,7.5,8.1,8.0,8.2,,Não,Não,8.333,5.0,-1,Destaque: A sua boa entrega das lições de casa.,Destaque: As suas boas notas na Passos Mágicos.,Destaque: A sua boa integração aos Princípios Passos Mágicos.,9.0,0.0,2022,,,1
RA-759,L,F,2021,Escola Pública,Ametista,7.563,288.0,81.0,7.0,9.0,8.6,7.5,7.5,8.3,6.7,,Não,Não,7.833,5.0,-2,Destaque: A sua boa entrega das lições de casa.,Destaque: As suas boas notas na Passos Mágicos.,Destaque: A sua boa integração aos Princípios Passos Mágicos.,10.0,0.0,2022,,,1
RA-76,F,F,2017,Rede Decisão,Topázio,9.105,3.0,3.0,1.0,10.0,9.1,8.1,8.7,9.3,8.3,8.4,Não,Sim,9.292,10.0,0,Destaque: A sua boa entrega das lições de casa.,Destaque: As suas boas notas na Passos Mágicos.,Destaque: A sua boa integração aos Princípios Passos Mágicos.,15.0,5.0,2022,,0,0
RA-76,7E,F,2017,Privada *Parcerias com Bolsa 100%,,,,,,10.0,,2.52,,,,,,,,10.0,2,,,,15.0,7.0,2023,,0,0
RA-76,7E,F,2021,Privada *Parcerias com Bolsa 100%,Topázio,8.152033333333334,,,,10.002,9.0,6.885,7.066666666666666,7.3,7.8,6.1,,,7.5,10.0,2,,,,16.0,7.0,2024,7.5,,
RA-760,L,M,2021,Escola Pública,Topázio,8.172,94.0,25.0,2.0,9.0,9.2,7.5,8.8,9.3,8.2,,Não,Sim,8.917,5.0,-2,Destaque: A sua boa entrega das lições de casa.,Destaque: As suas boas notas na Passos Mágicos.,Destaque: A sua boa integração aos Princípios Passos Mágicos.,11.0,0.0,2022,,0,0
RA-760,2L,M,2021,Pública,Agata,6.548333333,,,,0.0,8.8,7.52,6.3,5.8,6.8,,,,7.84,5.0,-1,,,,12.0,2.0,2023,7.083333333,0,0
RA-760,3M,M,2021,Pública,Agata,6.942581818200001,,,,9.168,7.090909091,7.51,5.0,2.5,3.5,9.0,,,6.158,10.0,0,,,,13.0,3.0,2024,6.25,,
RA-761,L,M,2022,Escola Pública,Topázio,8.06,130.0,36.0,3.0,10.0,9.4,7.5,8.2,8.8,7.5,,Não,Não,8.25,5.0,-1,Destaque: A sua boa entrega das lições de casa.,Destaque: As suas boas notas na Passos Mágicos.,Destaque: A sua boa integração aos Princípios Passos Mágicos.,9.0,0.0,2022,,0,0
RA-761,1L,M,2022,Pública,Topázio,8.219533333,,,,9.0,9.7,7.52,8.4,8.7,8.0,,,,8.12,5.0,-1,,,,10.0,1.0,2023,8.333333333,0,0
RA-761,2M,M,2022,Pública,Topázio,8.174593939300001,,,,8.502,8.8636363635,6.26,7.25,8.0,6.5,,,,8.003333333,10.0,0,,,,11.0,2.0,2024,8.75,,
RA-762,L,M,2022,Escola Pública,Ametista,7.28,402.0,118.0,10.0,10.0,9.7,7.5,6.7,7.3,6.0,,Não,Não,7.083,2.5,-3,Destaque: A sua boa entrega das lições de casa.,Melhorar: Empenhar-se mais nas aulas e avaliações.,Melhorar: Integrar-se mais aos Princípios Passos Mágicos.,12.0,0.0,2022,,0,0
RA-762,1K,M,2022,Pública,Ametista,7.09945,,,,10.0,9.1,3.14,5.8,6.2,5.3,,,,7.67,5.0,-2,,,,13.0,1.0,2023,7.8125,0,0
RA-762,2K,M,2022,Pública,Quartzo,5.9677326087,,,,10.002,6.4239130435,6.26,3.75,4.0,3.5,,,,5.7525,5.0,-2,,,,14.0,2.0,2024,6.5625,,
RA-763,L,F,2021,Escola Pública,Ametista,7.402,361.0,109.0,9.0,9.5,9.7,7.5,6.5,6.3,6.7,,Não,Não,7.167,5.0,-2,Destaque: A sua boa entrega das lições de casa.,Melhorar: Empenhar-se mais nas aulas e avaliações.,Melhorar: Integrar-se mais aos Princípios Passos Mágicos.,10.0,0.0,2022,,0,0
RA-763,ALFA O - G2/G3,F,2021,Pública,Agata,6.7215,,,,0.0,9.2,3.14,7.9,7.8,8.0,,,,9.0,5.0,-2,,,,10.0,0.0,2023,6.875,0,0
RA-763,1N,F,2021,Pública,Agata,6.984760606,,,,9.002,8.8636363635,6.26,5.25,6.5,4.0,,,,6.825,5.0,-1,,,,11.0,1.0,2024,7.708333333,,
RA-764,L,M,2022,Escola Pública,Ametista,8.004,141.0,38.0,4.0,9.0,8.8,7.5,7.5,7.2,7.8,,Não,Não,7.667,10.0,0,Destaque: A sua boa entrega das lições de casa.,Destaque: As suas boas notas na Passos Mágicos.,Destaque: A sua boa integração aos Princípios Passos Mágicos.,8.0,0.0,2022,,0,0
RA-764,1N,M,2022,Pública,Ametista,7.682125,,,,0.0,9.2,7.52,7.8,6.0,9.5,,,,8.56,10.0,0,,,,9.0,1.0,2023,8.28125,0,0
RA-764,2N,M,2022,Privada,Ametista,7.838370289900001,,,,8.002,7.8804347825,7.51,6.0,3.0,9.0,,,,8.336666667,10.0,0,,,,10.0,2.0,2024,8.4375,,
RA-765,L,M,2022,Escola Pública,Ágata,6.902,523.0,149.0,11.0,8.5,9.3,7.5,4.3,5.0,3.7,,Não,Não,7.417,5.0,-1,Destaque: A sua boa entrega das lições de casa.,Melhorar: Empenhar-se mais nas aulas e avaliações.,Melhorar: Integrar-se mais aos Princípios Passos Mágicos.,9.0,0.0,2022,,,1
RA-766,L,F,2020,Escola Pública,Topázio,8.185,88.0,23.0,1.0,10.0,9.5,7.5,8.7,8.5,8.8,,Não,Não,8.333,5.0,-2,Destaque: A sua boa entrega das lições de casa.,Destaque: As suas boas notas na Passos Mágicos.,Destaque: A sua boa integração aos Princípios Passos Mágicos.,11.0,0.0,2022,,0,0
RA-766,1K,F,2020,Pública,Topázio,8.008408333,,,,10.0,8.7,4.39,8.7,9.2,8.2,,,,8.336666667,5.0,-1,,,,11.0,1.0,2023,9.21875,,1
RA-767,L,M,2021,Escola Pública,Ametista,7.511,304.0,87.0,8.0,9.5,9.0,7.5,7.0,7.3,6.7,,Não,Não,7.583,5.0,-2,Destaque: A sua boa entrega das lições de casa.,Melhorar: Empenhar-se mais nas aulas e avaliações.,Destaque: A sua boa integração aos Princípios Passos Mágicos.,10.0,0.0,2022,,0,0
RA-767,1L,M,2021,Pública,Ametista,7.3807,,,,10.0,8.3,7.52,6.3,6.5,6.0,,,,7.446666667,5.0,-1,,,,11.0,1.0,2023,7.291666667,1,0
RA-767,1L,M,2021,Pública,Topázio,8.131890476200002,,,,9.502,9.0476190475,7.51,8.25,8.5,8.0,,,,8.085,5.0,-2,,,,12.0,1.0,2024,8.541666667,,
RA-768,L,F,2021,Escola Pública,Ametista,7.646,255.0,71.0,6.0,9.0,10.0,7.5,7.1,7.0,7.2,,Não,Não,7.583,5.0,-2,Destaque: A sua boa entrega das lições de casa.,Melhorar: Empenhar-se mais nas aulas e avaliações.,Destaque: A sua boa integração aos Princípios Passos Mágicos.,10.0,0.0,2022,,0,0
RA-768,ALFA L - G2/G3,F,2021,Pública,Topázio,8.4042,,,,10.0,9.1,7.52,7.9,8.0,7.8,,,,10.01,5.0,-2,,,,11.0,0.0,2023,7.5,0,0
RA-768,1N,F,2021,Pública,Ametista,7.0345379447,,,,9.002,7.9841897235,6.26,5.5,6.0,5.0,,,,7.495,5.0,-1,,,,12.0,1.0,2024,8.125,,
RA-769,M,F,2022,Escola Pública,Ametista,7.598,272.0,76.0,3.0,10.0,7.5,7.5,7.9,9.6,6.2,,Sim,Sim,8.5,5.0,-1,Destaque: A sua boa entrega das lições de casa.,Destaque: As suas boas notas na Passos Mágicos.,Destaque: A sua boa integração aos Princípios Passos Mágicos.,9.0,0.0,2022,,1,0
RA-769,ALFA N - G2/G3,F,2022,Pública,Ametista,7.85345,,,,10.0,9.3,3.77,8.0,8.2,7.8,,,,8.675,5.0,-2,,,,10.0,0.0,2023,7.8125,0,0
RA-769,1K,F,2022,Pública,Ametista,7.099342857200002,,,,10.002,5.9523809525,7.51,6.0,6.0,6.0,,,,8.33,5.0,-1,,,,11.0,1.0,2024,7.916666667,,
RA-77,F,M,2019,Escola Pública,Quartzo,3.846,857.0,60.0,5.0,7.1,2.7,5.0,0.7,0.3,1.8,0.0,Não,Não,4.625,5.0,-1,Melhorar: Melhorar a sua entrega de lições de casa.,Melhorar: Empenhar-se mais nas aulas e avaliações.,Melhorar: Integrar-se mais aos Princípios Passos Mágicos.,16.0,5.0,2022,,,1
RA-770,M,M,2022,Escola Pública,Topázio,8.143,101.0,28.0,1.0,9.5,8.9,7.5,8.3,8.5,8.1,,Não,Não,7.333,10.0,0,Destaque: A sua boa entrega das lições de casa.,Destaque: As suas boas notas na Passos Mágicos.,Melhorar: Integrar-se mais aos Princípios Passos Mágicos.,7.0,0.0,2022,,0,0
RA-770,ALFA U - G2/G3,M,2022,Pública,Agata,6.6785,,,,0.0,8.3,3.77,5.9,6.0,5.7,,,,8.92,10.0,0,,,,8.0,0.0,2023,6.875,1,0
RA-770,ALFA U - G2/G3,M,2022,Pública,Ametista,7.3057112782,,,,10.002,9.022556391,7.51,5.0,4.0,6.0,,,,7.5,5.0,-1,,,,9.0,0.0,2024,7.5,,
RA-771,M,F,2022,Escola Pública,Ametista,7.873,179.0,49.0,2.0,10.0,8.3,7.5,7.0,7.2,6.9,,Não,Não,7.5,10.0,0,Destaque: A sua boa entrega das lições de casa.,Melhorar: Empenhar-se mais nas aulas e avaliações.,Destaque: A sua boa integração aos Princípios Passos Mágicos.,7.0,0.0,2022,,0,0
RA-771,ALFA U - G2/G3,F,2022,Pública,Ametista,7.056,,,,0.0,8.8,3.14,8.2,8.2,8.2,,,,8.585,10.0,0,,,,7.0,0.0,2023,6.25,1,0
RA-771,ALFA N - G2/G3,F,2022,Pública,Agata,6.066009523800001,,,,8.502,6.619047619,3.135,6.5,6.5,6.5,,,,6.08,5.0,-1,,,,9.0,0.0,2024,5.625,,
RA-772,M,M,2021,Escola Pública,Ágata,6.994,490.0,139.0,5.0,9.0,5.4,7.5,9.2,9.3,9.2,,Não,Não,7.25,5.0,-2,Melhorar: Melhorar a sua entrega de lições de casa.,Destaque: As suas boas notas na Passos Mágicos.,Melhorar: Integrar-se mais aos Princípios Passos Mágicos.,11.0,0.0,2022,,0,0
RA-772,1N,M,2021,Pública,Quartzo,5.930166667,,,,0.0,7.2,7.52,4.8,5.2,4.3,,,,8.003333333,5.0,-2,,,,12.0,1.0,2023,6.875,,1
RA-773,M,F,2022,Escola Pública,Ágata,6.922,520.0,147.0,6.0,10.0,6.8,5.0,8.1,9.3,6.8,,Não,Não,7.083,5.0,-1,Melhorar: Melhorar a sua entrega de lições de casa.,Destaque: As suas boas notas na Passos Mágicos.,Melhorar: Integrar-se mais aos Princípios Passos Mágicos.,9.0,0.0,2022,,0,0
RA-773,ALFA M - G0/G1,F,2022,Pública,Agata,6.9287,,,,10.0,7.5,2.52,7.9,8.0,7.8,,,,7.67,5.0,-1,,,,9.0,0.0,2023,5.625,1,0
RA-773,ALFA L - G2/G3,F,2022,Pública,Agata,6.566200000000001,,,,10.002,8.75,2.51,5.0,8.0,2.0,,,,6.575,5.0,-2,,,,10.0,0.0,2024,7.5,,
RA-774,M,F,2022,Escola Pública,Ametista,7.587,280.0,78.0,4.0,10.0,7.8,7.5,6.1,7.8,4.4,,Não,Não,7.417,10.0,0,Destaque: A sua boa entrega das lições de casa.,Melhorar: Empenhar-se mais nas aulas e avaliações.,Melhorar: Integrar-se mais aos Princípios Passos Mágicos.,8.0,0.0,2022,,1,0
RA-774,ALFA N - G2/G3,F,2022,Pública,Quartzo,5.852,,,,0.0,9.5,3.14,6.9,7.7,6.0,,,,6.34,5.0,-1,,,,9.0,0.0,2023,5.0,0,0
RA-774,ALFA N - G2/G3,F,2022,Pública,Quartzo,5.685771428600001,,,,10.002,6.3928571430000005,2.51,3.75,2.0,5.5,,,,6.405,5.0,-1,,,,10.0,0.0,2024,6.25,,
RA-775,N,M,2021,Escola Pública,Quartzo,5.79,751.0,182.0,7.0,7.9,5.7,4.4,5.7,5.5,5.8,,Não,Não,6.417,5.0,-2,Melhorar: Melhorar a sua entrega de lições de casa.,Melhorar: Empenhar-se mais nas aulas e avaliações.,Melhorar: Integrar-se mais aos Princípios Passos Mágicos.,10.0,0.0,2022,,,1
RA-776,N,F,2022,Escola Pública,Quartzo,3.898,856.0,190.0,9.0,0.0,4.3,4.4,1.7,0.0,3.3,,Não,Não,6.333,5.0,-1,Melhorar: Melhorar a sua entrega de lições de casa.,Melhorar: Empenhar-se mais nas aulas e avaliações.,Melhorar: Integrar-se mais aos Princípios Passos Mágicos.,9.0,0.0,2022,,0,0
RA-776,1K,F,2022,Privada - Programa de Apadrinhamento,Quartzo,5.567916667,,,,0.0,7.0,7.52,3.5,4.2,2.7,,,,7.223333333,5.0,-1,,,,10.0,1.0,2023,7.8125,0,0
RA-776,1K,F,2022,Pública,Quartzo,5.178509523800001,,,,7.917,5.9523809525,5.63,0.0,0.0,0.0,,,,6.5,5.0,-1,,,,11.0,1.0,2024,8.333333333,,
RA-777,N,M,2022,Escola Pública,Ametista,7.096,457.0,133.0,4.0,8.0,7.7,7.5,5.3,6.5,4.0,,Não,Não,7.0,10.0,0,Destaque: A sua boa entrega das lições de casa.,Melhorar: Empenhar-se mais nas aulas e avaliações.,Melhorar: Integrar-se mais aos Princípios Passos Mágicos.,8.0,0.0,2022,,0,0
RA-777,1N,F,2022,Pública,Ametista,7.468125,,,,0.0,9.3,7.52,6.3,5.3,7.3,,,,8.84,10.0,0,,,,9.0,1.0,2023,8.28125,0,0
RA-777,2N,F,2022,Pública,Ametista,7.563515408100001,,,,8.002,8.7757437075,7.51,4.5,3.5,5.5,,,,7.723333333,10.0,0,,,,10.0,2.0,2024,8.125,,
RA-778,N,F,2021,Escola Pública,Ametista,7.432,342.0,100.0,3.0,10.0,6.7,7.5,7.1,6.0,8.2,,Não,Sim,8.833,5.0,-1,Melhorar: Melhorar a sua entrega de lições de casa.,Melhorar: Empenhar-se mais nas aulas e avaliações.,Destaque: A sua boa integração aos Princípios Passos Mágicos.,9.0,0.0,2022,,0,0
RA-778,1K,F,2021,Pública,Ametista,7.926825,,,,8.5,7.9,7.52,8.2,7.3,9.0,,,,8.62,5.0,-1,,,,10.0,1.0,2023,8.90625,0,0
RA-778,2K,F,2021,Pública,Topázio,8.0754139589,,,,10.002,8.1235697945,7.51,7.0,5.0,9.0,,,,7.7475,10.0,0,,,,11.0,2.0,2024,7.5,,
RA-779,N,M,2022,Escola Pública,Quartzo,5.702,760.0,183.0,8.0,9.5,5.0,7.5,2.6,2.2,3.0,,Não,Não,7.083,5.0,-2,Melhorar: Melhorar a sua entrega de lições de casa.,Melhorar: Empenhar-se mais nas aulas e avaliações.,Melhorar: Integrar-se mais aos Princípios Passos Mágicos.,10.0,0.0,2022,,,1
RA-78,F,M,2018,Rede Decisão,Ametista,7.04,475.0,29.0,2.0,8.3,6.6,5.6,7.2,8.7,5.7,7.3,Não,Não,8.0,5.0,-2,Melhorar: Melhorar a sua entrega de lições de casa.,Melhorar: Empenhar-se mais nas aulas e avaliações.,Destaque: A sua boa integração aos Princípios Passos Mágicos.,17.0,5.0,2022,,0,0
RA-78,6A,F,2018,Privada - Programa de Apadrinhamento,Agata,6.434625,,,,0.0,7.7,6.26,6.7,8.5,4.8,6.8,,,8.0025,5.0,-2,,,,18.0,6.0,2023,8.28125,0,0
RA-78,7A,F,2021,Privada - Programa de Apadrinhamento,Topázio,8.1780308688,,,,8.751,8.028404344,8.755,7.5,6.5,6.0,10.0,,,7.39,10.0,0,,,,19.0,7.0,2024,8.4375,,
RA-780,N,F,2022,Escola Pública,Ágata,6.955,502.0,143.0,6.0,8.0,7.6,7.5,6.9,6.3,7.5,,Não,Não,7.167,5.0,-1,Destaque: A sua boa entrega das lições de casa.,Melhorar: Empenhar-se mais nas aulas e avaliações.,Melhorar: Integrar-se mais aos Princípios Passos Mágicos.,9.0,0.0,2022,,1,0
RA-780,ALFA N - G2/G3,F,2022,Pública,Ametista,7.7842,,,,9.5,8.8,3.14,8.3,8.0,8.5,,,,8.675,5.0,-2,,,,10.0,0.0,2023,8.75,0,0
RA-780,1L,F,2022,Pública,Ametista,7.7430333333,,,,9.502,10.0,5.63,6.0,6.0,6.0,,,,8.17,5.0,-1,,,,11.0,1.0,2024,8.958333333,,
RA-781,N,F,2021,Escola Pública,Ametista,7.786,205.0,54.0,1.0,10.0,8.9,7.5,8.3,8.0,8.5,,Não,Não,7.75,5.0,-1,Destaque: A sua boa entrega das lições de casa.,Destaque: As suas boas notas na Passos Mágicos.,Destaque: A sua boa integração aos Princípios Passos Mágicos.,9.0,0.0,2022,,0,0
RA-781,1N,F,2021,Pública,Topázio,8.209283333,,,,7.5,9.8,7.52,7.9,7.0,8.8,,,,9.116666667,5.0,-1,,,,10.0,1.0,2023,8.4375,0,0
RA-781,2N,F,2021,Pública,Topázio,8.496283333400001,,,,8.002,9.75,7.51,7.25,5.0,9.5,,,,8.506666667,10.0,0,,,,11.0,2.0,2024,8.4375,,
RA-782,N,M,2022,Escola Pública,Ametista,7.485,317.0,93.0,2.0,9.5,8.4,7.5,6.0,5.7,6.3,,Não,Não,7.0,10.0,0,Destaque: A sua boa entrega das lições de casa.,Melhorar: Empenhar-se mais nas aulas e avaliações.,Melhorar: Integrar-se mais aos Princípios Passos Mágicos.,8.0,0.0,2022,,1,0
RA-782,ALFA L - G2/G3,M,2022,Pública,Ametista,7.6812,,,,8.5,9.8,2.52,7.5,8.3,6.7,,,,9.345,5.0,-1,,,,9.0,0.0,2023,7.5,0,0
RA-782,1L,M,2022,Pública,Topázio,8.1896285714,,,,9.502,7.8571428569999995,7.51,7.75,7.5,8.0,,,,8.085,10.0,0,,,,10.0,1.0,2024,7.5,,
RA-783,N,M,2021,Escola Pública,Ágata,6.996,487.0,138.0,5.0,9.5,5.8,7.5,6.0,4.7,7.3,,Não,Não,6.917,10.0,0,Melhorar: Melhorar a sua entrega de lições de casa.,Melhorar: Empenhar-se mais nas aulas e avaliações.,Melhorar: Integrar-se mais aos Princípios Passos Mágicos.,8.0,0.0,2022,,1,0
RA-783,ALFA N - G2/G3,M,2021,Pública,Ametista,7.2922,,,,9.5,6.8,3.77,8.9,9.0,8.7,,,,7.925,5.0,-1,,,,9.0,0.0,2023,7.5,,1
RA-784,O,M,2022,Escola Pública,Topázio,8.34,54.0,14.0,1.0,9.5,10.0,7.5,8.2,7.8,8.5,,Não,Sim,9.25,5.0,-1,Destaque: A sua boa entrega das lições de casa.,Destaque: As suas boas notas na Passos Mágicos.,Destaque: A sua boa integração aos Princípios Passos Mágicos.,9.0,0.0,2022,,0,0
RA-784,1L,F,2022,Pública,Topázio,8.171366667,,,,10.0,9.5,7.52,7.3,6.5,8.0,,,,8.783333333,5.0,-1,,,,10.0,1.0,2023,8.125,0,0
RA-784,2M,F,2022,Privada - Programa de Apadrinhamento,Topázio,8.8857454545,,,,8.002,9.7727272725,5.635,8.75,8.0,9.5,,,,9.4,10.0,0,,,,11.0,2.0,2024,9.375,,
RA-785,O,F,2022,Escola Pública,Ametista,7.642,256.0,72.0,4.0,9.0,8.6,7.5,8.4,8.8,8.0,,Não,Não,7.667,5.0,-1,Destaque: A sua boa entrega das lições de casa.,Destaque: As suas boas notas na Passos Mágicos.,Destaque: A sua boa integração aos Princípios Passos Mágicos.,9.0,0.0,2022,,0,0
RA-785,1L,F,2022,Pública,Topázio,8.137866667,,,,9.0,8.5,7.52,8.8,8.2,9.4,,,,8.67,5.0,-1,,,,10.0,1.0,2023,7.916666667,0,0
RA-785,2U,F,2022,Pública,Topázio,9.1548666666,,,,9.502,10.0,7.51,9.0,8.0,10.0,,,,8.893333333,10.0,0,,,,11.0,2.0,2024,8.75,,
RA-786,O,M,2019,Escola Pública,Ágata,7.004,485.0,137.0,11.0,9.0,9.5,5.6,6.1,6.3,5.8,,Não,Não,7.167,5.0,-2,Destaque: A sua boa entrega das lições de casa.,Melhorar: Empenhar-se mais nas aulas e avaliações.,Melhorar: Integrar-se mais aos Princípios Passos Mágicos.,11.0,0.0,2022,,,1
RA-787,O,M,2022,Escola Pública,Ametista,7.205,426.0,127.0,9.0,8.5,9.5,7.5,3.4,4.2,2.7,,Não,Não,7.25,10.0,0,Destaque: A sua boa entrega das lições de casa.,Melhorar: Empenhar-se mais nas aulas e avaliações.,Melhorar: Integrar-se mais aos Princípios Passos Mágicos.,8.0,0.0,2022,,1,0
RA-787,ALFA O - G2/G3,M,2022,Pública,Ametista,7.5227,,,,9.0,9.8,7.52,5.9,6.0,5.8,,,,8.34,5.0,-1,,,,9.0,0.0,2023,5.625,0,0
RA-787,ALFA O - G2/G3,M,2022,Pública,Ametista,7.73495,,,,9.002,9.75,7.51,7.25,10.0,4.5,,,,7.325,5.0,-1,,,,10.0,0.0,2024,7.1875,,
RA-788,O,M,2021,Rede Decisão,Topázio,8.264,68.0,17.0,2.0,10.0,9.3,5.6,8.0,7.8,8.2,,Não,Sim,8.667,10.0,0,Destaque: A sua boa entrega das lições de casa.,Destaque: As suas boas notas na Passos Mágicos.,Destaque: A sua boa integração aos Princípios Passos Mágicos.,8.0,0.0,2022,,0,0
RA-788,1K,M,2021,Pública,Ametista,7.806091667,,,,7.9,9.8,2.52,6.9,6.0,7.8,,,,8.283333333,10.0,0,,,,9.0,1.0,2023,7.65625,0,0
RA-788,2N,M,2021,Privada - Programa de Apadrinhamento,Ametista,7.9221068268,,,,8.418,9.519450801,6.26,5.75,4.0,7.5,,,,7.783333333,10.0,0,,,,10.0,2.0,2024,8.4375,,
RA-789,O,F,2022,Escola Pública,Ametista,7.405,359.0,108.0,7.0,9.0,9.4,7.5,4.2,3.7,4.7,,Não,Não,7.417,10.0,0,Destaque: A sua boa entrega das lições de casa.,Melhorar: Empenhar-se mais nas aulas e avaliações.,Melhorar: Integrar-se mais aos Princípios Passos Mágicos.,7.0,0.0,2022,,0,0
RA-789,ALFA L - G2/G3,F,2022,Pública,Ametista,7.974,,,,0.0,9.5,7.52,7.9,8.5,7.2,,,,10.01,10.0,0,,,,8.0,0.0,2023,7.5,0,0
RA-789,1L,F,2022,Pública,Topázio,8.0443904763,,,,9.002,9.047619048,7.51,5.25,5.5,5.0,,,,8.085,10.0,0,,,,9.0,1.0,2024,9.166666667,,
RA-79,F,F,2018,Rede Decisão,Ágata,6.847,541.0,31.0,3.0,5.4,6.3,5.6,8.9,9.5,7.7,9.5,Não,Não,7.292,5.0,-1,Melhorar: Melhorar a sua entrega de lições de casa.,Destaque: As suas boas notas na Passos Mágicos.,Melhorar: Integrar-se mais aos Princípios Passos Mágicos.,16.0,5.0,2022,,0,0
RA-79,6A,F,2018,Privada - Programa de Apadrinhamento,Agata,6.635883333,,,,5.8,6.2,5.0,7.6,6.0,7.7,9.0,,,7.59,5.0,-1,,,,17.0,6.0,2023,7.8125,,1
RA-790,O,F,2022,Escola Pública,Ametista,7.504,307.0,89.0,6.0,9.0,8.9,7.5,7.8,8.5,7.2,,Não,Não,7.417,5.0,-2,Destaque: A sua boa entrega das lições de casa.,Destaque: As suas boas notas na Passos Mágicos.,Melhorar: Integrar-se mais aos Princípios Passos Mágicos.,11.0,0.0,2022,,0,0
RA-790,1L,M,2022,Pública,Agata,6.707666667,,,,0.0,8.1,7.52,7.4,7.2,7.5,,,,8.286666667,5.0,-2,,,,12.0,1.0,2023,7.083333333,0,0
RA-790,2U,M,2022,Pública,Agata,6.8089355072,,,,7.502,6.811594203,7.51,6.75,4.0,9.5,,,,6.883333333,5.0,-1,,,,13.0,2.0,2024,7.1875,,
RA-791,O,F,2022,Escola Pública,Ametista,7.507,306.0,88.0,5.0,9.5,8.7,7.5,6.5,6.3,6.7,,Não,Sim,8.5,5.0,-2,Destaque: A sua boa entrega das lições de casa.,Melhorar: Empenhar-se mais nas aulas e avaliações.,Destaque: A sua boa integração aos Princípios Passos Mágicos.,11.0,0.0,2022,,0,0
RA-791,1K,F,2022,Pública,Agata,6.247916667,,,,0.0,8.1,7.52,5.3,6.0,4.5,,,,7.723333333,5.0,-2,,,,12.0,1.0,2023,7.8125,,1
RA-792,O,F,2022,Escola Pública,Ágata,7.025,480.0,136.0,10.0,9.5,8.0,7.5,6.2,6.5,5.8,,Não,Não,7.167,5.0,-1,Destaque: A sua boa entrega das lições de casa.,Melhorar: Empenhar-se mais nas aulas e avaliações.,Melhorar: Integrar-se mais aos Princípios Passos Mágicos.,9.0,0.0,2022,,1,0
RA-792,ALFA L - G2/G3,F,2022,Pública,Ametista,7.6267,,,,9.0,7.7,7.52,7.2,6.8,7.5,,,,9.085,5.0,-2,,,,10.0,0.0,2023,6.875,0,0
RA-792,1N,F,2022,Pública,Agata,6.036012253,,,,8.502,5.2865612650000005,7.51,3.25,6.5,0.0,,,,7.075,5.0,-1,,,,11.0,1.0,2024,8.125,,
RA-793,O,M,2022,Escola Pública,Ágata,6.894,527.0,151.0,12.0,9.5,7.6,7.5,6.0,6.0,6.0,,Não,Não,7.333,5.0,-2,Destaque: A sua boa entrega das lições de casa.,Melhorar: Empenhar-se mais nas aulas e avaliações.,Melhorar: Integrar-se mais aos Princípios Passos Mágicos.,10.0,0.0,2022,,,1
RA-794,O,F,2022,Escola Pública,Ametista,7.335,381.0,114.0,8.0,9.5,8.9,7.5,4.1,3.7,4.5,,Não,Não,7.333,10.0,0,Destaque: A sua boa entrega das lições de casa.,Melhorar: Empenhar-se mais nas aulas e avaliações.,Melhorar: Integrar-se mais aos Princípios Passos Mágicos.,8.0,0.0,2022,,1,0
RA-794,ALFA L - G2/G3,F,2022,Pública,Ametista,7.9842,,,,9.0,9.2,7.52,6.2,5.2,7.2,,,,10.01,5.0,-1,,,,9.0,0.0,2023,7.5,0,0
RA-794,1K,F,2022,Pública,Ametista,7.145652380900001,,,,9.502,6.9047619045,7.51,3.0,6.0,0.0,,,,8.255,10.0,0,,,,10.0,1.0,2024,8.125,,
RA-795,O,F,2022,Escola Pública,Topázio,8.064,126.0,35.0,3.0,9.0,9.7,7.5,7.3,8.0,6.5,,Não,Não,7.333,10.0,0,Destaque: A sua boa entrega das lições de casa.,Melhorar: Empenhar-se mais nas aulas e avaliações.,Melhorar: Integrar-se mais aos Princípios Passos Mágicos.,8.0,0.0,2022,,1,0
RA-795,ALFA L - G2/G3,F,2022,Pública,Topázio,8.4642,,,,9.0,9.6,7.52,8.2,8.7,7.7,,,,10.01,5.0,-1,,,,9.0,0.0,2023,7.5,0,0
RA-795,1L,F,2022,Pública,Topázio,8.441414285700002,,,,9.502,9.761904762,6.26,9.5,10.0,9.0,,,,8.085,5.0,-1,,,,10.0,1.0,2024,8.958333333,,
RA-796,Q,F,2022,Escola Pública,Ametista,7.232,416.0,123.0,3.0,9.5,9.3,7.5,5.4,5.8,5.0,,Não,Não,7.667,5.0,-2,Destaque: A sua boa entrega das lições de casa.,Melhorar: Empenhar-se mais nas aulas e avaliações.,Destaque: A sua boa integração aos Princípios Passos Mágicos.,10.0,0.0,2022,,0,0
RA-796,1P,F,2022,Pública,Ametista,7.462866667,,,,9.0,9.8,6.27,5.5,5.0,6.0,,,,8.336666667,5.0,-1,,,,11.0,1.0,2023,7.083333333,0,0
RA-796,2P,F,2022,Pública,Ametista,7.052457703200001,,,,8.502,8.2212885155,7.51,5.25,3.0,7.5,,,,7.326666667,5.0,-1,,,,12.0,2.0,2024,7.916666667,,
RA-797,Q,M,2021,Escola Pública,Ametista,7.217,421.0,126.0,4.0,9.0,8.5,7.5,7.3,8.2,6.5,,Não,Não,7.5,5.0,-2,Destaque: A sua boa entrega das lições de casa.,Melhorar: Empenhar-se mais nas aulas e avaliações.,Destaque: A sua boa integração aos Princípios Passos Mágicos.,10.0,0.0,2022,,0,0
RA-797,1P,M,2021,Pública,Ametista,7.373033333,,,,8.5,8.6,7.52,7.5,7.0,8.0,,,,7.233333333,5.0,-1,,,,11.0,1.0,2023,6.041666667,0,0
RA-797,2P,M,2021,Pública,Agata,6.597315151500001,,,,9.168,4.840909091,7.51,7.25,8.0,6.5,,,,6.723333333,5.0,-1,,,,12.0,2.0,2024,6.666666667,,
RA-798,Q,M,2022,Escola Pública,Ametista,7.049,472.0,135.0,5.0,8.0,8.3,7.5,6.3,7.0,5.7,,Não,Não,7.667,5.0,-2,Destaque: A sua boa entrega das lições de casa.,Melhorar: Empenhar-se mais nas aulas e avaliações.,Destaque: A sua boa integração aos Princípios Passos Mágicos.,10.0,0.0,2022,,0,0
RA-798,1R,M,2022,Privada - Programa de Apadrinhamento,Ametista,7.018033333,,,,9.0,8.1,7.52,6.1,4.3,7.8,,,,6.95,5.0,-1,,,,11.0,1.0,2023,6.458333333,0,0
RA-798,2R,M,2022,Pública,Quartzo,4.6743653679,,,,6.834,3.5064935065,7.51,4.75,4.0,5.5,,,,2.943333333,5.0,-1,,,,12.0,2.0,2024,5.0,,
RA-799,Q,F,2022,Escola Pública,Ametista,7.676,244.0,65.0,2.0,8.0,9.6,7.5,7.8,8.5,7.2,,Não,Não,7.917,5.0,-2,Destaque: A sua boa entrega das lições de casa.,Destaque: As suas boas notas na Passos Mágicos.,Destaque: A sua boa integração aos Princípios Passos Mágicos.,10.0,0.0,2022,,0,0
RA-799,1R,F,2022,Pública,Topázio,8.061533333,,,,9.5,9.6,5.64,8.3,7.8,8.8,,,,8.17,5.0,-1,,,,10.0,1.0,2023,8.333333333,0,0
RA-799,2R,F,2022,Pública,Ametista,7.702648484900001,,,,7.918,9.090909091,7.51,5.25,5.0,5.5,,,,7.5,10.0,0,,,,11.0,2.0,2024,7.916666667,,
RA-8,A,F,2018,Escola Pública,Quartzo,4.786,836.0,21.0,13.0,7.1,4.6,6.3,1.6,1.2,0.7,2.9,Não,Não,6.278,5.0,-1,Melhorar: Melhorar a sua entrega de lições de casa.,Melhorar: Empenhar-se mais nas aulas e avaliações.,Melhorar: Integrar-se mais aos Princípios Passos Mágicos.,20.0,7.0,2022,,,1
RA-80,K,F,2017,Rede Decisão,Ametista,7.29,397.0,26.0,6.0,9.2,8.3,5.0,7.1,6.5,7.7,7.3,Não,Não,7.625,5.0,-1,Destaque: A sua boa entrega das lições de casa.,Melhorar: Empenhar-se mais nas aulas e avaliações.,Destaque: A sua boa integração aos Princípios Passos Mágicos.,16.0,5.0,2022,,0,0
RA-80,6L,F,2017,Privada - Programa de Apadrinhamento,Ametista,7.252275,,,,8.3,8.4,6.89,6.3,8.2,5.7,5.0,,,7.465,5.0,-1,,,,17.0,6.0,2023,7.96875,0,0
RA-80,7A,F,2021,Privada - Programa de Apadrinhamento,Topázio,8.131659175733333,,,,8.751,7.8961292116666675,8.13,7.0,5.0,6.0,10.0,,,7.946666667,10.0,0,,,,18.0,7.0,2024,8.75,,
RA-800,Q,M,2022,Escola Pública,Ágata,6.818,551.0,157.0,8.0,8.0,5.4,7.5,6.1,6.3,5.8,,Não,Não,7.5,10.0,0,Melhorar: Melhorar a sua entrega de lições de casa.,Melhorar: Empenhar-se mais nas aulas e avaliações.,Melhorar: Integrar-se mais aos Princípios Passos Mágicos.,8.0,0.0,2022,,,1
RA-801,Q,M,2022,Escola Pública,Ágata,6.644,611.0,167.0,9.0,7.0,6.6,7.5,6.8,7.2,6.3,,Não,Não,7.5,5.0,-1,Melhorar: Melhorar a sua entrega de lições de casa.,Melhorar: Empenhar-se mais nas aulas e avaliações.,Melhorar: Integrar-se mais aos Princípios Passos Mágicos.,9.0,0.0,2022,,0,0
RA-801,1R,M,2022,Pública,Agata,6.8735,,,,0.0,7.5,7.52,7.6,6.8,8.3,,,,7.12,10.0,0,,,,9.0,1.0,2023,6.875,1,0
RA-801,1R,M,2022,Pública,Agata,6.6752,,,,9.002,5.75,7.51,8.0,7.0,9.0,,,,5.745,5.0,-1,,,,10.0,1.0,2024,6.25,,
RA-802,Q,M,2021,Escola Pública,Ametista,7.831,193.0,51.0,1.0,9.0,9.0,7.5,8.3,9.0,7.5,,Não,Não,8.333,5.0,-1,Destaque: A sua boa entrega das lições de casa.,Destaque: As suas boas notas na Passos Mágicos.,Destaque: A sua boa integração aos Princípios Passos Mágicos.,9.0,0.0,2022,,0,0
RA-802,1R,M,2021,Pública,Topázio,8.126866667,,,,8.0,9.3,7.52,9.4,9.3,9.5,,,,7.506666667,5.0,-1,,,,10.0,1.0,2023,8.333333333,0,0
RA-802,2R,M,2021,Pública,Ametista,7.8317974024999994,,,,7.502,7.012987013,7.51,8.75,9.0,8.5,,,,6.723333333,10.0,0,,,,11.0,2.0,2024,8.333333333,,
RA-803,Q,F,2022,Escola Pública,Ágata,6.98,494.0,141.0,6.0,10.0,7.2,7.5,6.3,6.5,6.0,,Não,Não,7.417,5.0,-2,Melhorar: Melhorar a sua entrega de lições de casa.,Melhorar: Empenhar-se mais nas aulas e avaliações.,Melhorar: Integrar-se mais aos Princípios Passos Mágicos.,10.0,0.0,2022,,,1
RA-804,Q,M,2022,Escola Pública,Ágata,6.848,540.0,153.0,7.0,10.0,8.4,6.3,4.8,5.5,4.0,,Não,Não,7.667,5.0,-2,Destaque: A sua boa entrega das lições de casa.,Melhorar: Empenhar-se mais nas aulas e avaliações.,Destaque: A sua boa integração aos Princípios Passos Mágicos.,10.0,0.0,2022,,0,0
RA-804,1R,M,2022,Pública,Ametista,7.2352,,,,10.0,8.6,6.27,6.9,6.2,7.5,,,,7.173333333,5.0,-1,,,,11.0,1.0,2023,5.833333333,,1
RA-805,R,M,2021,Escola Pública,Topázio,8.279,65.0,16.0,2.0,9.5,9.0,7.5,8.8,8.7,8.9,,Não,Não,7.333,10.0,0,Destaque: A sua boa entrega das lições de casa.,Destaque: As suas boas notas na Passos Mágicos.,Melhorar: Integrar-se mais aos Princípios Passos Mágicos.,8.0,0.0,2022,,1,0
RA-805,ALFA Q - G2/G3,M,2021,Pública,Agata,6.492,,,,0.0,9.1,7.52,6.8,6.8,6.8,,,,7.175,5.0,-1,,,,9.0,0.0,2023,6.25,0,0
RA-805,1R,M,2021,Pública,Agata,6.9375869048,,,,8.502,9.523809524,4.38,6.0,7.0,5.0,,,,6.7075,5.0,-1,,,,10.0,1.0,2024,7.03125,,
RA-806,R,M,2022,Escola Pública,Ametista,7.561,290.0,82.0,5.0,9.5,7.3,7.5,6.6,5.0,8.2,,Não,Não,7.917,10.0,0,Melhorar: Melhorar a sua entrega de lições de casa.,Melhorar: Empenhar-se mais nas aulas e avaliações.,Destaque: A sua boa integração aos Princípios Passos Mágicos.,8.0,0.0,2022,,1,0
RA-806,ALFA Q - G2/G3,M,2022,Pública,Ametista,7.2937,,,,8.5,8.3,6.27,7.8,7.8,7.7,,,,7.095,5.0,-1,,,,9.0,0.0,2023,6.875,0,0
RA-806,1R,M,2022,Pública,Agata,6.972777380900001,,,,8.502,6.9047619045,7.51,6.75,6.5,7.0,,,,6.875,5.0,-1,,,,10.0,1.0,2024,7.65625,,
RA-807,R,M,2022,Escola Pública,Topázio,8.121,109.0,31.0,3.0,9.5,8.7,6.3,9.0,9.5,8.6,,Não,Não,7.5,10.0,0,Destaque: A sua boa entrega das lições de casa.,Destaque: As suas boas notas na Passos Mágicos.,Destaque: A sua boa integração aos Princípios Passos Mágicos.,8.0,0.0,2022,,1,0
RA-807,ALFA Q - G2/G3,M,2022,Pública,Ametista,7.8632,,,,9.5,9.1,7.52,8.0,8.3,7.7,,,,8.08,5.0,-1,,,,9.0,0.0,2023,6.25,0,0
RA-807,1R,M,2022,Pública,Ametista,7.797628571400001,,,,9.002,7.8571428569999995,7.51,7.0,6.0,8.0,,,,7.125,10.0,0,,,,10.0,1.0,2024,7.5,,
RA-808,R,M,2022,Escola Pública,Topázio,8.361,51.0,12.0,1.0,10.0,9.1,6.3,9.3,9.7,8.8,,Não,Não,8.0,10.0,0,Destaque: A sua boa entrega das lições de casa.,Destaque: As suas boas notas na Passos Mágicos.,Destaque: A sua boa integração aos Princípios Passos Mágicos.,8.0,0.0,2022,,1,0
RA-808,ALFA S - G2/G3,M,2022,Pública,Topázio,8.1932,,,,10.0,10.0,2.52,8.7,8.7,8.7,,,,9.755,5.0,-1,,,,9.0,0.0,2023,7.5,0,0
RA-808,1R,M,2022,Pública,Topázio,8.7897,,,,9.002,10.0,7.51,8.75,7.5,10.0,,,,7.88,10.0,0,,,,10.0,1.0,2024,8.125,,
RA-809,R,M,2022,Escola Pública,Ametista,7.259,410.0,120.0,7.0,10.0,6.6,6.3,6.3,5.5,7.1,,Não,Não,7.417,10.0,0,Melhorar: Melhorar a sua entrega de lições de casa.,Melhorar: Empenhar-se mais nas aulas e avaliações.,Melhorar: Integrar-se mais aos Princípios Passos Mágicos.,7.0,0.0,2022,,,1
RA-81,K,F,2017,Rede Decisão,Ametista,7.675,247.0,14.0,2.0,9.2,9.2,5.0,6.0,5.5,5.2,7.3,Não,Não,7.458,10.0,1,Destaque: A sua boa entrega das lições de casa.,Melhorar: Empenhar-se mais nas aulas e avaliações.,Melhorar: Integrar-se mais aos Princípios Passos Mágicos.,14.0,5.0,2022,,1,0
RA-81,5L,F,2017,Privada - Programa de Apadrinhamento,Ametista,7.45425,,,,9.6,8.8,2.52,6.3,8.7,4.7,5.5,,,7.2125,10.0,0,,,,15.0,5.0,2023,7.8125,0,0
RA-81,6L,F,2021,Privada - Programa de Apadrinhamento,Topázio,8.256566666666668,,,,9.168,9.333333333333334,6.26,7.5,9.0,6.5,7.0,,,7.798,10.0,0,,,,16.0,6.0,2024,7.875,,
RA-810,R,M,2021,Escola Pública,Ametista,7.887,175.0,47.0,4.0,8.5,9.1,5.0,9.6,9.7,9.5,,Não,Não,7.25,10.0,0,Destaque: A sua boa entrega das lições de casa.,Destaque: As suas boas notas na Passos Mágicos.,Melhorar: Integrar-se mais aos Princípios Passos Mágicos.,8.0,0.0,2022,,0,0
RA-810,1P,M,2021,Pública,Ametista,7.782866667,,,,8.0,8.5,7.52,6.9,6.3,7.5,,,,7.836666667,10.0,0,,,,9.0,1.0,2023,5.833333333,1,0
RA-810,1P,M,2021,Pública,Ametista,7.704770175400001,,,,7.502,9.4736842105,5.635,9.0,8.0,10.0,,,,7.7525,5.0,-1,,,,10.0,1.0,2024,6.458333333,,
RA-811,R,F,2021,Escola Pública,Ágata,6.575,635.0,170.0,8.0,8.9,5.7,5.6,7.3,8.9,5.7,,Não,Não,7.667,5.0,-1,Melhorar: Melhorar a sua entrega de lições de casa.,Melhorar: Empenhar-se mais nas aulas e avaliações.,Destaque: A sua boa integração aos Princípios Passos Mágicos.,9.0,0.0,2022,,,1
RA-812,R,M,2022,Escola Pública,Ametista,7.497,313.0,90.0,6.0,9.0,8.1,5.6,7.4,8.3,6.6,,Não,Não,7.333,10.0,0,Destaque: A sua boa entrega das lições de casa.,Melhorar: Empenhar-se mais nas aulas e avaliações.,Melhorar: Integrar-se mais aos Princípios Passos Mágicos.,8.0,0.0,2022,,0,0
RA-812,ALFA Q - G2/G3,M,2022,Pública,Topázio,8.0357,,,,9.5,9.1,7.52,5.8,6.3,5.3,,,,8.33,10.0,0,,,,8.0,0.0,2023,6.875,,1
RA-813,S,M,2022,Escola Pública,Ametista,7.093,459.0,134.0,6.0,9.5,6.5,6.9,6.0,6.7,5.3,,Não,Não,7.417,10.0,0,Melhorar: Melhorar a sua entrega de lições de casa.,Melhorar: Empenhar-se mais nas aulas e avaliações.,Melhorar: Integrar-se mais aos Princípios Passos Mágicos.,8.0,0.0,2022,,0,0
RA-813,1R,M,2022,Pública,Ametista,7.5867,,,,9.5,8.4,7.52,3.9,2.3,5.5,,,,8.06,10.0,0,,,,9.0,1.0,2023,8.125,,1
RA-814,S,M,2022,Escola Pública,Ametista,7.592,275.0,77.0,4.0,8.9,9.0,6.9,7.5,7.8,7.2,,Não,Sim,8.417,5.0,-1,Destaque: A sua boa entrega das lições de casa.,Destaque: As suas boas notas na Passos Mágicos.,Destaque: A sua boa integração aos Princípios Passos Mágicos.,9.0,0.0,2022,,0,0
RA-814,1P,M,2022,Pública,Topázio,8.367866667,,,,9.5,9.6,6.89,8.2,7.8,8.5,,,,9.226666667,5.0,-1,,,,10.0,1.0,2023,8.333333333,0,0
RA-814,2P,M,2022,Pública,Ametista,7.971648484800001,,,,7.418,9.090909091,7.51,7.5,8.0,7.0,,,,7.053333333,10.0,0,,,,11.0,2.0,2024,7.5,,
RA-815,S,M,2022,Escola Pública,Ágata,6.81,552.0,158.0,7.0,10.0,7.9,5.6,6.5,7.7,5.3,,Não,Não,7.0,5.0,-1,Destaque: A sua boa entrega das lições de casa.,Melhorar: Empenhar-se mais nas aulas e avaliações.,Melhorar: Integrar-se mais aos Princípios Passos Mágicos.,9.0,0.0,2022,,0,0
RA-815,1R,M,2022,Pública,Agata,6.122166667,,,,0.0,8.6,5.02,6.5,7.0,6.0,,,,7.063333333,5.0,-1,,,,10.0,1.0,2023,6.875,,1
RA-816,S,F,2022,Escola Pública,Topázio,8.513,32.0,6.0,1.0,10.0,9.3,7.5,9.6,9.5,9.7,,Sim,Sim,9.417,5.0,-1,Destaque: A sua boa entrega das lições de casa.,Destaque: As suas boas notas na Passos Mágicos.,Destaque: A sua boa integração aos Princípios Passos Mágicos.,9.0,0.0,2022,,0,0
RA-816,1P,F,2022,Pública,Topázio,8.5572,,,,7.5,9.8,7.52,8.9,7.8,10.0,,,,9.283333333,5.0,-1,,,,10.0,1.0,2023,9.583333333,0,0
RA-816,2P,F,2022,Privada - Programa de Apadrinhamento,Topázio,8.929745454599999,,,,7.002,9.7727272725,7.51,9.25,8.5,10.0,,,,8.786666667,10.0,0,,,,11.0,2.0,2024,9.166666667,,
RA-817,S,F,2022,Escola Pública,Ametista,7.819,197.0,52.0,2.0,10.0,8.7,6.3,7.1,7.7,6.5,,Não,Não,7.417,10.0,0,Destaque: A sua boa entrega das lições de casa.,Melhorar: Empenhar-se mais nas aulas e avaliações.,Melhorar: Integrar-se mais aos Princípios Passos Mágicos.,8.0,0.0,2022,,0,0
RA-817,1R,F,2022,Pública,Ametista,7.8597,,,,9.5,8.8,6.89,5.4,5.0,5.7,,,,7.89,10.0,0,,,,9.0,1.0,2023,8.125,,1
RA-818,S,M,2022,Escola Pública,Ametista,7.483,320.0,95.0,5.0,9.5,7.3,7.5,6.2,6.5,5.8,,Não,Não,7.5,10.0,0,Melhorar: Melhorar a sua entrega de lições de casa.,Melhorar: Empenhar-se mais nas aulas e avaliações.,Melhorar: Integrar-se mais aos Princípios Passos Mágicos.,7.0,0.0,2022,,0,0
RA-818,1R,M,2022,Pública,Ametista,7.997366667,,,,10.0,8.4,7.52,6.2,5.5,6.8,,,,7.613333333,10.0,1,,,,8.0,1.0,2023,8.125,,1
RA-819,S,M,2022,Escola Pública,Ametista,7.741,223.0,59.0,3.0,10.0,7.9,7.5,7.3,8.0,6.5,,Não,Não,7.333,10.0,0,Destaque: A sua boa entrega das lições de casa.,Melhorar: Empenhar-se mais nas aulas e avaliações.,Melhorar: Integrar-se mais aos Princípios Passos Mágicos.,8.0,0.0,2022,,0,0
RA-819,1P,M,2022,Pública,Ametista,7.944833333,,,,0.0,8.3,7.52,9.5,9.7,9.3,,,,8.893333333,10.0,0,,,,9.0,1.0,2023,8.541666667,0,0
RA-819,2U,M,2022,Pública,Topázio,8.652552484400001,,,,10.002,7.784679089,7.51,9.0,8.0,10.0,,,,8.503333333,10.0,1,,,,10.0,2.0,2024,8.4375,,
RA-82,K,F,2022,Escola Pública,Ágata,6.596,628.0,37.0,9.0,8.8,6.8,7.5,5.5,6.0,5.0,,Sim,Não,6.417,5.0,-2,Melhorar: Melhorar a sua entrega de lições de casa.,Melhorar: Empenhar-se mais nas aulas e avaliações.,Melhorar: Integrar-se mais aos Princípios Passos Mágicos.,17.0,5.0,2022,,,1
RA-820,T,M,2022,Escola Pública,Ametista,7.417,349.0,103.0,1.0,9.5,10.0,6.9,6.0,7.7,4.3,,Não,Não,7.583,5.0,-1,Destaque: A sua boa entrega das lições de casa.,Melhorar: Empenhar-se mais nas aulas e avaliações.,Destaque: A sua boa integração aos Princípios Passos Mágicos.,9.0,0.0,2022,,0,0
RA-820,1F,M,2022,Pública,Ametista,7.85605,,,,7.9,7.4,7.52,8.9,9.2,8.5,,,,8.28,5.0,-1,,,,10.0,1.0,2023,9.0625,0,0
RA-820,2I,M,2022,Pública,Ametista,7.426572549100001,,,,10.002,6.573529412,7.51,6.25,6.0,6.5,,,,6.386666667,10.0,0,,,,11.0,2.0,2024,8.333333333,,
RA-821,T,M,2022,Escola Pública,Ágata,6.342,671.0,174.0,5.0,9.0,7.0,7.5,4.6,5.2,4.0,,Não,Não,6.917,5.0,-2,Melhorar: Melhorar a sua entrega de lições de casa.,Melhorar: Empenhar-se mais nas aulas e avaliações.,Melhorar: Integrar-se mais aos Princípios Passos Mágicos.,10.0,0.0,2022,,,0
RA-821,2A,M,2022,Pública,Agata,6.643866666600001,,,,8.502,5.9166666665,7.51,4.25,4.5,4.0,,,,6.713333333,10.0,0,,,,11.0,2.0,2024,6.666666667,,
RA-822,T,M,2022,Escola Pública,Ágata,6.922,521.0,148.0,3.0,8.0,8.4,7.5,6.1,6.5,5.7,,Não,Não,7.083,5.0,-2,Destaque: A sua boa entrega das lições de casa.,Melhorar: Empenhar-se mais nas aulas e avaliações.,Melhorar: Integrar-se mais aos Princípios Passos Mágicos.,10.0,0.0,2022,,0,0
RA-822,ALFA I - G2/G3,M,2022,Pública,Agata,6.4497,,,,8.5,8.4,2.52,7.1,8.0,6.2,,,,5.925,5.0,-2,,,,11.0,0.0,2023,5.625,0,0
RA-822,1H,M,2022,Pública,Quartzo,5.2645678524,,,,0.0,4.6245059285,5.01,6.75,7.5,6.0,,,,6.61,5.0,-2,,,,12.0,1.0,2024,6.666666667,,
RA-823,T,F,2021,Escola Pública,Quartzo,5.989,729.0,181.0,6.0,10.0,6.0,7.5,2.8,4.0,1.7,,Não,Não,7.167,5.0,-2,Melhorar: Melhorar a sua entrega de lições de casa.,Melhorar: Empenhar-se mais nas aulas e avaliações.,Melhorar: Integrar-se mais aos Princípios Passos Mágicos.,10.0,0.0,2022,,,1
RA-824,T,M,2022,Escola Pública,Ágata,6.799,555.0,159.0,4.0,10.0,4.4,6.9,6.0,7.0,5.0,,Não,Não,7.333,10.0,0,Melhorar: Melhorar a sua entrega de lições de casa.,Melhorar: Empenhar-se mais nas aulas e avaliações.,Melhorar: Integrar-se mais aos Princípios Passos Mágicos.,8.0,0.0,2022,,,1
RA-825,T,F,2021,Escola Pública,Ametista,7.25,412.0,121.0,2.0,7.5,8.2,6.9,7.6,8.3,6.8,,Não,Não,7.917,5.0,-1,Destaque: A sua boa entrega das lições de casa.,Destaque: As suas boas notas na Passos Mágicos.,Destaque: A sua boa integração aos Princípios Passos Mágicos.,9.0,0.0,2022,,,1
RA-826,U,M,2022,Escola Pública,Ametista,7.776,211.0,55.0,5.0,9.5,9.6,7.5,5.4,4.3,6.5,,Não,Não,7.5,10.0,0,Destaque: A sua boa entrega das lições de casa.,Melhorar: Empenhar-se mais nas aulas e avaliações.,Melhorar: Integrar-se mais aos Princípios Passos Mágicos.,8.0,0.0,2022,,1,0
RA-826,ALFA N - G2/G3,M,2022,Pública,Ametista,7.77645,,,,10.0,10.0,3.77,7.3,7.0,7.5,,,,8.34,5.0,-1,,,,9.0,0.0,2023,7.8125,0,0
RA-826,1L,M,2022,Pública,Ametista,7.9442,,,,10.002,10.0,6.26,6.75,5.5,8.0,,,,8.59,5.0,-1,,,,10.0,1.0,2024,7.5,,
RA-827,U,F,2022,Escola Pública,Ametista,7.412,352.0,104.0,6.0,9.5,7.0,7.5,7.6,7.7,7.5,,Não,Sim,8.667,5.0,-2,Melhorar: Melhorar a sua entrega de lições de casa.,Destaque: As suas boas notas na Passos Mágicos.,Destaque: A sua boa integração aos Princípios Passos Mágicos.,10.0,0.0,2022,,0,0
RA-827,1M,F,2022,Pública,Ametista,7.419925,,,,7.9,8.1,3.14,8.1,7.7,8.5,,,,8.73,5.0,-1,,,,11.0,1.0,2023,8.28125,0,0
RA-827,2K,F,2022,Pública,Topázio,8.2483467391,,,,10.002,9.782608695499999,5.01,7.25,6.0,8.5,,,,7.875,10.0,0,,,,12.0,2.0,2024,7.65625,,
RA-828,U,F,2022,Escola Pública,Ametista,7.139,444.0,131.0,9.0,9.5,7.1,7.5,6.9,7.3,6.5,,Não,Não,7.833,5.0,-1,Melhorar: Melhorar a sua entrega de lições de casa.,Melhorar: Empenhar-se mais nas aulas e avaliações.,Destaque: A sua boa integração aos Princípios Passos Mágicos.,9.0,0.0,2022,,,1
RA-829,U,F,2022,Escola Pública,Ametista,8.003,142.0,39.0,3.0,9.0,8.6,7.5,7.8,8.2,7.5,,Não,Não,7.5,10.0,0,Destaque: A sua boa entrega das lições de casa.,Destaque: As suas boas notas na Passos Mágicos.,Melhorar: Integrar-se mais aos Princípios Passos Mágicos.,8.0,0.0,2022,,0,0
RA-829,1M,F,2022,Pública,Topázio,8.532075,,,,9.0,9.4,3.14,8.4,7.5,9.2,,,,9.23,10.0,0,,,,9.0,1.0,2023,9.21875,0,0
RA-829,2K,F,2022,Privada - Programa de Apadrinhamento,Topázio,9.171825000000002,,,,9.502,9.75,9.38,8.0,6.0,10.0,,,,9.215,10.0,1,,,,10.0,2.0,2024,8.90625,,
RA-83,K,F,2022,Escola Pública,Ágata,6.671,598.0,35.0,8.0,7.9,6.8,7.5,6.8,6.0,7.5,,Sim,Não,5.958,5.0,-2,Melhorar: Melhorar a sua entrega de lições de casa.,Melhorar: Empenhar-se mais nas aulas e avaliações.,Melhorar: Integrar-se mais aos Princípios Passos Mágicos.,17.0,5.0,2022,,,1
RA-830,U,F,2022,Escola Pública,Ametista,7.234,414.0,122.0,8.0,10.0,8.6,7.5,6.0,5.8,6.2,,Não,Não,7.5,5.0,-1,Destaque: A sua boa entrega das lições de casa.,Melhorar: Empenhar-se mais nas aulas e avaliações.,Melhorar: Integrar-se mais aos Princípios Passos Mágicos.,9.0,0.0,2022,,0,0
RA-830,ALFA U - G2/G3,F,2022,Pública,Agata,6.78,,,,0.0,8.9,3.14,8.3,8.3,8.3,,,,9.505,5.0,-1,,,,9.0,0.0,2023,6.25,0,0
RA-830,1L,F,2022,Pública,Ametista,7.1373428571,,,,9.002,7.619047619,5.63,6.75,6.5,7.0,,,,7.335,5.0,-1,,,,11.0,1.0,2024,8.333333333,,
RA-831,U,M,2022,Escola Pública,Ametista,7.41,356.0,107.0,7.0,9.5,9.2,7.5,7.2,7.3,7.0,,Não,Não,7.167,5.0,-1,Destaque: A sua boa entrega das lições de casa.,Melhorar: Empenhar-se mais nas aulas e avaliações.,Melhorar: Integrar-se mais aos Princípios Passos Mágicos.,9.0,0.0,2022,,0,0
RA-831,ALFA N - G2/G3,M,2022,Pública,Ametista,7.71645,,,,8.0,9.4,3.77,8.3,8.8,7.8,,,,8.59,5.0,-1,,,,9.0,0.0,2023,7.8125,0,0
RA-831,1K,M,2022,Pública,Topázio,8.0066285715,,,,10.002,9.523809524,6.26,7.75,6.5,9.0,,,,8.17,5.0,-1,,,,10.0,1.0,2024,7.916666667,,
RA-832,U,M,2022,Escola Pública,Topázio,8.179,92.0,24.0,1.0,10.0,9.2,7.5,8.8,8.8,8.8,,Não,Sim,8.833,5.0,-1,Destaque: A sua boa entrega das lições de casa.,Destaque: As suas boas notas na Passos Mágicos.,Destaque: A sua boa integração aos Princípios Passos Mágicos.,9.0,0.0,2022,,0,0
RA-832,1L,M,2022,Pública,Topázio,8.2697,,,,10.0,9.5,7.52,8.5,9.2,7.7,,,,8.283333333,5.0,-1,,,,10.0,1.0,2023,7.708333333,0,0
RA-832,2U,M,2022,Pública,Topázio,8.2403304348,,,,9.002,8.695652174,7.51,8.0,7.0,9.0,,,,7.5,10.0,0,,,,11.0,2.0,2024,7.5,,
RA-833,U,M,2022,Escola Pública,Ametista,7.791,204.0,53.0,4.0,10.0,9.5,7.5,7.8,8.2,7.5,,Não,Não,7.583,5.0,-1,Destaque: A sua boa entrega das lições de casa.,Destaque: As suas boas notas na Passos Mágicos.,Destaque: A sua boa integração aos Princípios Passos Mágicos.,9.0,0.0,2022,,0,0
RA-833,1M,M,2022,Pública,Ametista,7.81295,,,,10.0,9.5,3.77,7.4,7.3,7.5,,,,8.56,5.0,-1,,,,10.0,1.0,2023,8.4375,0,0
RA-833,2U,M,2022,Pública,Topázio,8.5184577641,,,,9.002,9.3271221535,7.51,8.0,9.0,7.0,,,,7.946666667,10.0,0,,,,11.0,2.0,2024,8.125,,
RA-834,U,M,2022,Escola Pública,Topázio,8.136,105.0,30.0,2.0,9.0,9.0,7.5,9.0,9.2,8.8,,Não,Sim,9.083,5.0,-1,Destaque: A sua boa entrega das lições de casa.,Destaque: As suas boas notas na Passos Mágicos.,Destaque: A sua boa integração aos Princípios Passos Mágicos.,9.0,0.0,2022,,0,0
RA-834,1N,M,2022,Pública,Topázio,8.662616667,,,,9.0,9.9,6.27,9.2,9.0,9.3,,,,9.283333333,5.0,-1,,,,10.0,1.0,2023,9.6875,0,0
RA-834,2L,M,2022,Pública,Topázio,8.513646169700001,,,,8.002,9.109730849,6.26,8.75,9.0,8.5,,,,8.723333333,10.0,0,,,,11.0,2.0,2024,7.708333333,,
RA-835,V,M,2022,Escola Pública,Ametista,7.263,408.0,119.0,6.0,6.9,7.3,7.5,7.5,7.6,7.3,,Não,Não,6.667,10.0,0,Melhorar: Melhorar a sua entrega de lições de casa.,Melhorar: Empenhar-se mais nas aulas e avaliações.,Melhorar: Integrar-se mais aos Princípios Passos Mágicos.,8.0,0.0,2022,,0,0
RA-835,ALFA V - G0/G1,M,2022,Pública,Topázio,8.2467,,,,8.0,8.5,7.52,8.7,8.5,8.9,,,,7.835,10.0,0,,,,8.0,0.0,2023,6.875,,1
RA-836,V,M,2022,Escola Pública,Ametista,7.665,250.0,68.0,3.0,8.5,8.3,7.5,9.2,9.0,9.3,,Não,Não,7.583,5.0,-1,Destaque: A sua boa entrega das lições de casa.,Destaque: As suas boas notas na Passos Mágicos.,Destaque: A sua boa integração aos Princípios Passos Mágicos.,9.0,0.0,2022,,1,0
RA-836,ALFA G - G2/G3,M,2022,Pública,Ametista,7.6417,,,,9.5,9.6,6.27,6.7,6.7,6.7,,,,8.085,5.0,-2,,,,10.0,0.0,2023,6.875,0,0
RA-836,1J,M,2022,Pública,Agata,6.0234537878,,,,9.502,6.439393939,7.51,2.75,5.5,0.0,,,,6.25,5.0,-1,,,,11.0,1.0,2024,7.34375,,
RA-837,V,M,2022,Escola Pública,Topázio,8.207,83.0,21.0,1.0,8.5,9.0,7.5,8.8,9.2,8.3,,Não,Não,7.5,10.0,0,Destaque: A sua boa entrega das lições de casa.,Destaque: As suas boas notas na Passos Mágicos.,Destaque: A sua boa integração aos Princípios Passos Mágicos.,8.0,0.0,2022,,0,0
RA-837,1G,M,2022,Pública,Topázio,8.2712,,,,9.0,9.3,7.52,7.0,6.3,7.7,,,,7.836666667,10.0,0,,,,9.0,1.0,2023,7.916666667,0,0
RA-837,2G,M,2022,Pública,Ametista,7.9648467391,,,,7.502,9.782608695499999,6.885,6.75,6.0,7.5,,,,7.5825,10.0,0,,,,10.0,2.0,2024,7.03125,,
RA-838,V,M,2022,Escola Pública,Ametista,7.461,330.0,97.0,4.0,10.0,7.4,7.5,6.3,6.6,5.9,,Sim,Sim,9.417,5.0,-1,Melhorar: Melhorar a sua entrega de lições de casa.,Melhorar: Empenhar-se mais nas aulas e avaliações.,Destaque: A sua boa integração aos Princípios Passos Mágicos.,9.0,0.0,2022,,,1
RA-839,V,F,2022,Escola Pública,Quartzo,5.198,811.0,188.0,7.0,0.0,5.1,7.5,5.4,5.8,5.0,,Não,Não,6.583,5.0,-1,Melhorar: Melhorar a sua entrega de lições de casa.,Melhorar: Empenhar-se mais nas aulas e avaliações.,Melhorar: Integrar-se mais aos Princípios Passos Mágicos.,9.0,0.0,2022,,,1
RA-84,K,F,2018,Rede Decisão,Ágata,6.682,596.0,34.0,7.0,7.1,8.8,5.0,5.8,5.7,6.5,5.2,Não,Não,6.75,5.0,-2,Destaque: A sua boa entrega das lições de casa.,Melhorar: Empenhar-se mais nas aulas e avaliações.,Melhorar: Integrar-se mais aos Princípios Passos Mágicos.,17.0,5.0,2022,,0,0
RA-84,6L,F,2018,Privada - Programa de Apadrinhamento,Agata,6.034416667,,,,0.0,8.8,2.52,6.0,6.8,5.8,5.5,,,7.6725,5.0,-2,,,,18.0,6.0,2023,7.8125,,1
RA-840,V,M,2022,Escola Pública,Ametista,7.875,178.0,48.0,2.0,9.0,8.2,7.5,7.8,9.6,5.9,,Não,Não,7.5,10.0,0,Destaque: A sua boa entrega das lições de casa.,Destaque: As suas boas notas na Passos Mágicos.,Destaque: A sua boa integração aos Princípios Passos Mágicos.,8.0,0.0,2022,,1,0
RA-840,ALFA G - G2/G3,M,2022,Pública,Ametista,7.7862,,,,9.5,9.0,4.38,8.2,8.3,8.0,,,,8.59,5.0,-1,,,,9.0,0.0,2023,7.5,0,0
RA-840,1G,M,2022,Pública,Topázio,8.5912909091,,,,9.502,9.337121212,7.51,8.0,7.0,9.0,,,,7.946666667,10.0,0,,,,10.0,1.0,2024,8.333333333,,
RA-841,V,M,2022,Escola Pública,Ametista,7.3,395.0,115.0,5.0,8.5,8.5,7.5,7.2,8.6,5.8,,Não,Não,7.5,5.0,-2,Destaque: A sua boa entrega das lições de casa.,Melhorar: Empenhar-se mais nas aulas e avaliações.,Destaque: A sua boa integração aos Princípios Passos Mágicos.,11.0,0.0,2022,,0,0
RA-841,ALFA G - G2/G3,M,2022,Pública,Agata,6.78,,,,0.0,7.2,7.52,6.9,6.7,7.0,,,,9.84,5.0,-2,,,,11.0,0.0,2023,7.5,0,0
RA-841,2H,M,2022,Pública,Agata,6.035771224300001,,,,10.002,6.3272311215000006,7.51,3.25,4.0,2.5,,,,5.83,5.0,-1,,,,12.0,2.0,2024,7.03125,,
RA-842,Y,F,2022,Escola Pública,Ametista,7.952,154.0,42.0,3.0,7.5,8.3,7.5,9.1,9.1,9.1,,Não,Não,8.25,10.0,0,Destaque: A sua boa entrega das lições de casa.,Destaque: As suas boas notas na Passos Mágicos.,Destaque: A sua boa integração aos Princípios Passos Mágicos.,8.0,0.0,2022,,1,0
RA-842,ALFA E - G2/G3,F,2022,Pública,Ametista,7.2117,,,,9.0,8.5,3.77,7.9,8.2,7.5,,,,8.01,5.0,-1,,,,9.0,0.0,2023,5.625,0,0
RA-842,1G,F,2022,Pública,Ametista,7.072914756400001,,,,8.502,7.549407115,6.26,7.5,6.0,9.0,,,,6.996666667,5.0,-1,,,,10.0,1.0,2024,6.875,,
RA-843,Y,F,2022,Escola Pública,Topázio,8.538,30.0,5.0,1.0,8.5,9.0,7.5,9.2,9.8,8.5,,Sim,Sim,8.417,10.0,0,Destaque: A sua boa entrega das lições de casa.,Destaque: As suas boas notas na Passos Mágicos.,Destaque: A sua boa integração aos Princípios Passos Mágicos.,8.0,0.0,2022,,,1
RA-844,Y,M,2022,Escola Pública,Ágata,6.253,695.0,176.0,10.0,0.0,5.0,8.1,5.9,6.0,5.8,,Sim,Não,8.333,10.0,0,Melhorar: Melhorar a sua entrega de lições de casa.,Melhorar: Empenhar-se mais nas aulas e avaliações.,Destaque: A sua boa integração aos Princípios Passos Mágicos.,8.0,0.0,2022,,,1
RA-845,Y,F,2022,Escola Pública,Topázio,8.491,35.0,7.0,2.0,10.0,8.8,7.5,8.7,9.1,8.3,,Não,Sim,8.417,10.0,0,Destaque: A sua boa entrega das lições de casa.,Destaque: As suas boas notas na Passos Mágicos.,Destaque: A sua boa integração aos Princípios Passos Mágicos.,8.0,0.0,2022,,,1
RA-846,Y,F,2022,Escola Pública,Ametista,7.412,353.0,105.0,7.0,9.0,7.2,7.5,5.9,7.7,4.0,,Não,Não,7.917,10.0,0,Melhorar: Melhorar a sua entrega de lições de casa.,Melhorar: Empenhar-se mais nas aulas e avaliações.,Destaque: A sua boa integração aos Princípios Passos Mágicos.,7.0,0.0,2022,,0,0
RA-846,ALFA E - G2/G3,F,2022,Pública,Ametista,7.4637,,,,9.5,8.2,3.77,6.0,6.3,5.7,,,,8.67,10.0,0,,,,8.0,0.0,2023,5.625,,1
RA-847,Y,M,2022,Escola Pública,Ágata,6.839,543.0,154.0,9.0,7.9,8.2,4.4,7.7,7.8,7.6,,Não,Não,7.417,5.0,-1,Destaque: A sua boa entrega das lições de casa.,Destaque: As suas boas notas na Passos Mágicos.,Melhorar: Integrar-se mais aos Princípios Passos Mágicos.,9.0,0.0,2022,,1,0
RA-847,ALFA E - G2/G3,M,2022,Pública,Agata,6.5418,,,,7.9,9.1,2.52,7.6,7.5,7.6,,,,5.84,5.0,-2,,,,10.0,0.0,2023,5.0,0,0
RA-847,1D,M,2022,Pública,Quartzo,5.009290909100001,,,,9.002,4.5454545455,5.01,1.0,0.0,2.0,,,,6.245,5.0,-1,,,,11.0,1.0,2024,7.5,,
RA-848,Y,M,2022,Escola Pública,Ametista,7.488,315.0,91.0,6.0,9.5,7.0,7.5,9.0,9.8,8.1,,Não,Não,7.833,5.0,-1,Melhorar: Melhorar a sua entrega de lições de casa.,Destaque: As suas boas notas na Passos Mágicos.,Destaque: A sua boa integração aos Princípios Passos Mágicos.,9.0,0.0,2022,,,1
RA-849,Y,M,2022,Escola Pública,Ametista,7.369,371.0,112.0,8.0,8.5,8.3,7.5,9.1,9.8,8.3,,Não,Não,7.417,5.0,-1,Destaque: A sua boa entrega das lições de casa.,Destaque: As suas boas notas na Passos Mágicos.,Melhorar: Integrar-se mais aos Princípios Passos Mágicos.,9.0,0.0,2022,,,1
RA-85,K,M,2022,Escola Pública,Ágata,6.243,697.0,43.0,10.0,6.7,7.3,5.0,4.3,5.0,3.5,,Não,Não,5.833,10.0,0,Melhorar: Melhorar a sua entrega de lições de casa.,Melhorar: Empenhar-se mais nas aulas e avaliações.,Melhorar: Integrar-se mais aos Princípios Passos Mágicos.,15.0,5.0,2022,,1,0
RA-85,5C,M,2022,Pública,Ametista,7.08435,,,,8.8,8.9,6.27,5.7,5.8,3.8,7.5,,,7.8425,5.0,-1,,,,16.0,5.0,2023,5.9375,1,0
RA-85,5N,M,2022,Pública,Agata,6.999509385733333,,,,8.334,8.668046928999999,3.755,7.666666666666667,9.0,4.5,9.5,,,6.993333333,5.0,-2,,,,17.0,5.0,2024,6.25,,
RA-850,Y,M,2022,Escola Pública,Ametista,7.641,258.0,73.0,4.0,10.0,7.3,7.5,8.5,8.1,8.8,,Não,Não,7.167,10.0,0,Melhorar: Melhorar a sua entrega de lições de casa.,Destaque: As suas boas notas na Passos Mágicos.,Melhorar: Integrar-se mais aos Princípios Passos Mágicos.,8.0,0.0,2022,,1,0
RA-850,ALFA D - G2/G3,M,2022,Pública,Agata,6.06525,,,,0.0,7.9,6.26,7.3,6.8,7.7,,,,6.265,5.0,-1,,,,9.0,0.0,2023,6.5625,0,0
RA-850,1C,M,2022,Pública,Ametista,7.864245454500001,,,,10.002,9.2727272725,6.255,7.75,6.0,9.5,,,,7.92,5.0,-1,,,,10.0,1.0,2024,7.5,,
RA-851,Y,M,2022,Escola Pública,Ametista,7.515,303.0,86.0,5.0,9.0,7.9,7.5,8.3,7.9,8.7,,Não,Não,6.583,10.0,0,Destaque: A sua boa entrega das lições de casa.,Destaque: As suas boas notas na Passos Mágicos.,Melhorar: Integrar-se mais aos Princípios Passos Mágicos.,8.0,0.0,2022,,1,0
RA-851,ALFA E - G2/G3,M,2022,Pública,Agata,6.1683,,,,8.4,7.5,2.52,6.6,6.8,6.3,,,,6.01,5.0,-1,,,,9.0,0.0,2023,5.625,0,0
RA-851,1B,M,2022,Pública,Agata,6.2114602109,,,,9.002,7.3221343875,5.63,6.0,5.0,7.0,,,,5.106666667,5.0,-1,,,,10.0,1.0,2024,5.625,,
RA-852,Z,F,2022,Escola Pública,Quartzo,5.666,767.0,184.0,9.0,9.0,6.8,5.0,2.1,2.5,1.8,,Não,Não,5.5,10.0,0,Melhorar: Melhorar a sua entrega de lições de casa.,Melhorar: Empenhar-se mais nas aulas e avaliações.,Melhorar: Integrar-se mais aos Princípios Passos Mágicos.,7.0,0.0,2022,,,1
RA-853,Z,F,2022,Escola Pública,Topázio,8.616,28.0,3.0,1.0,10.0,9.6,7.5,8.5,8.8,8.2,,Não,Sim,8.5,10.0,0,Destaque: A sua boa entrega das lições de casa.,Destaque: As suas boas notas na Passos Mágicos.,Destaque: A sua boa integração aos Princípios Passos Mágicos.,8.0,0.0,2022,,1,0
RA-853,ALFA J - G2/G3,F,2022,Pública,Ametista,7.8402,,,,10.0,9.5,3.77,7.4,7.2,7.5,,,,9.84,5.0,-1,,,,9.0,0.0,2023,6.25,0,0
RA-853,1G,F,2022,Pública,Ametista,7.986866666600001,,,,8.502,9.5833333335,6.26,6.25,6.5,6.0,,,,7.553333333,10.0,0,,,,10.0,1.0,2024,8.333333333,,
RA-854,Z,F,2022,Escola Pública,Topázio,8.098,116.0,32.0,7.0,8.0,9.0,7.5,9.3,9.5,9.0,,Não,Não,7.167,10.0,0,Destaque: A sua boa entrega das lições de casa.,Destaque: As suas boas notas na Passos Mágicos.,Melhorar: Integrar-se mais aos Princípios Passos Mágicos.,8.0,0.0,2022,,0,0
RA-854,ALFA J - G2/G3,F,2022,Pública,Agata,6.6415,,,,0.0,9.5,3.77,6.0,7.5,4.5,,,,8.01,10.0,0,,,,8.0,0.0,2023,5.625,0,0
RA-854,1G,F,2022,Pública,Ametista,7.826199999900001,,,,9.502,10.0,6.26,7.0,7.0,7.0,,,,6.333333333,10.0,0,,,,9.0,1.0,2024,5.833333333,,
RA-855,Z,F,2022,Escola Pública,Topázio,8.453,41.0,9.0,2.0,10.0,9.6,7.5,9.7,9.7,9.6,,Não,Sim,9.0,5.0,-1,Destaque: A sua boa entrega das lições de casa.,Destaque: As suas boas notas na Passos Mágicos.,Destaque: A sua boa integração aos Princípios Passos Mágicos.,9.0,0.0,2022,,0,0
RA-855,1F,F,2022,Pública,Topázio,8.62995,,,,9.5,10.0,7.52,6.8,5.2,8.3,,,,8.67,10.0,0,,,,9.0,1.0,2023,8.4375,0,0
RA-855,2I,F,2022,Pública,Topázio,8.578533333400001,,,,9.002,10.0,7.51,8.5,9.0,8.0,,,,7.386666667,10.0,0,,,,10.0,2.0,2024,7.5,,
RA-856,Z,M,2022,Escola Pública,Topázio,8.398,48.0,10.0,3.0,10.0,9.1,7.5,8.4,8.5,8.2,,Não,Não,8.0,10.0,0,Destaque: A sua boa entrega das lições de casa.,Destaque: As suas boas notas na Passos Mágicos.,Destaque: A sua boa integração aos Princípios Passos Mágicos.,7.0,0.0,2022,,0,0
RA-856,ALFA J - G2/G3,M,2022,Pública,Ametista,7.3355,,,,0.0,9.6,7.52,7.3,7.5,7.0,,,,8.255,10.0,0,,,,8.0,0.0,2023,5.625,,1
RA-857,Z,F,2022,Escola Pública,Topázio,8.154,97.0,27.0,5.0,8.5,8.9,7.5,9.5,9.6,9.3,,Não,Sim,9.083,5.0,-1,Destaque: A sua boa entrega das lições de casa.,Destaque: As suas boas notas na Passos Mágicos.,Destaque: A sua boa integração aos Princípios Passos Mágicos.,9.0,0.0,2022,,0,0
RA-857,ALFA D - G2/G3,F,2022,Pública,Topázio,8.1442,,,,8.5,9.0,7.52,8.5,8.7,8.2,,,,9.01,5.0,-1,,,,9.0,0.0,2023,7.5,,1
RA-858,Z,M,2022,Escola Pública,Ametista,7.523,301.0,84.0,8.0,10.0,7.1,5.6,7.7,8.4,6.9,,Não,Não,7.333,10.0,0,Melhorar: Melhorar a sua entrega de lições de casa.,Destaque: As suas boas notas na Passos Mágicos.,Melhorar: Integrar-se mais aos Princípios Passos Mágicos.,7.0,0.0,2022,,0,0
RA-858,ALFA F - G0/G1,M,2022,Pública,Ametista,7.248833333,,,,0.0,8.1,3.77,9.3,9.3,9.2,,,,7.946666667,10.0,0,,,,8.0,0.0,2023,8.125,1,0
RA-858,ALFA J - G2/G3,M,2022,Pública,Agata,6.917866666700001,,,,9.002,6.833333333500001,2.51,8.25,10.0,6.5,,,,7.5,5.0,-1,,,,9.0,0.0,2024,7.5,,
RA-859,Z,F,2022,Escola Pública,Topázio,8.325,58.0,15.0,4.0,8.5,8.7,7.5,8.9,9.4,8.4,,Não,Não,8.25,10.0,0,Destaque: A sua boa entrega das lições de casa.,Destaque: As suas boas notas na Passos Mágicos.,Destaque: A sua boa integração aos Princípios Passos Mágicos.,7.0,0.0,2022,,0,0
RA-859,ALFA J - G2/G3,F,2022,Pública,Topázio,8.6042,,,,8.0,9.2,7.52,7.3,6.8,7.8,,,,10.01,10.0,0,,,,8.0,0.0,2023,7.5,0,0
RA-859,1G,F,2022,Pública,Topázio,8.5817909091,,,,8.002,9.337121212,7.51,8.0,8.0,8.0,,,,8.336666667,10.0,0,,,,9.0,1.0,2024,8.958333333,,
RA-86,K,M,2016,Rede Decisão,Ametista,7.566,286.0,18.0,3.0,7.5,9.6,5.6,6.7,6.2,7.2,6.9,Não,Sim,8.458,5.0,-1,Destaque: A sua boa entrega das lições de casa.,Melhorar: Empenhar-se mais nas aulas e avaliações.,Destaque: A sua boa integração aos Princípios Passos Mágicos.,16.0,5.0,2022,,0,0
RA-86,7E,M,2016,Privada *Parcerias com Bolsa 100%,,,,,,8.3,,6.89,,,,,,,,10.0,0,,,,17.0,7.0,2023,,0,0
RA-86,7E,M,2021,Privada *Parcerias com Bolsa 100%,Ametista,7.611233333266666,,,,6.667,9.704333333,6.57,5.483333333333333,6.35,6.3,3.8,,,7.5,10.0,0,,,,18.0,7.0,2024,7.5,,
RA-860,Z,M,2022,Escola Pública,Topázio,8.136,104.0,29.0,6.0,9.5,8.5,7.5,8.1,8.9,7.2,,Não,Não,7.75,10.0,0,Destaque: A sua boa entrega das lições de casa.,Destaque: As suas boas notas na Passos Mágicos.,Destaque: A sua boa integração aos Princípios Passos Mágicos.,7.0,0.0,2022,,0,0
RA-860,ALFA G - G2/G3,M,2022,Pública,Topázio,8.2372,,,,7.0,9.8,6.89,7.4,7.2,7.5,,,,8.34,10.0,0,,,,8.0,0.0,2023,7.5,0,0
RA-860,1G,M,2022,Pública,Topázio,8.7738666667,,,,9.002,9.7916666665,7.51,8.5,8.0,9.0,,,,7.946666667,10.0,0,,,,9.0,1.0,2024,8.75,,
RA-861,ALFA A - G0/G1,F,2023,Pública,Topázio,9.31095,,,,9.5,10.0,8.13,9.6,9.8,9.4,,,,8.92,10.0,0,,,,8.0,0.0,2023,8.4375,1,0
RA-861,ALFA B - G2/G3,F,2023,Pública,Topázio,8.959700000000002,,,,9.502,10.0,7.51,10.0,10.0,10.0,,,,9.73,5.0,-1,,,,9.0,0.0,2024,8.125,,
RA-862,ALFA A - G0/G1,M,2023,Pública,Topázio,8.2212,,,,8.5,9.1,8.14,8.9,8.5,9.2,,,,8.585,5.0,-1,,,,9.0,0.0,2023,7.5,1,0
RA-862,ALFA B - G2/G3,M,2023,Pública,Ametista,7.346677272700001,,,,9.002,8.6136363635,7.51,7.5,10.0,5.0,,,,6.27,5.0,-2,,,,10.0,0.0,2024,7.1875,,
RA-863,ALFA A - G0/G1,M,2023,Pública,Quartzo,5.92975,,,,0.0,7.6,3.14,6.3,7.0,5.5,,,,6.26,10.0,0,,,,7.0,0.0,2023,5.9375,1,0
RA-863,ALFA E - G2/G3,M,2023,Pública,Quartzo,4.6684348484000004,,,,8.502,3.159090909,2.51,5.5,10.0,1.0,,,,4.333333333,5.0,-1,,,,8.0,0.0,2024,4.6875,,
RA-864,ALFA A - G0/G1,F,2023,Pública,Ametista,7.034,,,,0.0,7.6,8.14,6.3,7.0,5.5,,,,8.5,10.0,0,,,,8.0,0.0,2023,7.5,,1
RA-865,ALFA A - G0/G1,M,2023,Pública,Topázio,8.1552,,,,8.5,8.7,7.52,7.4,7.3,7.5,,,,7.915,10.0,0,,,,8.0,0.0,2023,7.5,,1
RA-866,ALFA A - G0/G1,F,2023,Pública,Ametista,7.679,,,,0.0,8.3,8.76,8.6,8.2,8.9,,,,8.415,10.0,0,,,,7.0,0.0,2023,7.5,,1
RA-867,ALFA A - G0/G1,M,2023,Pública,Topázio,8.6992,,,,9.0,8.6,8.76,8.9,8.7,9.0,,,,8.415,10.0,0,,,,8.0,0.0,2023,7.5,1,0
RA-867,ALFA B - G2/G3,M,2023,Pública,Ametista,7.583018181800001,,,,9.002,7.409090909,7.51,8.5,10.0,7.0,,,,7.5,5.0,-1,,,,9.0,0.0,2024,7.5,,
RA-868,ALFA A - G0/G1,M,2023,Pública,Topázio,8.63895,,,,10.0,9.5,8.76,7.1,7.8,6.3,,,,8.67,10.0,0,,,,7.0,0.0,2023,7.1875,1,0
RA-868,ALFA A - G0/G1,M,2023,Pública,Ametista,7.156366666600001,,,,8.002,9.75,3.76,7.0,8.0,6.0,,,,7.213333333,5.0,-1,,,,8.0,0.0,2024,6.875,,
RA-869,ALFA A - G0/G1,F,2023,Pública,Topázio,9.2587,,,,9.0,10.0,8.76,9.6,9.8,9.4,,,,8.75,10.0,0,,,,8.0,0.0,2023,8.125,,1
RA-87,K,M,2021,Rede Decisão,Topázio,8.712,15.0,6.0,1.0,8.3,9.6,7.5,8.8,8.3,8.0,10.0,Não,Sim,8.5,10.0,0,Destaque: A sua boa entrega das lições de casa.,Destaque: As suas boas notas na Passos Mágicos.,Destaque: A sua boa integração aos Princípios Passos Mágicos.,15.0,5.0,2022,,0,0
RA-87,6L,M,2021,Privada - Programa de Apadrinhamento,Topázio,8.6625,,,,7.5,10.0,5.63,9.3,9.5,8.7,9.7,,,8.385,10.0,0,,,,16.0,6.0,2023,8.125,0,0
RA-87,7A,M,2021,Privada - Programa de Apadrinhamento,Topázio,9.437924561333332,,,,8.751,9.649122807,9.375,9.166666666666666,10.0,7.5,10.0,,,9.623333333,10.0,1,,,,17.0,7.0,2024,9.375,,
RA-870,ALFA A - G0/G1,F,2023,Pública,Quartzo,4.909,,,,0.0,8.5,8.76,1.5,2.0,1.0,,,,5.165,5.0,-1,,,,9.0,0.0,2023,5.0,,1
RA-871,ALFA B - G2/G3,M,2023,Pública,Agata,6.8617,,,,9.0,9.5,3.76,6.9,6.8,7.0,,,,6.84,5.0,-1,,,,9.0,0.0,2023,4.375,0,0
RA-871,1B,M,2023,Pública,Ametista,7.2917293147999995,,,,8.502,9.328063240999999,4.38,7.25,6.0,8.5,,,,5.783333333,10.0,0,,,,10.0,1.0,2024,5.3125,,
RA-872,ALFA B - G2/G3,F,2023,Pública,Quartzo,5.267,,,,0.0,6.7,2.52,4.3,5.5,3.0,,,,8.5,5.0,-2,,,,10.0,0.0,2023,6.25,,1
RA-873,ALFA B - G2/G3,F,2023,Pública,Ametista,7.8012,,,,8.5,9.7,7.52,7.0,7.2,6.8,,,,8.67,5.0,-2,,,,11.0,0.0,2023,6.25,0,0
RA-873,1B,F,2023,Pública,Ametista,7.61095,,,,8.002,10.0,6.88,6.75,7.0,6.5,,,,7.77,5.0,-2,,,,12.0,1.0,2024,7.1875,,
RA-874,ALFA B - G2/G3,M,2023,Pública,Quartzo,5.811,,,,0.0,8.2,7.52,4.8,6.3,3.3,,,,6.67,5.0,-1,,,,9.0,0.0,2023,6.25,0,0
RA-874,1E,M,2023,Pública,Ametista,7.0235939394,,,,9.502,4.696969697,6.26,7.75,6.0,9.5,,,,7.915,5.0,-1,,,,10.0,1.0,2024,8.75,,
RA-875,ALFA B - G2/G3,M,2023,Pública,Topázio,8.2712,,,,9.5,9.5,7.52,7.3,7.0,7.5,,,,9.845,5.0,-1,,,,9.0,0.0,2023,7.5,,1
RA-876,ALFA B - G2/G3,M,2023,Pública,Topázio,8.6492,,,,10.0,9.4,7.52,7.5,7.3,7.7,,,,8.835,10.0,0,,,,8.0,0.0,2023,7.5,0,0
RA-876,1K,M,2023,Pública,Ametista,7.612057142800001,,,,8.502,9.0476190475,7.51,3.75,7.5,0.0,,,,8.09,10.0,0,,,,9.0,1.0,2024,8.333333333,,
RA-877,ALFA B - G2/G3,M,2023,Pública,Ametista,7.4722,,,,9.5,9.5,7.52,6.9,7.5,6.2,,,,7.5,5.0,-1,,,,9.0,0.0,2023,5.0,,1
RA-878,ALFA B - G2/G3,M,2023,Pública,Agata,6.24,,,,0.0,9.5,2.52,8.1,8.0,8.2,,,,7.34,5.0,-2,,,,10.0,0.0,2023,5.0,0,0
RA-878,1B,M,2023,Pública,Agata,6.5335560606000005,,,,9.002,6.1363636360000005,4.38,6.75,6.0,7.5,,,,6.996666667,5.0,-1,,,,11.0,1.0,2024,7.1875,,
RA-879,ALFA B - G2/G3,F,2023,Pública,Agata,6.8225,,,,0.0,9.8,2.52,8.2,8.2,8.2,,,,8.915,5.0,-1,,,,9.0,0.0,2023,6.875,0,0
RA-879,1A,F,2023,Pública,Topázio,8.1096318182,,,,9.502,9.090909091,6.26,8.5,8.0,9.0,,,,8.67,5.0,-1,,,,10.0,1.0,2024,7.8125,,
RA-88,K,M,2021,Escola Pública,Ametista,7.498,312.0,21.0,4.0,7.1,9.2,5.6,6.5,6.8,6.2,6.4,Sim,Sim,9.208,5.0,-2,Destaque: A sua boa entrega das lições de casa.,Melhorar: Empenhar-se mais nas aulas e avaliações.,Destaque: A sua boa integração aos Princípios Passos Mágicos.,17.0,5.0,2022,,0,0
RA-88,8E,M,2021,Privada - Pagamento por *Empresa Parceira,,,,,,,,,,,,,,,,10.0,0,,,,18.0,8.0,2023,,0,0
RA-88,8E,M,2021,Privada *Parcerias com Bolsa 100%,,,,,,,0.0,,,,,,,,,10.0,0,,,,19.0,8.0,2024,,,
RA-880,ALFA B - G2/G3,F,2023,Pública,Agata,6.724,,,,0.0,9.4,2.52,6.3,6.3,6.2,,,,8.585,10.0,0,,,,7.0,0.0,2023,6.25,1,0
RA-880,ALFA E - G2/G3,F,2023,Pública,Agata,6.853080434800001,,,,9.502,8.445652174,2.51,6.5,7.5,5.5,,,,7.22,5.0,-1,,,,8.0,0.0,2024,7.1875,,
RA-881,ALFA B - G2/G3,M,2023,Pública,Ametista,7.7322,,,,10.0,8.9,7.52,7.3,7.5,7.0,,,,6.25,10.0,0,,,,8.0,0.0,2023,5.0,,1
RA-882,ALFA C - G0/G1,F,2023,Pública,Agata,6.0092,,,,9.0,8.6,2.52,4.7,4.8,4.5,,,,4.16,10.0,0,,,,8.0,0.0,2023,3.75,,1
RA-883,ALFA C - G0/G1,F,2023,Pública,Topázio,8.5082,,,,9.5,9.7,6.89,8.4,8.0,8.7,,,,8.17,10.0,0,,,,8.0,0.0,2023,6.25,,1
RA-884,ALFA C - G0/G1,F,2023,Pública,Topázio,8.4587,,,,9.0,9.7,4.39,8.8,8.4,9.2,,,,8.66,10.0,0,,,,7.0,0.0,2023,6.875,1,0
RA-884,ALFA B - G2/G3,F,2023,Pública,Topázio,8.0345030302,,,,10.002,8.818181818,6.26,8.75,10.0,7.5,,,,8.223333333,5.0,-1,,,,8.0,0.0,2024,7.5,,
RA-885,ALFA C - G0/G1,M,2023,Pública,Topázio,8.8252,,,,9.0,9.8,7.52,8.7,8.5,8.8,,,,8.665,10.0,0,,,,7.0,0.0,2023,7.5,1,0
RA-885,ALFA D - G2/G3,M,2023,Pública,Topázio,8.2072,,,,8.502,10.0,7.51,8.5,10.0,7.0,,,,8.28,5.0,-1,,,,9.0,0.0,2024,7.5,,
RA-886,ALFA C - G0/G1,F,2023,Pública,Topázio,8.6422,,,,8.5,9.4,7.52,8.1,7.6,8.5,,,,9.0,10.0,0,,,,7.0,0.0,2023,7.5,1,0
RA-886,ALFA E - G2/G3,F,2023,Pública,Topázio,8.419200000000002,,,,9.502,10.0,8.13,8.75,9.0,8.5,,,,8.28,5.0,-1,,,,8.0,0.0,2024,7.5,,
RA-887,ALFA C - G0/G1,M,2023,Pública,Topázio,8.6718,,,,8.9,8.9,7.52,8.4,7.8,9.0,,,,9.09,10.0,0,,,,8.0,0.0,2023,7.5,,1
RA-888,ALFA C - G0/G1,M,2023,Pública,Topázio,8.9182,,,,9.0,10.0,7.52,8.8,8.2,9.3,,,,8.83,10.0,0,,,,7.0,0.0,2023,7.5,1,0
RA-888,ALFA D - G2/G3,M,2023,Pública,Topázio,8.1942,,,,9.002,10.0,6.88,8.5,9.0,8.0,,,,8.28,5.0,-1,,,,8.0,0.0,2024,7.5,,
RA-889,ALFA C - G0/G1,M,2023,Pública,Topázio,8.8092,,,,8.5,9.5,6.89,9.1,8.7,9.5,,,,9.0,10.0,0,,,,8.0,0.0,2023,7.5,1,0
RA-889,ALFA B - G2/G3,M,2023,Pública,Topázio,8.191290909100001,,,,8.502,9.2954545455,6.26,9.75,10.0,9.5,,,,8.28,5.0,-1,,,,9.0,0.0,2024,7.5,,
RA-89,K,M,2021,Escola Pública,Ametista,7.323,383.0,24.0,5.0,9.6,7.8,7.5,5.9,7.5,5.7,4.7,Sim,Não,8.0,5.0,-1,Destaque: A sua boa entrega das lições de casa.,Melhorar: Empenhar-se mais nas aulas e avaliações.,Destaque: A sua boa integração aos Princípios Passos Mágicos.,16.0,5.0,2022,,0,0
RA-89,6L,M,2021,Pública,Agata,6.700775,,,,8.3,8.1,5.0,5.1,6.3,2.3,6.7,,,7.465,5.0,-1,,,,17.0,6.0,2023,7.34375,,1
RA-890,ALFA C - G0/G1,M,2023,Pública,Agata,6.989,,,,0.0,9.1,2.52,8.3,8.0,8.6,,,,8.16,10.0,0,,,,8.0,0.0,2023,6.25,,1
RA-891,ALFA C - G0/G1,F,2023,Pública,Ametista,7.8882,,,,9.5,9.5,6.89,7.5,6.2,8.8,,,,7.995,5.0,-1,,,,9.0,0.0,2023,7.5,0,0
RA-891,ALFA B - G2/G3,F,2023,Pública,Topázio,8.035957575700001,,,,10.002,9.0454545455,6.26,8.75,10.0,7.5,,,,8.003333333,5.0,-1,,,,10.0,0.0,2024,7.5,,
RA-892,ALFA D - G2/G3,M,2023,Pública,Topázio,8.8112,,,,8.0,9.6,6.89,8.3,8.5,8.0,,,,10.01,10.0,0,,,,8.0,0.0,2023,7.5,0,0
RA-892,1C,M,2023,Pública,Topázio,8.697700000000001,,,,8.002,10.0,7.51,8.75,10.0,7.5,,,,7.92,10.0,0,,,,9.0,1.0,2024,8.125,,
RA-893,ALFA D - G2/G3,M,2023,Pública,Topázio,8.8042,,,,9.5,10.0,7.52,9.3,9.5,9.0,,,,10.01,5.0,-1,,,,9.0,0.0,2023,7.5,0,0
RA-893,1B,M,2023,Pública,Topázio,8.8910333334,,,,9.002,10.0,7.51,9.25,10.0,8.5,,,,7.886666667,10.0,0,,,,10.0,1.0,2024,8.125,,
RA-894,ALFA D - G2/G3,F,2023,Pública,Topázio,8.8142,,,,9.5,9.9,7.52,9.4,9.3,9.5,,,,10.01,5.0,-1,,,,9.0,0.0,2023,7.5,0,0
RA-894,1C,F,2023,Pública,Topázio,8.67895,,,,10.002,10.0,7.51,9.5,9.0,10.0,,,,8.42,5.0,-1,,,,10.0,1.0,2024,8.4375,,
RA-895,ALFA D - G2/G3,F,2023,Pública,Topázio,8.5397,,,,9.5,9.5,7.52,6.8,6.8,6.7,,,,9.5,10.0,0,,,,8.0,0.0,2023,6.875,1,0
RA-895,ALFA B - G2/G3,F,2023,Pública,Topázio,8.2579575757,,,,9.502,9.5454545455,6.26,9.5,10.0,9.0,,,,8.113333333,5.0,-1,,,,9.0,0.0,2024,7.5,,
RA-896,ALFA D - G2/G3,M,2023,Pública,Topázio,9.0912,,,,9.5,10.0,6.89,8.5,9.0,8.0,,,,10.01,10.0,0,,,,7.0,0.0,2023,7.5,0,0
RA-896,1C,M,2023,Pública,Topázio,8.2852454545,,,,8.502,9.7727272725,7.51,6.5,6.5,6.5,,,,8.085,10.0,0,,,,8.0,1.0,2024,8.125,,
RA-897,ALFA D - G2/G3,M,2023,Pública,Quartzo,5.48225,,,,0.0,8.1,7.52,6.5,7.2,5.7,,,,3.32,5.0,-1,,,,9.0,0.0,2023,6.5625,0,0
RA-897,ALFA I - G2/G3,M,2023,Pública,Quartzo,5.2212050505,,,,7.002,2.7525252525,2.51,6.0,5.5,6.5,,,,6.66,5.0,-1,,,,10.0,0.0,2024,6.875,,
RA-898,ALFA E - G2/G3,M,2023,Pública,Topázio,8.4217,,,,9.0,9.8,3.77,9.4,9.7,9.0,,,,10.01,5.0,-1,,,,9.0,0.0,2023,8.125,0,0
RA-898,1B,M,2023,Pública,Ametista,7.8661333334000005,,,,6.418,10.0,7.51,7.5,9.0,6.0,,,,8.616666667,5.0,-1,,,,10.0,1.0,2024,7.5,,
RA-899,ALFA E - G2/G3,M,2023,Pública,Topázio,8.8452,,,,10.0,9.8,3.77,9.5,9.3,9.6,,,,9.34,10.0,0,,,,8.0,0.0,2023,7.5,0,0
RA-899,1B,M,2023,Pública,Topázio,8.425024769300002,,,,10.002,9.1007905135,5.635,8.25,8.0,8.5,,,,7.893333333,10.0,0,,,,9.0,1.0,2024,8.125,,
RA-9,A,F,2019,Escola Pública,Topázio,8.109,113.0,1.0,1.0,8.8,9.5,7.5,6.7,5.5,6.0,8.7,Sim,Sim,9.5,5.0,-1,Destaque: A sua boa entrega das lições de casa.,Melhorar: Empenhar-se mais nas aulas e avaliações.,Destaque: A sua boa integração aos Princípios Passos Mágicos.,18.0,7.0,2022,,,1
RA-90,L,F,2019,Rede Decisão,Topázio,9.442,1.0,1.0,1.0,10.0,9.7,9.4,8.5,7.7,8.0,9.8,Não,Sim,9.75,10.0,2,Destaque: A sua boa entrega das lições de casa.,Destaque: As suas boas notas na Passos Mágicos.,Destaque: A sua boa integração aos Princípios Passos Mágicos.,13.0,5.0,2022,,1,0
RA-90,5L,F,2019,Privada - Programa de Apadrinhamento,Topázio,8.699408333,,,,10.0,9.6,7.52,7.7,6.7,6.8,9.5,,,8.1725,10.0,1,,,,14.0,5.0,2023,8.59375,0,0
RA-90,7E,F,2021,Privada *Parcerias com Bolsa 100%,Topázio,8.352033333333335,,,,10.002,9.0,6.885,8.066666666666666,7.7,8.3,8.2,,,7.5,10.0,2,,,,15.0,7.0,2024,7.5,,
RA-900,ALFA E - G2/G3,F,2023,Pública,Topázio,8.8947,,,,9.0,9.8,9.38,7.8,8.0,7.5,,,,8.67,10.0,0,,,,8.0,0.0,2023,8.125,0,0
RA-900,1B,F,2023,Pública,Topázio,8.802003030200002,,,,9.002,9.318181818,8.13,8.5,8.0,9.0,,,,8.563333333,10.0,0,,,,9.0,1.0,2024,8.125,,
RA-901,ALFA E - G2/G3,M,2023,Pública,Ametista,7.3112,,,,8.5,8.7,3.77,7.5,7.7,7.3,,,,8.595,5.0,-2,,,,10.0,0.0,2023,6.25,,1
RA-902,ALFA E - G2/G3,M,2023,Pública,Quartzo,5.97345,,,,10.0,9.3,2.52,3.9,4.5,3.3,,,,6.5,2.5,-3,,,,12.0,0.0,2023,5.3125,,1
RA-903,ALFA E - G2/G3,F,2023,Pública,Topázio,8.5242,,,,10.0,9.6,5.02,7.8,7.7,7.8,,,,9.01,10.0,0,,,,8.0,0.0,2023,7.5,0,0
RA-903,1B,F,2023,Pública,Topázio,8.0758287879,,,,10.002,9.7727272725,7.505,5.0,6.0,4.0,,,,7.946666667,10.0,0,,,,9.0,1.0,2024,7.8125,,
RA-904,ALFA F - G0/G1,F,2023,Pública,Topázio,8.140783333,,,,9.0,9.3,7.52,6.4,6.0,6.8,,,,7.836666667,10.0,0,,,,7.0,0.0,2023,7.8125,1,0
RA-904,ALFA F - G0/G1,F,2023,Pública,Ametista,7.6352,,,,9.502,8.75,7.51,6.0,6.0,6.0,,,,8.67,5.0,-1,,,,8.0,0.0,2024,7.5,,
RA-905,ALFA F - G0/G1,M,2023,Pública,Ametista,7.831033333,,,,9.5,9.4,7.52,8.3,7.5,9.0,,,,7.056666667,5.0,-1,,,,9.0,0.0,2023,6.875,1,0
RA-905,ALFA J - G2/G3,M,2023,Pública,Agata,6.3925823529,,,,9.002,7.7794117645,7.51,3.0,2.0,4.0,,,,6.99,5.0,-2,,,,10.0,0.0,2024,6.875,,
RA-906,ALFA F - G0/G1,M,2023,Pública,Topázio,8.1922,,,,7.5,9.2,7.52,8.6,7.7,9.4,,,,6.95,10.0,0,,,,8.0,0.0,2023,7.5,,1
RA-907,ALFA F - G0/G1,F,2023,Privada,Topázio,8.962033333,,,,9.5,9.6,7.52,9.3,9.2,9.4,,,,8.336666667,10.0,0,,,,8.0,0.0,2023,8.125,1,0
RA-907,ALFA J - G2/G3,F,2023,Privada,Ametista,7.9400888889,,,,9.002,8.9444444445,7.51,8.75,10.0,7.5,,,,7.5,5.0,-1,,,,9.0,0.0,2024,7.5,,
RA-908,ALFA F - G0/G1,F,2023,Pública,Topázio,8.479366667,,,,9.0,9.0,7.52,7.9,6.7,9.0,,,,8.223333333,10.0,0,,,,8.0,0.0,2023,8.125,1,0
RA-908,ALFA I - G2/G3,F,2023,Pública,Agata,6.764292246,,,,8.502,8.14171123,7.51,4.75,3.0,6.5,,,,6.83,5.0,-1,,,,9.0,0.0,2024,7.1875,,
RA-909,ALFA F - G0/G1,F,2023,Pública,Topázio,8.486033333,,,,10.0,9.9,7.52,9.2,9.1,9.2,,,,8.056666667,5.0,-2,,,,10.0,0.0,2023,8.125,0,0
RA-909,ALFA J - G2/G3,F,2023,Pública,Ametista,7.722033333300001,,,,10.002,8.1666666665,7.51,8.25,10.0,6.5,,,,7.5,5.0,-2,,,,11.0,0.0,2024,6.875,,
RA-91,L,F,2016,Rede Decisão,Ágata,6.645,608.0,36.0,8.0,9.2,5.7,5.6,6.6,5.5,5.7,8.5,Não,Não,7.125,5.0,-1,Melhorar: Melhorar a sua entrega de lições de casa.,Melhorar: Empenhar-se mais nas aulas e avaliações.,Melhorar: Integrar-se mais aos Princípios Passos Mágicos.,16.0,5.0,2022,,0,0
RA-91,6L,F,2016,Privada - Programa de Apadrinhamento,Ametista,7.42395,,,,10.0,7.4,6.89,7.4,9.5,5.0,7.7,,,7.4675,5.0,-1,,,,17.0,6.0,2023,7.8125,0,0
RA-91,6L,F,2021,Privada - Programa de Apadrinhamento,Ametista,7.426704761933335,,,,10.002,7.476190476333334,5.635,7.333333333333333,9.0,4.0,9.0,,,8.068,5.0,-1,,,,18.0,6.0,2024,7.875,,
RA-910,ALFA F - G0/G1,M,2023,Pública,Ametista,7.801,,,,0.0,8.8,7.52,8.9,8.8,9.0,,,,8.17,10.0,0,,,,8.0,0.0,2023,8.75,0,0
RA-910,1G,M,2023,Pública,Topázio,8.1163818182,,,,8.502,8.674242424500001,7.51,7.5,9.0,6.0,,,,7.443333333,10.0,0,,,,9.0,1.0,2024,7.916666667,,
RA-911,ALFA G - G2/G3,M,2023,Pública,Quartzo,5.59545,,,,9.0,6.7,2.52,3.4,3.7,3.0,,,,7.01,5.0,-2,,,,11.0,0.0,2023,5.3125,0,0
RA-911,1G,M,2023,Pública,Quartzo,5.4552454547,,,,8.002,4.772727273,7.51,4.5,5.0,4.0,,,,4.726666667,5.0,-2,,,,12.0,1.0,2024,6.041666667,,
RA-912,ALFA G - G2/G3,F,2023,Pública,Ametista,7.0797,,,,7.0,9.4,7.52,6.3,6.2,6.3,,,,7.175,5.0,-1,,,,9.0,0.0,2023,5.625,1,0
RA-912,ALFA G - G2/G3,F,2023,Pública,Ametista,7.697103508700001,,,,9.002,9.4736842105,7.51,7.25,7.0,7.5,,,,6.943333333,5.0,-2,,,,10.0,0.0,2024,8.125,,
RA-913,ALFA H - G0/G1,F,2023,Pública,Ametista,7.7432,,,,8.0,8.5,6.89,7.9,9.5,6.3,,,,9.245,5.0,-2,,,,10.0,0.0,2023,6.25,,1
RA-914,ALFA H - G0/G1,F,2023,Pública,Topázio,8.6912,,,,10.0,9.2,7.52,8.7,9.0,8.4,,,,8.67,10.0,0,,,,8.0,0.0,2023,6.25,,1
RA-915,ALFA H - G0/G1,F,2023,Pública,Topázio,8.5962,,,,10.0,8.4,7.52,8.4,8.1,8.7,,,,8.67,10.0,0,,,,8.0,0.0,2023,7.5,,1
RA-916,ALFA H - G0/G1,F,2023,Pública,Ametista,7.3882,,,,9.5,9.7,2.52,6.6,7.7,5.5,,,,9.005,5.0,-1,,,,9.0,0.0,2023,6.25,1,0
RA-916,ALFA I - G2/G3,F,2023,Pública,Quartzo,5.5058531621,,,,8.502,7.3320158105,2.51,2.75,3.5,2.0,,,,6.16,5.0,-2,,,,10.0,0.0,2024,6.5625,,
RA-917,ALFA H - G0/G1,F,2023,Pública,Quartzo,5.987,,,,0.0,7.2,2.52,7.0,5.3,8.7,,,,6.35,10.0,0,,,,7.0,0.0,2023,6.25,,1
RA-918,ALFA H - G0/G1,F,2023,Pública,Ametista,7.4967,,,,10.0,8.7,2.52,7.7,7.1,8.3,,,,7.01,10.0,0,,,,7.0,0.0,2023,5.625,1,0
RA-918,ALFA G - G2/G3,F,2023,Pública,Quartzo,5.657357017600001,,,,7.918,8.697368421,2.51,2.75,1.0,4.5,,,,6.156666667,5.0,-1,,,,8.0,0.0,2024,5.9375,,
RA-919,ALFA H - G0/G1,M,2023,Pública,Agata,6.225,,,,0.0,8.4,7.52,5.3,5.5,5.0,,,,8.09,5.0,-1,,,,9.0,0.0,2023,6.25,1,0
RA-919,ALFA I - G2/G3,M,2023,Pública,Quartzo,5.799702673800001,,,,7.002,4.692513369,6.255,5.25,6.5,4.0,,,,6.49,5.0,-2,,,,10.0,0.0,2024,6.875,,
RA-92,L,F,2016,Rede Decisão,Ágata,6.957,501.0,30.0,7.0,9.2,7.1,5.0,7.4,7.8,5.5,8.8,Não,Não,6.667,5.0,-1,Melhorar: Melhorar a sua entrega de lições de casa.,Melhorar: Empenhar-se mais nas aulas e avaliações.,Melhorar: Integrar-se mais aos Princípios Passos Mágicos.,16.0,5.0,2022,,0,0
RA-92,6L,F,2016,Privada - Programa de Apadrinhamento,Ametista,7.375916667,,,,9.6,9.4,5.63,6.7,8.7,4.8,6.7,,,7.045,5.0,-1,,,,17.0,6.0,2023,7.1875,0,0
RA-92,7A,F,2021,Privada - Programa de Apadrinhamento,Topázio,8.052279017,,,,10.002,8.769145085,7.51,7.5,8.0,5.0,9.5,,,6.33,10.0,0,,,,18.0,7.0,2024,7.8125,,
RA-920,ALFA H - G0/G1,F,2023,Pública,Agata,6.9647,,,,9.0,6.3,7.52,6.1,6.0,6.2,,,,6.35,10.0,0,,,,8.0,0.0,2023,5.625,1,0
RA-920,ALFA G - G2/G3,F,2023,Pública,Ametista,7.7494938597,,,,9.502,7.6710526315,7.51,8.25,9.0,7.5,,,,8.226666667,5.0,-1,,,,9.0,0.0,2024,7.1875,,
RA-921,ALFA I - G2/G3,F,2023,Pública,Ametista,7.7407,,,,9.0,9.7,7.52,6.3,6.5,6.0,,,,6.68,10.0,0,,,,7.0,0.0,2023,5.625,1,0
RA-921,ALFA I - G2/G3,F,2023,Pública,Ametista,7.2838203209,,,,8.502,8.6631016045,7.51,6.0,5.0,7.0,,,,7.5,5.0,-1,,,,8.0,0.0,2024,7.5,,
RA-922,ALFA I - G2/G3,F,2023,Pública,Topázio,8.5262,,,,8.5,9.7,3.14,8.4,8.5,8.2,,,,10.01,10.0,0,,,,8.0,0.0,2023,7.5,0,0
RA-922,1C,F,2023,Pública,Topázio,8.5209954545,,,,9.002,9.5227272725,7.51,7.75,7.5,8.0,,,,8.17,10.0,0,,,,9.0,1.0,2024,7.8125,,
RA-923,ALFA I - G2/G3,F,2023,Pública,Topázio,8.8842,,,,9.5,9.9,7.52,7.3,7.5,7.0,,,,10.01,10.0,0,,,,8.0,0.0,2023,7.5,0,0
RA-923,1D,F,2023,Pública,Ametista,7.688609090900001,,,,8.002,7.9545454545,7.51,5.5,5.0,6.0,,,,8.17,10.0,0,,,,9.0,1.0,2024,8.125,,
RA-924,ALFA I - G2/G3,M,2023,Pública,Agata,6.5207,,,,9.0,5.6,7.52,5.0,5.0,5.0,,,,5.93,10.0,0,,,,8.0,0.0,2023,5.625,1,0
RA-924,ALFA I - G2/G3,M,2023,Pública,Agata,6.4727360962,,,,7.002,4.598930481,7.51,7.0,7.5,6.5,,,,7.415,5.0,-1,,,,9.0,0.0,2024,7.1875,,
RA-925,ALFA I - G2/G3,M,2023,Pública,Ametista,7.1837,,,,9.0,8.9,7.52,5.4,5.2,5.5,,,,5.595,10.0,0,,,,7.0,0.0,2023,5.625,1,0
RA-925,ALFA I - G2/G3,M,2023,Pública,Agata,6.587019518800001,,,,8.002,7.005347594,7.51,4.75,3.0,6.5,,,,7.33,5.0,-1,,,,8.0,0.0,2024,7.1875,,
RA-926,ALFA J - G2/G3,F,2023,Pública,Ametista,7.7792,,,,9.0,10.0,3.77,6.8,6.5,7.0,,,,9.51,5.0,-1,,,,9.0,0.0,2023,7.5,0,0
RA-926,1G,F,2023,Pública,Ametista,7.7830787878,,,,9.002,9.7727272725,7.51,7.0,7.0,7.0,,,,7.22,5.0,-1,,,,10.0,1.0,2024,8.333333333,,
RA-927,ALFA J - G2/G3,F,2023,Pública,Ametista,7.5982,,,,9.0,9.7,3.77,6.4,7.0,5.8,,,,9.255,5.0,-1,,,,9.0,0.0,2023,7.5,0,0
RA-927,1G,F,2023,Pública,Ametista,7.9921696969000005,,,,8.002,9.318181818,7.51,6.5,7.0,6.0,,,,7.22,10.0,0,,,,10.0,1.0,2024,8.333333333,,
RA-928,ALFA K - G0/G1,F,2023,Pública,Topázio,9.3712,,,,8.5,10.0,7.52,9.8,9.8,9.8,,,,9.67,10.0,0,,,,8.0,0.0,2023,8.75,0,0
RA-928,1K,F,2023,Pública,Topázio,8.8733666667,,,,8.002,10.0,7.51,8.75,8.5,9.0,,,,8.59,10.0,0,,,,9.0,1.0,2024,8.541666667,,
RA-929,ALFA K - G0/G1,F,2023,Pública,Topázio,9.1312,,,,8.5,9.8,7.52,8.8,8.7,8.9,,,,9.67,10.0,0,,,,8.0,0.0,2023,8.75,1,0
RA-929,ALFA O - G2/G3,F,2023,Pública,Ametista,7.7244368421,,,,9.002,9.4736842105,7.51,6.75,7.0,6.5,,,,7.58,5.0,-1,,,,9.0,0.0,2024,8.125,,
RA-93,L,F,2016,Rede Decisão,Topázio,8.941,6.0,4.0,3.0,8.3,9.7,8.1,8.5,8.8,8.3,8.4,Não,Sim,9.083,10.0,0,Destaque: A sua boa entrega das lições de casa.,Destaque: As suas boas notas na Passos Mágicos.,Destaque: A sua boa integração aos Princípios Passos Mágicos.,15.0,5.0,2022,,0,0
RA-93,7E,F,2016,Privada - Programa de Apadrinhamento,,,,,,7.9,,3.14,,,,,,,,10.0,1,,,,16.0,7.0,2023,,0,0
RA-93,7E,F,2021,Privada - Programa de Apadrinhamento,Topázio,8.275550000066668,,,,9.168,9.931666667,6.2575,7.483333333333333,6.75,7.2,8.5,,,7.5,10.0,1,,,,17.0,7.0,2024,7.5,,
RA-930,ALFA K - G0/G1,M,2023,Pública,Topázio,8.8872,,,,9.0,8.8,7.52,9.0,8.7,9.3,,,,9.0,10.0,0,,,,8.0,0.0,2023,8.75,1,0
RA-930,ALFA O - G2/G3,M,2023,Pública,Ametista,7.9298184211,,,,8.502,9.7368421055,7.51,8.0,8.0,8.0,,,,7.5,5.0,-1,,,,9.0,0.0,2024,7.8125,,
RA-931,ALFA K - G0/G1,M,2023,Pública,Ametista,7.3747,,,,8.5,8.2,2.52,7.8,7.0,8.5,,,,7.6,10.0,0,,,,8.0,0.0,2023,5.625,1,0
RA-931,ALFA K - G0/G1,M,2023,Pública,Ametista,7.075466666700001,,,,7.918,8.5833333335,2.51,8.5,8.0,9.0,,,,6.83,5.0,-1,,,,9.0,0.0,2024,7.5,,
RA-932,ALFA K - G0/G1,F,2023,Pública,Topázio,8.3847,,,,9.5,7.9,7.52,7.5,6.5,8.4,,,,9.0,10.0,0,,,,7.0,0.0,2023,8.125,,1
RA-933,ALFA K - G0/G1,F,2023,Pública,Topázio,8.6712,,,,9.0,8.4,7.52,7.7,8.0,7.3,,,,9.67,10.0,0,,,,8.0,0.0,2023,8.75,,1
RA-934,ALFA K - G0/G1,F,2023,Pública,Topázio,9.1737,,,,9.0,9.6,7.52,8.7,8.3,9.0,,,,9.67,10.0,0,,,,8.0,0.0,2023,9.375,1,0
RA-934,ALFA L - G2/G3,F,2023,Pública,Topázio,8.338700000000001,,,,9.502,9.75,7.51,8.5,10.0,7.0,,,,7.75,5.0,-1,,,,9.0,0.0,2024,9.375,,
RA-935,ALFA K - G0/G1,M,2023,Pública,Ametista,7.9535,,,,0.0,9.8,7.52,9.4,9.2,9.5,,,,9.67,5.0,-1,,,,9.0,0.0,2023,9.375,0,0
RA-935,ALFA O - G2/G3,M,2023,Pública,Topázio,8.3422,,,,9.502,10.0,7.51,8.5,10.0,7.0,,,,7.83,5.0,-1,,,,10.0,0.0,2024,8.75,,
RA-936,ALFA K - G0/G1,F,2023,Pública,Topázio,8.5477,,,,9.0,10.0,7.52,6.5,5.0,8.0,,,,8.915,10.0,0,,,,8.0,0.0,2023,8.125,,1
RA-937,ALFA K - G0/G1,F,2023,Pública,Topázio,9.3237,,,,9.5,9.6,7.52,9.2,9.0,9.3,,,,9.67,10.0,0,,,,8.0,0.0,2023,9.375,1,0
RA-937,ALFA O - G2/G3,F,2023,Pública,Topázio,8.3792,,,,10.002,10.0,9.38,7.5,8.0,7.0,,,,7.83,5.0,-1,,,,9.0,0.0,2024,8.75,,
RA-938,ALFA K - G0/G1,M,2023,Pública,Agata,6.7372,,,,8.5,8.4,7.52,4.2,0.0,8.3,,,,7.5,5.0,-1,,,,9.0,0.0,2023,6.25,0,0
RA-938,ALFA L - G2/G3,M,2023,Pública,Topázio,8.0056026915,,,,9.502,9.544513457499999,7.51,7.75,10.0,5.5,,,,7.665,5.0,-1,,,,10.0,0.0,2024,8.125,,
RA-939,ALFA L - G2/G3,F,2023,Pública,Ametista,7.9742,,,,9.0,10.0,7.52,5.4,5.0,5.7,,,,10.01,5.0,-2,,,,11.0,0.0,2023,7.5,0,0
RA-939,1N,F,2023,Pública,Ametista,7.051379841899999,,,,9.002,8.8833992095,5.63,5.0,6.0,4.0,,,,7.495,5.0,-1,,,,12.0,1.0,2024,8.125,,
RA-94,L,F,2018,Rede Decisão,Topázio,8.921,7.0,5.0,4.0,8.3,9.6,8.1,7.7,7.0,6.7,9.5,Não,Sim,9.583,10.0,0,Destaque: A sua boa entrega das lições de casa.,Destaque: As suas boas notas na Passos Mágicos.,Destaque: A sua boa integração aos Princípios Passos Mágicos.,15.0,5.0,2022,,1,0
RA-94,5L,F,2018,Privada - Programa de Apadrinhamento,Ametista,7.289333333,,,,7.5,9.6,2.52,7.2,7.7,4.8,9.0,,,7.795,5.0,-1,,,,16.0,5.0,2023,8.75,0,0
RA-94,6L,F,2021,Privada - Programa de Apadrinhamento,Topázio,8.637033333333335,,,,10.002,9.666666666666666,6.26,8.0,7.0,7.0,10.0,,,8.2,10.0,0,,,,17.0,6.0,2024,8.375,,
RA-940,ALFA L - G2/G3,M,2023,Pública,Agata,6.6112,,,,9.0,8.4,2.52,6.3,6.8,5.7,,,,7.02,5.0,-2,,,,11.0,0.0,2023,6.25,,1
RA-941,ALFA L - G2/G3,F,2023,Pública,Ametista,7.6872,,,,8.0,10.0,7.52,5.0,5.0,5.0,,,,8.175,10.0,0,,,,8.0,0.0,2023,5.0,1,0
RA-941,ALFA L - G2/G3,F,2023,Pública,Ametista,7.746700000000001,,,,8.002,9.25,5.01,8.75,10.0,7.5,,,,7.665,5.0,-1,,,,9.0,0.0,2024,8.125,,
RA-942,ALFA L - G2/G3,F,2023,Pública,Agata,6.8547,,,,9.5,8.9,2.52,7.1,7.3,6.8,,,,7.0,5.0,-2,,,,10.0,0.0,2023,5.625,,1
RA-943,ALFA L - G2/G3,F,2023,Pública,Topázio,8.9172,,,,9.5,9.4,7.52,8.0,8.0,8.0,,,,9.925,10.0,0,,,,8.0,0.0,2023,7.5,0,0
RA-943,1L,F,2023,Pública,Topázio,8.965033333300001,,,,10.002,10.0,7.51,8.0,7.0,9.0,,,,8.59,10.0,0,,,,9.0,1.0,2024,8.958333333,,
RA-944,ALFA M - G0/G1,F,2023,Pública,Ametista,7.0687,,,,9.0,7.6,7.52,7.5,9.2,5.8,,,,6.67,5.0,-1,,,,9.0,0.0,2023,5.625,1,0
RA-944,ALFA L - G2/G3,F,2023,Pública,Ametista,7.8262,,,,9.002,7.25,7.51,9.0,10.0,8.0,,,,7.75,5.0,-2,,,,10.0,0.0,2024,8.75,,
RA-945,ALFA M - G0/G1,M,2023,Pública,Topázio,8.0777,,,,8.5,9.2,7.52,7.9,8.0,7.8,,,,6.84,10.0,0,,,,8.0,0.0,2023,6.875,1,0
RA-945,ALFA N - G2/G3,M,2023,Pública,Ametista,7.4195809524000005,,,,9.002,9.511904762,2.51,8.75,10.0,7.5,,,,6.83,5.0,-1,,,,9.0,0.0,2024,7.5,,
RA-946,ALFA M - G0/G1,M,2023,Pública,Topázio,8.5822,,,,9.5,9.4,7.52,9.3,9.0,9.5,,,,7.0,10.0,0,,,,7.0,0.0,2023,7.5,1,0
RA-946,ALFA N - G2/G3,M,2023,Pública,Agata,6.677723809500001,,,,9.502,8.7976190475,2.51,4.5,3.0,6.0,,,,7.835,5.0,-1,,,,8.0,0.0,2024,7.5,,
RA-947,ALFA M - G0/G1,M,2023,Pública,Agata,6.3457,,,,9.0,7.9,7.52,3.3,1.7,4.9,,,,5.08,10.0,0,,,,8.0,0.0,2023,4.375,1,0
RA-947,ALFA M - G0/G1,M,2023,Pública,Agata,6.053509523800001,,,,9.002,7.619047619,7.51,4.5,4.0,5.0,,,,4.58,5.0,-1,,,,9.0,0.0,2024,5.625,,
RA-948,ALFA M - G0/G1,F,2023,Pública,Agata,6.5277,,,,9.0,7.6,7.52,0.0,0.0,0.0,,,,8.34,10.0,0,,,,8.0,0.0,2023,6.875,,1
RA-949,ALFA M - G0/G1,F,2023,Pública,Topázio,8.0172,,,,9.5,8.1,7.52,8.9,9.1,8.6,,,,6.5,10.0,0,,,,8.0,0.0,2023,6.25,1,0
RA-949,ALFA N - G2/G3,F,2023,Pública,Ametista,7.1323428571,,,,9.002,8.7857142855,7.51,6.5,6.0,7.0,,,,6.495,5.0,-1,,,,9.0,0.0,2024,6.25,,
RA-95,L,F,2022,Escola Pública,Ágata,6.308,685.0,41.0,9.0,8.3,6.6,7.5,4.8,6.0,8.0,0.5,Não,Não,6.292,5.0,-2,Melhorar: Melhorar a sua entrega de lições de casa.,Melhorar: Empenhar-se mais nas aulas e avaliações.,Melhorar: Integrar-se mais aos Princípios Passos Mágicos.,17.0,5.0,2022,,,1
RA-950,ALFA M - G0/G1,F,2023,Pública,Topázio,8.8862,,,,9.0,10.0,7.52,9.3,9.5,9.0,,,,8.17,10.0,0,,,,8.0,0.0,2023,7.5,1,0
RA-950,ALFA N - G2/G3,F,2023,Pública,Ametista,7.693461904800001,,,,9.502,9.023809524,7.51,7.0,7.5,6.5,,,,8.0,5.0,-1,,,,9.0,0.0,2024,6.875,,
RA-951,ALFA M - G0/G1,F,2023,Pública,Topázio,8.8902,,,,9.5,9.7,7.52,8.4,8.5,8.3,,,,9.09,10.0,0,,,,7.0,0.0,2023,7.5,1,0
RA-951,ALFA N - G2/G3,F,2023,Privada,Agata,6.4483428571,,,,10.002,9.0357142855,2.51,4.0,5.0,3.0,,,,7.325,5.0,-1,,,,8.0,0.0,2024,6.25,,
RA-952,ALFA N - G2/G3,M,2023,Pública,Topázio,8.37095,,,,9.5,9.2,3.77,9.0,8.8,9.2,,,,8.425,10.0,0,,,,8.0,0.0,2023,7.1875,0,0
RA-952,1N,M,2023,Pública,Topázio,8.853624242300002,,,,9.502,9.545454545,6.26,8.5,8.0,9.0,,,,9.175,10.0,0,,,,9.0,1.0,2024,8.333333333,,
RA-953,ALFA N - G2/G3,F,2023,Pública,Ametista,7.54005,,,,7.4,8.8,3.14,8.3,8.5,8.0,,,,7.09,10.0,0,,,,8.0,0.0,2023,6.5625,0,0
RA-953,1N,F,2023,Pública,Ametista,7.961241502000001,,,,9.002,6.85770751,6.26,8.5,8.0,9.0,,,,7.755,10.0,0,,,,9.0,1.0,2024,8.125,,
RA-954,ALFA N - G2/G3,F,2023,Pública,Agata,6.82375,,,,0.0,8.3,3.14,7.7,7.8,7.5,,,,8.005,10.0,0,,,,8.0,0.0,2023,7.1875,0,0
RA-954,1N,F,2023,Pública,Topázio,8.2823798419,,,,9.502,8.8833992095,6.26,7.75,6.5,9.0,,,,7.835,10.0,0,,,,9.0,1.0,2024,8.125,,
RA-955,ALFA N - G2/G3,F,2023,Pública,Ametista,7.1297,,,,9.0,8.8,3.14,7.8,8.0,7.5,,,,7.09,5.0,-2,,,,10.0,0.0,2023,6.875,0,0
RA-955,1K,F,2023,Pública,Agata,6.245452381,,,,0.0,6.904761905,7.51,5.75,6.5,5.0,,,,8.255,5.0,-1,,,,11.0,1.0,2024,8.125,,
RA-956,ALFA O - G2/G3,M,2023,Pública,Ametista,7.7312,,,,8.0,7.5,7.52,7.8,7.8,7.8,,,,9.345,5.0,-2,,,,11.0,0.0,2023,7.5,0,0
RA-956,1N,M,2023,Pública,Agata,6.1175906455,,,,9.502,6.017786561,6.885,3.25,6.5,0.0,,,,7.085,5.0,-1,,,,12.0,1.0,2024,7.083333333,,
RA-957,ALFA O - G2/G3,F,2023,Pública,Topázio,9.1672,,,,10.0,9.3,7.52,9.1,9.0,9.2,,,,9.925,10.0,0,,,,8.0,0.0,2023,7.5,,1
RA-958,ALFA O - G2/G3,F,2023,Pública,Topázio,9.2902,,,,10.0,9.8,7.52,9.3,9.3,9.3,,,,9.84,10.0,0,,,,8.0,0.0,2023,7.5,0,0
RA-958,1M,F,2023,Pública,Topázio,9.531325,,,,10.002,10.0,6.26,10.0,10.0,10.0,,,,9.76,10.0,0,,,,9.0,1.0,2024,9.53125,,
RA-959,ALFA O - G2/G3,M,2023,Pública,Topázio,8.6677,,,,10.0,9.6,7.52,7.7,7.7,7.7,,,,8.84,10.0,0,,,,8.0,0.0,2023,6.875,1,0
RA-959,ALFA O - G2/G3,M,2023,Pública,Topázio,8.379818421100001,,,,10.002,9.7368421055,7.51,9.5,10.0,9.0,,,,7.5,5.0,-1,,,,9.0,0.0,2024,7.8125,,
RA-96,L,M,2021,Escola Pública,Ametista,7.54,295.0,19.0,5.0,9.2,7.8,6.9,6.7,5.7,6.5,8.0,Sim,Sim,8.5,5.0,-1,Destaque: A sua boa entrega das lições de casa.,Melhorar: Empenhar-se mais nas aulas e avaliações.,Destaque: A sua boa integração aos Princípios Passos Mágicos.,16.0,5.0,2022,,0,0
RA-96,6L,M,2021,Privada - Programa de Apadrinhamento,Ametista,7.610791667,,,,9.6,8.9,7.52,6.4,6.8,4.8,7.7,,,7.84,5.0,-1,,,,17.0,6.0,2023,7.65625,0,0
RA-96,8F,M,2021,Concluiu o 3º EM,,,,,,,0.0,,,,,,,,,10.0,0,,,,18.0,8.0,2024,,,
RA-960,ALFA O - G2/G3,M,2023,Pública,Ametista,7.0847,,,,8.5,10.0,7.52,6.3,6.5,6.0,,,,5.85,5.0,-2,,,,10.0,0.0,2023,5.625,0,0
RA-960,1K,M,2023,Pública,Quartzo,5.286047619,,,,0.0,8.095238095,7.51,3.0,6.0,0.0,,,,5.33,5.0,-1,,,,11.0,1.0,2024,7.5,,
RA-961,ALFA O - G2/G3,M,2023,Pública,Quartzo,5.99625,,,,0.0,8.7,2.52,6.2,6.2,6.2,,,,8.665,5.0,-1,,,,9.0,0.0,2023,5.3125,0,0
RA-961,1M,M,2023,Pública,Agata,6.529417908900001,,,,9.002,8.8923395445,6.26,5.5,6.0,5.0,,,,5.155,5.0,-1,,,,10.0,1.0,2024,5.9375,,
RA-962,ALFA Q - G2/G3,F,2023,Pública,Topázio,8.4742,,,,9.0,9.2,7.52,8.7,9.5,7.8,,,,10.01,5.0,-1,,,,9.0,0.0,2023,7.5,,1
RA-963,ALFA Q - G2/G3,F,2023,Pública,Topázio,8.6142,,,,9.5,9.8,7.52,8.5,8.3,8.7,,,,10.01,5.0,-1,,,,9.0,0.0,2023,7.5,0,0
RA-963,1R,F,2023,Pública,Topázio,8.375080952400001,,,,7.502,9.761904762,7.51,7.5,5.0,10.0,,,,8.045,10.0,0,,,,10.0,1.0,2024,8.125,,
RA-964,ALFA Q - G2/G3,M,2023,Pública,Ametista,7.7997,,,,8.5,9.4,7.52,7.2,7.3,7.0,,,,8.5,5.0,-1,,,,9.0,0.0,2023,6.875,0,0
RA-964,1R,M,2023,Pública,Ametista,7.548241666600001,,,,9.502,8.333333332999999,7.51,7.25,7.5,7.0,,,,7.1675,5.0,-1,,,,10.0,1.0,2024,7.96875,,
RA-965,ALFA Q - G2/G3,F,2023,Pública,Agata,6.4832,,,,8.5,8.2,6.27,4.7,5.3,4.0,,,,7.18,5.0,-1,,,,9.0,0.0,2023,5.0,1,0
RA-965,ALFA Q - G2/G3,F,2023,Pública,Agata,6.1376545455,,,,9.002,6.4772727275,7.51,2.25,2.0,2.5,,,,6.83,5.0,-2,,,,10.0,0.0,2024,8.75,,
RA-966,ALFA Q - G2/G3,M,2023,Pública,Ametista,7.44345,,,,10.0,10.0,7.52,5.0,5.0,5.0,,,,7.675,5.0,-1,,,,9.0,0.0,2023,6.5625,1,0
RA-966,ALFA Q - G2/G3,M,2023,Pública,Ametista,7.9943363636,,,,9.502,8.568181818,7.51,9.0,9.5,8.5,,,,7.335,5.0,-2,,,,10.0,0.0,2024,8.125,,
RA-967,ALFA Q - G2/G3,M,2023,Pública,Ametista,7.1347,,,,9.5,8.0,7.52,6.5,6.5,6.5,,,,7.35,5.0,-2,,,,10.0,0.0,2023,5.625,0,0
RA-967,1R,M,2023,Pública,Quartzo,5.442610714300001,,,,9.502,3.5714285715,7.51,4.75,3.5,6.0,,,,4.995,5.0,-1,,,,11.0,1.0,2024,5.78125,,
RA-968,ALFA Q - G2/G3,F,2023,Pública,Topázio,8.4942,,,,9.0,9.7,7.52,8.3,8.0,8.5,,,,10.01,5.0,-1,,,,9.0,0.0,2023,7.5,0,0
RA-968,1R,F,2023,Pública,Ametista,7.8403547619000005,,,,9.002,8.8095238095,7.51,7.75,8.5,7.0,,,,7.6675,5.0,-1,,,,10.0,1.0,2024,8.4375,,
RA-969,ALFA Q - G2/G3,M,2023,Pública,Ametista,7.7692,,,,8.5,9.7,7.52,5.5,6.0,5.0,,,,7.51,10.0,0,,,,8.0,0.0,2023,6.25,1,0
RA-969,ALFA Q - G2/G3,M,2023,Pública,Ametista,7.453427272700001,,,,9.002,7.8636363634999995,7.51,7.25,9.0,5.5,,,,7.335,5.0,-1,,,,9.0,0.0,2024,8.125,,
RA-97,L,F,2017,Rede Decisão,Ametista,7.468,328.0,22.0,6.0,7.5,8.8,5.0,6.9,5.3,6.7,8.8,Não,Não,6.292,10.0,0,Destaque: A sua boa entrega das lições de casa.,Melhorar: Empenhar-se mais nas aulas e avaliações.,Melhorar: Integrar-se mais aos Princípios Passos Mágicos.,15.0,5.0,2022,,,1
RA-970,ALFA R - G0/G1,F,2023,Pública,Topázio,8.9977,,,,8.5,8.1,7.52,9.4,9.2,9.5,,,,9.84,10.0,0,,,,8.0,0.0,2023,9.375,,1
RA-971,ALFA R - G0/G1,M,2023,Pública,Ametista,7.0169,,,,7.8,6.4,3.77,6.9,5.5,8.3,,,,8.17,10.0,0,,,,8.0,0.0,2023,5.625,1,0
RA-971,ALFA Q - G2/G3,M,2023,Pública,Agata,6.8916181818,,,,7.418,7.909090909,7.51,6.75,8.5,5.0,,,,6.085,5.0,-1,,,,9.0,0.0,2024,7.5,,
RA-972,ALFA R - G0/G1,M,2023,Pública,Ametista,7.5427,,,,9.0,9.1,3.77,6.0,6.2,5.7,,,,7.84,10.0,0,,,,8.0,0.0,2023,6.875,1,0
RA-972,ALFA Q - G2/G3,M,2023,Pública,Ametista,7.537472727300001,,,,9.502,8.3863636365,7.51,6.75,8.0,5.5,,,,7.17,5.0,-1,,,,9.0,0.0,2024,8.75,,
RA-973,ALFA R - G0/G1,M,2023,Pública,Quartzo,5.82875,,,,0.0,8.6,3.77,5.2,6.2,4.1,,,,7.415,5.0,-1,,,,9.0,0.0,2023,7.1875,1,0
RA-973,ALFA Q - G2/G3,M,2023,Pública,Agata,6.9318363636,,,,10.002,9.318181818,7.51,3.75,6.5,1.0,,,,6.585,5.0,-2,,,,10.0,0.0,2024,7.5,,
RA-974,ALFA R - G0/G1,M,2023,Pública,Topázio,8.4752,,,,9.0,9.1,3.77,8.8,8.8,8.8,,,,9.34,10.0,0,,,,7.0,0.0,2023,7.5,1,0
RA-974,ALFA S - G2/G3,M,2023,Pública,Ametista,7.6077217391,,,,9.502,9.282608695499999,7.51,6.5,6.0,7.0,,,,7.5,5.0,-1,,,,8.0,0.0,2024,7.5,,
RA-975,ALFA R - G0/G1,F,2023,Pública,Ametista,7.7803,,,,7.9,9.2,7.52,6.5,7.2,5.8,,,,7.67,10.0,0,,,,7.0,0.0,2023,5.625,1,0
RA-975,ALFA R - G0/G1,F,2023,Pública,Ametista,7.1463666667000005,,,,8.502,7.708333333500001,5.01,8.0,8.0,8.0,,,,7.33,5.0,-1,,,,8.0,0.0,2024,6.875,,
RA-976,ALFA R - G0/G1,M,2023,Pública,Topázio,8.39895,,,,9.5,9.2,6.27,8.6,9.0,8.2,,,,8.34,10.0,0,,,,8.0,0.0,2023,5.9375,,1
RA-977,ALFA R - G0/G1,F,2023,Pública,Ametista,7.1717,,,,8.5,7.4,5.02,5.8,5.7,5.9,,,,8.085,10.0,0,,,,7.0,0.0,2023,5.625,1,0
RA-977,ALFA R - G0/G1,F,2023,Pública,Ametista,7.188033333300001,,,,10.002,7.291666666499999,6.26,7.0,5.0,9.0,,,,7.58,5.0,-1,,,,8.0,0.0,2024,6.875,,
RA-978,ALFA R - G0/G1,F,2023,Pública,Topázio,8.3877,,,,9.0,9.8,3.77,8.6,8.7,8.5,,,,9.34,10.0,0,,,,7.0,0.0,2023,5.625,1,0
RA-978,ALFA S - G2/G3,F,2023,Pública,Ametista,7.4637,,,,9.502,9.5,6.26,6.5,6.0,7.0,,,,7.5,5.0,-1,,,,8.0,0.0,2024,6.875,,
RA-979,ALFA S - G2/G3,M,2023,Pública,Topázio,8.1617,,,,9.5,9.6,6.27,6.0,6.0,6.0,,,,9.51,10.0,0,,,,8.0,0.0,2023,5.625,1,0
RA-979,ALFA Q - G2/G3,M,2023,Pública,Topázio,8.0352454545,,,,9.502,9.5227272725,7.51,8.25,9.5,7.0,,,,7.335,5.0,-1,,,,9.0,0.0,2024,8.125,,
RA-98,L,F,2017,Rede Decisão,Topázio,9.354,2.0,2.0,2.0,8.8,10.0,9.4,8.5,8.4,8.2,8.9,Não,Sim,9.667,10.0,0,Destaque: A sua boa entrega das lições de casa.,Destaque: As suas boas notas na Passos Mágicos.,Destaque: A sua boa integração aos Princípios Passos Mágicos.,15.0,5.0,2022,,0,0
RA-98,7E,F,2017,Privada *Parcerias com Bolsa 100%,,,,,,7.9,,2.52,,,,,,,,10.0,2,,,,15.0,7.0,2023,,1,0
RA-98,7E,F,2021,Privada *Parcerias com Bolsa 100%,Topázio,8.617450000000002,,,,9.585,9.546,7.1975,8.9,9.2,8.9,8.6,,,7.5,10.0,1,,,,16.0,7.0,2024,7.5,,
RA-980,ALFA S - G2/G3,F,2023,Pública,Ametista,7.1425,,,,0.0,9.8,5.02,6.3,6.5,6.0,,,,9.34,10.0,0,,,,8.0,0.0,2023,5.625,0,0
RA-980,1P,F,2023,Pública,Ametista,7.946388311600001,,,,9.002,9.058441558,7.51,6.25,6.5,6.0,,,,7.4175,10.0,0,,,,9.0,1.0,2024,7.5,,
RA-981,ALFA S - G2/G3,F,2023,Pública,Ametista,7.5367,,,,9.5,9.1,2.52,5.8,5.7,5.8,,,,9.01,10.0,0,,,,7.0,0.0,2023,5.625,1,0
RA-981,ALFA S - G2/G3,F,2023,Pública,Agata,6.6513739130000005,,,,9.002,7.010869565,6.26,6.0,6.0,6.0,,,,6.99,5.0,-1,,,,8.0,0.0,2024,6.25,,
RA-982,ALFA S - G2/G3,M,2023,Pública,Ametista,7.1215,,,,0.0,9.1,2.52,8.6,8.7,8.5,,,,8.835,10.0,0,,,,7.0,0.0,2023,5.625,0,0
RA-982,1P,M,2023,Pública,Topázio,8.119860173100001,,,,10.002,8.365800865499999,7.51,8.25,6.5,10.0,,,,6.79,10.0,0,,,,8.0,1.0,2024,6.875,,
RA-983,ALFA S - G2/G3,M,2023,Pública,Topázio,8.3502,,,,8.5,9.9,2.52,8.8,8.8,8.8,,,,9.415,10.0,0,,,,8.0,0.0,2023,6.25,,1
RA-984,ALFA S - G2/G3,F,2023,Pública,Topázio,8.8177,,,,8.0,9.8,7.52,8.3,8.3,8.2,,,,9.84,10.0,0,,,,8.0,0.0,2023,6.875,0,0
RA-984,1R,F,2023,Pública,Topázio,8.475080952400003,,,,9.502,9.761904762,7.51,7.0,7.5,6.5,,,,8.045,10.0,0,,,,9.0,1.0,2024,8.125,,
RA-985,ALFA S - G2/G3,M,2023,Pública,Ametista,7.6247,,,,9.0,9.3,2.52,6.8,7.3,6.2,,,,8.5,10.0,0,,,,8.0,0.0,2023,5.625,0,0
RA-985,1P,M,2023,Pública,Topázio,8.2432,,,,8.502,10.0,6.26,7.5,8.0,7.0,,,,7.585,10.0,0,,,,9.0,1.0,2024,7.5,,
RA-986,ALFA S - G2/G3,F,2023,Pública,Topázio,8.0107,,,,9.5,9.1,2.52,8.3,8.3,8.3,,,,8.83,10.0,0,,,,8.0,0.0,2023,5.625,0,0
RA-986,1P,F,2023,Pública,Topázio,8.2603406926,,,,10.002,9.2965367965,6.26,8.5,7.5,9.5,,,,6.8325,10.0,0,,,,9.0,1.0,2024,7.083333333,,
RA-987,ALFA S - G2/G3,M,2023,Pública,Ametista,7.6765,,,,0.0,9.8,6.27,7.3,7.5,7.0,,,,9.76,10.0,0,,,,8.0,0.0,2023,6.875,0,0
RA-987,1P,M,2023,Pública,Topázio,8.3028861472,,,,9.002,9.0692640695,7.51,7.5,8.0,7.0,,,,7.835,10.0,0,,,,9.0,1.0,2024,7.708333333,,
RA-988,ALFA S - G2/G3,F,2023,Pública,Ametista,7.9568,,,,7.9,8.1,7.52,8.5,8.5,8.5,,,,9.84,5.0,-1,,,,9.0,0.0,2023,6.25,0,0
RA-988,1P,F,2023,Pública,Topázio,8.1765333333,,,,9.502,10.0,7.51,7.75,6.5,9.0,,,,7.96,5.0,-1,,,,10.0,1.0,2024,8.333333333,,
RA-989,ALFA S - G2/G3,M,2023,Pública,Ametista,7.7242,,,,9.5,8.1,2.52,8.3,8.7,7.8,,,,10.01,5.0,-1,,,,9.0,0.0,2023,7.5,0,0
RA-989,1R,M,2023,Pública,Ametista,7.3743785714,,,,9.502,7.8571428569999995,6.26,6.0,6.0,6.0,,,,6.54,10.0,0,,,,10.0,1.0,2024,7.1875,,
RA-99,L,M,2019,Escola Pública,Ágata,6.158,701.0,44.0,10.0,8.8,6.3,7.5,5.0,5.7,3.4,5.8,Não,Não,5.833,5.0,-1,Melhorar: Melhorar a sua entrega de lições de casa.,Melhorar: Empenhar-se mais nas aulas e avaliações.,Melhorar: Integrar-se mais aos Princípios Passos Mágicos.,16.0,5.0,2022,,0,0
RA-99,6L,M,2019,Pública,Agata,6.68045,,,,7.9,8.3,5.63,4.5,4.7,4.0,4.8,,,7.4225,5.0,-1,,,,17.0,6.0,2023,7.8125,,1
RA-990,ALFA T - G2/G3,M,2023,Pública,Ametista,7.254,,,,0.0,8.5,7.52,7.8,8.3,7.2,,,,10.01,5.0,-1,,,,9.0,0.0,2023,7.5,0,0
RA-990,1A,M,2023,Pública,Ametista,7.812283333400001,,,,9.502,7.5,7.51,8.0,9.5,6.5,,,,8.336666667,5.0,-1,,,,10.0,1.0,2024,8.4375,,
RA-991,ALFA T - G2/G3,F,2023,Pública,Ametista,7.7687,,,,10.0,9.1,3.14,7.7,8.0,7.3,,,,9.585,5.0,-1,,,,9.0,0.0,2023,6.875,0,0
RA-991,1A,F,2023,Pública,Ametista,7.057230303000001,,,,9.002,8.181818182,6.26,6.5,7.0,6.0,,,,6.723333333,5.0,-1,,,,10.0,1.0,2024,7.5,,
RA-992,ALFA T - G2/G3,M,2023,Pública,Ametista,7.2722,,,,9.5,8.2,3.14,8.0,8.2,7.8,,,,8.84,5.0,-2,,,,10.0,0.0,2023,5.0,,1
RA-993,ALFA T - G2/G3,F,2023,Pública,Topázio,8.7592,,,,9.5,9.8,3.77,8.6,8.5,8.7,,,,10.01,10.0,0,,,,8.0,0.0,2023,7.5,,1
RA-994,ALFA T - G2/G3,F,2023,Pública,Ametista,7.4127,,,,9.5,9.4,3.77,6.0,6.2,5.7,,,,7.265,10.0,0,,,,8.0,0.0,2023,5.625,1,0
RA-994,ALFA T - G2/G3,F,2023,Pública,Ametista,7.7982217391,,,,9.002,9.532608695499999,6.88,8.25,10.0,6.5,,,,7.33,5.0,-1,,,,9.0,0.0,2024,6.875,,
RA-995,ALFA T - G2/G3,F,2023,Pública,Agata,6.4782,,,,9.5,7.9,3.77,5.1,5.3,4.8,,,,7.18,5.0,-2,,,,11.0,0.0,2023,6.25,0,0
RA-995,1E,F,2023,Pública,Quartzo,5.110372077899999,,,,10.002,5.3896103895,5.635,2.0,0.0,4.0,,,,4.25,5.0,-2,,,,12.0,1.0,2024,7.1875,,
RA-996,ALFA T - G2/G3,M,2023,Pública,Topázio,8.1892,,,,10.0,9.2,3.77,8.6,8.7,8.5,,,,10.01,5.0,-1,,,,9.0,0.0,2023,7.5,,1
RA-997,ALFA T - G2/G3,M,2023,Pública,Ametista,7.5687,,,,7.5,8.7,3.77,7.1,7.2,7.0,,,,8.595,10.0,0,,,,8.0,0.0,2023,5.625,,1
RA-998,ALFA U - G2/G3,F,2023,Pública,Ametista,7.9752,,,,9.5,9.3,3.77,7.9,8.0,7.7,,,,9.84,5.0,-2,,,,11.0,0.0,2023,7.5,,1
RA-999,ALFA U - G2/G3,M,2023,Pública,Topázio,8.0352,,,,9.0,9.4,3.77,8.3,8.3,8.3,,,,9.84,5.0,-1,,,,9.0,0.0,2023,7.5,,1
