ra,ano,turma,pedra,fase,idade,risco_defasagem,driver_defasagem,risco_evasao,driver_evasao,risco_combinado
RA-1336,2024,ALFA M - G0/G1,Ametista,0.0,8.0,0.9522397,contexto,0.9021219,engajamento,0.92718077
RA-474,2024,3L,Agata,3.0,15.0,0.83985215,academico,0.9342782,engajamento,0.8870652
RA-1479,2024,2K,Agata,2.0,12.0,0.8726932,academico,0.8978906,engajamento,0.88529193
RA-821,2024,2A,Agata,2.0,11.0,0.90883666,academico,0.8567956,engajamento,0.88281614
RA-1496,2024,2M,Agata,2.0,12.0,0.89037013,academico,0.8389467,engajamento,0.8646584
RA-638,2024,2P,Agata,2.0,11.0,0.89574546,academico,0.8111878,engajamento,0.85346663
RA-352,2024,4B,Quartzo,4.0,13.0,0.8828705,academico,0.7611533,academico,0.8220119
RA-1099,2024,3G,Ametista,3.0,14.0,0.92312807,academico,0.7162828,academico,0.8197054
RA-1330,2024,ALFA K - G0/G1,Topázio,0.0,8.0,0.9597666,academico,0.66554946,academico,0.8126581
RA-715,2024,2I,Quartzo,2.0,11.0,0.8430138,academico,0.7723735,engajamento,0.80769366
RA-1477,2024,2K,Ametista,2.0,11.0,0.8889441,academico,0.70389974,academico,0.7964219
RA-1095,2024,3D,Agata,3.0,14.0,0.870242,academico,0.7193938,academico,0.7948179
RA-1546,2024,3N,Agata,3.0,14.0,0.80761933,academico,0.7764825,academico,0.79205096
RA-1628,2024,6A,Ametista,6.0,16.0,0.8830454,academico,0.6910237,engajamento,0.7870345
RA-1486,2024,2L,Agata,2.0,11.0,0.72972065,academico,0.8412826,engajamento,0.7855016
RA-1564,2024,4B,Quartzo,4.0,15.0,0.6443212,academico,0.9264211,engajamento,0.7853712
RA-422,2024,3K,Quartzo,3.0,14.0,0.8964916,academico,0.64744407,engajamento,0.7719678
RA-1060,2024,2M,Agata,2.0,12.0,0.7340165,academico,0.80738133,engajamento,0.7706989
RA-382,2024,4F,Quartzo,4.0,16.0,0.84508604,academico,0.68672466,engajamento,0.7659054
RA-1514,2024,2U,Ametista,2.0,12.0,0.84490305,academico,0.68440217,academico,0.7646526
RA-1582,2024,4H,Agata,4.0,15.0,0.7950184,academico,0.73145765,academico,0.763238
RA-1423,2024,1J,Agata,1.0,11.0,0.7616201,academico,0.76184666,engajamento,0.7617334
RA-1460,2024,2C,Agata,2.0,12.0,0.8062542,academico,0.71108705,academico,0.7586706
RA-546,2024,3B,Quartzo,3.0,13.0,0.6316462,academico,0.88447344,academico,0.75805986
RA-1076,2024,3A,Ametista,3.0,13.0,0.65159965,academico,0.8633197,academico,0.75745964
RA-1550,2024,3P,Agata,3.0,15.0,0.588354,academico,0.9260805,engajamento,0.7572173
RA-1160,2024,3I,Agata,3.0,14.0,0.8514855,academico,0.6610549,engajamento,0.7562702
RA-1404,2024,1D,Topázio,1.0,9.0,0.9022333,academico,0.6097773,academico,0.7560053
RA-1540,2024,3M,Quartzo,3.0,14.0,0.6366228,academico,0.87319034,engajamento,0.75490654
RA-1319,2024,ALFA J - G2/G3,Ametista,0.0,9.0,0.5799445,contexto,0.9252998,engajamento,0.7526221
RA-1377,2024,ALFA T - G2/G3,Ametista,0.0,8.0,0.98869133,academico,0.49670368,contexto,0.7426975
RA-1619,2024,5M,Ametista,5.0,15.0,0.95966125,academico,0.5089142,academico,0.73428774
RA-470,2024,4L,Agata,4.0,15.0,0.9270314,academico,0.52680475,academico,0.7269181
RA-1117,2024,3K,Ametista,3.0,12.0,0.7586594,academico,0.6730799,academico,0.71586967
RA-1521,2024,3B,Quartzo,3.0,14.0,0.7948579,academico,0.63518023,academico,0.7150191
RA-390,2024,3G,Agata,3.0,13.0,0.69995034,academico,0.72907203,engajamento,0.71451116
RA-1519,2024,3A,Ametista,3.0,15.0,0.5891875,academico,0.8365598,engajamento,0.71287364
RA-1499,2024,2N,Ametista,2.0,12.0,0.59745634,academico,0.8239512,academico,0.71070373
RA-1528,2024,3D,Ametista,3.0,13.0,0.7238214,academico,0.69692963,academico,0.71037555
RA-1372,2024,ALFA T - G2/G3,Ametista,0.0,8.0,0.9688749,academico,0.44755566,academico,0.70821524
RA-1509,2024,2R,Ametista,2.0,11.0,0.76596296,academico,0.6503931,academico,0.70817804
RA-1322,2024,ALFA K - G0/G1,Topázio,0.0,8.0,0.83374584,academico,0.58205837,engajamento,0.7079021
RA-1318,2024,ALFA I - G2/G3,Agata,0.0,8.0,0.95830226,academico,0.45738134,academico,0.7078418
RA-649,2024,3R,Agata,3.0,14.0,0.5335807,academico,0.87830645,engajamento,0.7059436
RA-597,2024,2L,Ametista,2.0,11.0,0.9351133,academico,0.4711503,contexto,0.7031318
RA-1595,2024,4R,Agata,4.0,14.0,0.9561049,academico,0.44838572,academico,0.7022453
RA-1530,2024,3F,Quartzo,3.0,13.0,0.848168,academico,0.555666,engajamento,0.70191705
RA-636,2024,2P,Agata,2.0,12.0,0.6959707,academico,0.7077579,engajamento,0.7018643
RA-1381,2024,ALFA U - G2/G3,Topázio,0.0,8.0,0.93918407,academico,0.4610106,academico,0.7000973
RA-1520,2024,3B,Ametista,3.0,14.0,0.76623505,academico,0.6296623,academico,0.6979487
RA-631,2024,3L,Agata,3.0,14.0,0.5814469,academico,0.80862284,academico,0.69503486
RA-458,2024,3P,Quartzo,3.0,15.0,0.5077147,academico,0.87949365,engajamento,0.6936042
RA-1607,2024,5D,Quartzo,5.0,16.0,0.415469,academico,0.9635855,engajamento,0.6895273
RA-1400,2024,1B,Ametista,1.0,9.0,0.930673,academico,0.4431737,academico,0.6869234
RA-1450,2024,1R,Ametista,1.0,9.0,0.9029018,academico,0.46616814,engajamento,0.68453497
RA-1483,2024,2K,Ametista,2.0,11.0,0.76198983,academico,0.6055348,psicopedagogico,0.6837623
RA-1136,2024,3R,Quartzo,3.0,14.0,0.49467286,academico,0.87199575,engajamento,0.6833343
RA-40,2024,7A,Ametista,7.0,18.0,0.49956337,academico,0.86650044,academico,0.6830319
RA-1346,2024,ALFA N - G2/G3,Ametista,0.0,8.0,0.9751806,academico,0.39012927,contexto,0.682655
RA-1488,2024,2L,Agata,2.0,11.0,0.5602799,academico,0.8034496,academico,0.68186474
RA-484,2024,3A,Quartzo,3.0,13.0,0.39292768,academico,0.96713924,academico,0.68003345
RA-1588,2024,4L,Ametista,4.0,14.0,0.8597877,academico,0.49483413,academico,0.67731094
RA-620,2024,3U,Quartzo,3.0,14.0,0.6121292,academico,0.7396669,engajamento,0.6758981
RA-923,2024,1D,Ametista,1.0,9.0,0.57086307,academico,0.7801815,academico,0.6755223
RA-455,2024,3U,Ametista,3.0,14.0,0.69273114,academico,0.6531203,academico,0.6729257
RA-1500,2024,2N,Ametista,2.0,11.0,0.8872332,academico,0.45831284,academico,0.672773
RA-1356,2024,ALFA Q - G2/G3,Ametista,0.0,8.0,0.9731371,academico,0.37079263,contexto,0.6719649
RA-573,2024,3G,Ametista,3.0,13.0,0.8856413,academico,0.45806077,contexto,0.67185104
RA-1143,2024,3A,Quartzo,3.0,16.0,0.48524696,academico,0.8544842,engajamento,0.6698656
RA-1516,2024,3A,Ametista,3.0,13.0,0.5881537,academico,0.75069994,engajamento,0.6694268
RA-1544,2024,3M,Agata,3.0,14.0,0.7211942,academico,0.6156069,engajamento,0.6684005
RA-1103,2024,2H,Ametista,2.0,11.0,0.7298784,academico,0.6040538,academico,0.6669661
RA-246,2024,7E,Quartzo,7.0,15.0,0.37060878,academico,0.9600164,engajamento,0.6653126
RA-1015,2024,2B,Agata,2.0,11.0,0.7361537,academico,0.5940882,academico,0.66512096
RA-1482,2024,2K,Quartzo,2.0,14.0,0.36504236,academico,0.96480757,engajamento,0.664925
RA-1517,2024,3A,Agata,3.0,15.0,0.4582309,academico,0.86610454,engajamento,0.6621677
RA-1586,2024,4L,Agata,4.0,15.0,0.42138395,academico,0.9005941,engajamento,0.66098905
RA-1361,2024,ALFA R - G0/G1,Topázio,0.0,8.0,0.8875046,contexto,0.43075332,academico,0.65912896
RA-158,2024,5M,Agata,5.0,15.0,0.9098545,academico,0.4075352,academico,0.65869486
RA-424,2024,4L,Ametista,4.0,14.0,0.97549635,academico,0.33712503,academico,0.6563107
RA-1292,2024,ALFA D - G2/G3,Agata,0.0,9.0,0.34132975,contexto,0.96853536,engajamento,0.65493256
RA-1181,2024,5B,Agata,5.0,15.0,0.43469417,academico,0.87459755,engajamento,0.65464586
RA-1589,2024,4M,Quartzo,4.0,15.0,0.60702425,academico,0.7008533,engajamento,0.6539388
RA-908,2024,ALFA I - G2/G3,Agata,0.0,9.0,0.967312,academico,0.33933878,academico,0.6533254
RA-820,2024,2I,Ametista,2.0,11.0,0.54874796,academico,0.7572274,academico,0.6529877
RA-1298,2024,ALFA E - G2/G3,Ametista,0.0,8.0,0.8850464,academico,0.42086607,academico,0.65295625
RA-616,2024,3U,Quartzo,3.0,14.0,0.49277365,academico,0.79766524,engajamento,0.64521945
RA-270,2024,7E,Quartzo,7.0,15.0,0.36448872,academico,0.9234569,engajamento,0.6439728
RA-369,2024,3H,Quartzo,3.0,13.0,0.37657842,academico,0.90753585,academico,0.6420571
RA-1501,2024,2N,Topázio,2.0,11.0,0.9450119,academico,0.33551812,academico,0.640265
RA-1107,2024,3G,Quartzo,3.0,13.0,0.44813603,academico,0.8284912,engajamento,0.63831365
RA-1282,2024,ALFA B - G2/G3,Ametista,0.0,9.0,0.7823884,contexto,0.49291784,academico,0.6376531
RA-1302,2024,ALFA F - G0/G1,Quartzo,0.0,8.0,0.5577068,academico,0.71709156,engajamento,0.6373992
RA-1326,2024,ALFA K - G0/G1,Ametista,0.0,8.0,0.9526207,academico,0.31775305,academico,0.63518685
RA-1556,2024,3U,Agata,3.0,14.0,0.29069582,academico,0.97891474,engajamento,0.63480526
RA-1200,2024,5N,Quartzo,5.0,16.0,0.5000372,academico,0.7668968,academico,0.63346696
RA-658,2024,3M,Ametista,3.0,12.0,0.74525976,academico,0.5193035,academico,0.63228166
RA-977,2024,ALFA R - G0/G1,Ametista,0.0,8.0,0.7678467,contexto,0.49436963,academico,0.63110816
RA-1617,2024,5M,Quartzo,5.0,16.0,0.34559408,academico,0.91490424,engajamento,0.63024914
RA-584,2024,3G,Agata,3.0,12.0,0.62863946,academico,0.6295902,engajamento,0.62911487
RA-1049,2024,1J,Agata,1.0,11.0,0.706636,academico,0.54948986,academico,0.62806296
RA-633,2024,3P,Quartzo,3.0,13.0,0.5603605,academico,0.6954132,engajamento,0.62788683
RA-392,2024,4B,Quartzo,4.0,16.0,0.28147826,academico,0.9730963,engajamento,0.62728727
RA-408,2024,3K,Agata,3.0,14.0,0.3592508,academico,0.88858026,engajamento,0.62391555
RA-514,2024,2C,Agata,2.0,11.0,0.89813656,academico,0.34916982,academico,0.6236532
RA-236,2024,4F,Agata,4.0,14.0,0.838595,academico,0.40524065,academico,0.62191784
RA-713,2024,2H,Ametista,2.0,11.0,0.70294106,academico,0.5404051,academico,0.6216731
RA-1625,2024,6A,Agata,6.0,17.0,0.4314122,academico,0.8118593,academico,0.62163574
RA-178,2024,5A,Ametista,5.0,16.0,0.8557866,academico,0.38676423,engajamento,0.6212754
RA-989,2024,1R,Ametista,1.0,10.0,0.49763155,academico,0.74197334,academico,0.6198025
RA-1098,2024,3D,Agata,3.0,14.0,0.37942037,academico,0.85878706,engajamento,0.6191037
RA-626,2024,3U,Agata,3.0,13.0,0.39437902,academico,0.84191984,engajamento,0.6181494
RA-1139,2024,3P,Agata,3.0,12.0,0.2898938,academico,0.93897057,engajamento,0.6144322
RA-652,2024,2P,Ametista,2.0,11.0,0.39659688,academico,0.83014804,academico,0.61337245
RA-1616,2024,5M,Ametista,5.0,17.0,0.46783045,academico,0.7585053,academico,0.6131679
RA-153,2024,7E,Quartzo,7.0,16.0,0.27973434,academico,0.9395973,engajamento,0.6096658
RA-1118,2024,3M,Ametista,3.0,14.0,0.71466386,academico,0.50289637,academico,0.60878015
RA-1207,2024,5M,Agata,5.0,16.0,0.4113642,academico,0.8058225,academico,0.60859334
RA-1374,2024,ALFA T - G2/G3,Ametista,0.0,9.0,0.7008699,academico,0.5147085,academico,0.6077892
RA-1317,2024,ALFA I - G2/G3,Ametista,0.0,9.0,0.7694149,contexto,0.44610295,academico,0.60775894
RA-493,2024,3B,Ametista,3.0,11.0,0.8641242,academico,0.34944633,academico,0.60678524
RA-1524,2024,3B,Quartzo,3.0,14.0,0.25559008,academico,0.953978,academico,0.604784
RA-356,2024,4B,Agata,4.0,14.0,0.66100097,academico,0.5382952,academico,0.5996481
RA-1518,2024,3A,Quartzo,3.0,15.0,0.52104145,academico,0.6777313,engajamento,0.59938633
RA-1006,2024,ALFA J - G2/G3,Ametista,0.0,9.0,0.8849931,contexto,0.3111919,academico,0.5980925
RA-1498,2024,2M,Ametista,2.0,13.0,0.56468123,academico,0.62827355,academico,0.5964774
RA-1388,2024,ALFA Y - G0/G1,Ametista,0.0,8.0,0.87430686,contexto,0.3165266,academico,0.5954167
RA-1106,2024,3F,Quartzo,3.0,13.0,0.22866179,academico,0.9617858,engajamento,0.5952238
RA-854,2024,1G,Ametista,1.0,9.0,0.91928804,academico,0.26870865,academico,0.5939983
RA-1618,2024,5M,Ametista,5.0,17.0,0.3868606,academico,0.7987771,academico,0.59281886
RA-1373,2024,ALFA T - G2/G3,Ametista,0.0,9.0,0.85608506,contexto,0.32290357,academico,0.58949435
RA-1345,2024,ALFA N - G2/G3,Ametista,0.0,9.0,0.58498573,academico,0.5937109,academico,0.5893483
RA-605,2024,3M,Agata,3.0,13.0,0.48947757,academico,0.6799762,engajamento,0.5847269
RA-980,2024,1P,Ametista,1.0,9.0,0.89719594,academico,0.27108854,academico,0.5841422
RA-1111,2024,3F,Agata,3.0,12.0,0.4146377,academico,0.7516055,engajamento,0.5831216
RA-925,2024,ALFA I - G2/G3,Agata,0.0,8.0,0.70208377,academico,0.46101594,academico,0.5815499
RA-760,2024,3M,Agata,3.0,13.0,0.85483664,academico,0.30815837,academico,0.5814975
RA-534,2024,3C,Ametista,3.0,14.0,0.44784272,academico,0.7060163,engajamento,0.5769295
RA-1044,2024,2G,Ametista,2.0,11.0,0.70208645,academico,0.44600677,academico,0.5740466
RA-1141,2024,3L,Agata,3.0,13.0,0.25643572,academico,0.8900536,engajamento,0.57324463
RA-629,2024,2U,Topázio,2.0,11.0,0.94174427,academico,0.20295823,academico,0.5723512
RA-464,2024,3L,Agata,3.0,15.0,0.7121777,academico,0.4302701,academico,0.5712239
RA-1174,2024,5B,Ametista,5.0,16.0,0.66945595,academico,0.47289592,academico,0.57117593
RA-559,2024,3F,Agata,3.0,13.0,0.27304363,academico,0.8674769,engajamento,0.5702603
RA-1605,2024,5D,Quartzo,5.0,16.0,0.2807963,academico,0.8576052,engajamento,0.56920075
RA-700,2024,1G,Ametista,1.0,11.0,0.56344026,academico,0.5716088,academico,0.56752455
RA-306,2024,5M,Agata,5.0,16.0,0.51735115,academico,0.6121996,academico,0.56477535
RA-1383,2024,ALFA U - G2/G3,Topázio,0.0,8.0,0.8680796,academico,0.2601184,academico,0.564099
RA-1367,2024,ALFA S - G2/G3,Topázio,0.0,8.0,0.8830309,academico,0.23919465,academico,0.56111276
RA-606,2024,2M,Agata,2.0,11.0,0.74401474,academico,0.37648556,academico,0.56025016
RA-1392,2024,ALFA Y - G0/G1,Quartzo,0.0,9.0,0.22327125,academico,0.89085776,engajamento,0.55706453
RA-1017,2024,2C,Ametista,2.0,12.0,0.39276206,academico,0.72086054,academico,0.55681133
RA-377,2024,4F,Ametista,4.0,14.0,0.37998003,academico,0.7305929,academico,0.55528647
RA-1655,2024,9,INCLUIR,,21.0,0.30291468,academico,0.8051563,academico,0.5540355
RA-943,2024,1L,Topázio,1.0,9.0,0.8146343,academico,0.29048368,academico,0.552559
RA-363,2024,3D,Ametista,3.0,14.0,0.8528277,academico,0.24429324,academico,0.5485605
RA-867,2024,ALFA B - G2/G3,Ametista,0.0,9.0,0.58370775,academico,0.51299024,academico,0.548349
RA-1237,2024,9,INCLUIR,,22.0,0.31074116,academico,0.7819751,academico,0.5463581
RA-1266,2024,9,INCLUIR,,20.0,0.31074116,academico,0.7819751,academico,0.5463581
RA-1233,2024,9,INCLUIR,,23.0,0.31074116,academico,0.7819751,academico,0.5463581
RA-1267,2024,9,INCLUIR,,23.0,0.31074116,academico,0.7819751,academico,0.5463581
RA-1647,2024,9,INCLUIR,,22.0,0.31074116,academico,0.7819751,academico,0.5463581
RA-1661,2024,9,INCLUIR,,21.0,0.31074116,academico,0.7819751,academico,0.5463581
RA-1640,2024,9,INCLUIR,,23.0,0.31074116,academico,0.7819751,academico,0.5463581
RA-1652,2024,9,INCLUIR,,22.0,0.31074116,academico,0.7819751,academico,0.5463581
RA-1638,2024,9,INCLUIR,,22.0,0.31074116,academico,0.7819751,academico,0.5463581
RA-1660,2024,9,INCLUIR,,24.0,0.31074116,academico,0.7819751,academico,0.5463581
RA-1252,2024,9,INCLUIR,,22.0,0.31074116,academico,0.7819751,academico,0.5463581
RA-1238,2024,9,INCLUIR,,22.0,0.31074116,academico,0.7819751,academico,0.5463581
RA-1532,2024,3H,Quartzo,3.0,15.0,0.24570608,academico,0.84534657,engajamento,0.5455263
RA-1147,2024,3B,Quartzo,3.0,15.0,0.70553833,academico,0.38551295,academico,0.54552567
RA-900,2024,1B,Topázio,1.0,9.0,0.48894292,academico,0.60169077,academico,0.5453168
RA-1481,2024,2K,Agata,2.0,12.0,0.6086305,academico,0.47902614,engajamento,0.5438283
RA-1474,2024,2H,Ametista,2.0,11.0,0.45882377,academico,0.6284592,academico,0.5436415
RA-953,2024,1N,Ametista,1.0,9.0,0.18702583,academico,0.899983,academico,0.5435044
RA-1505,2024,2P,Agata,2.0,13.0,0.5555014,academico,0.53042394,academico,0.5429627
RA-497,2024,2B,Quartzo,2.0,15.0,0.13988917,academico,0.9455075,engajamento,0.5426983
RA-434,2024,3U,Agata,3.0,13.0,0.16907737,academico,0.9154594,engajamento,0.5422684
RA-1653,2024,9,INCLUIR,,20.0,0.3667845,academico,0.7167089,academico,0.54174674
RA-1644,2024,9,INCLUIR,,21.0,0.3667845,academico,0.7167089,academico,0.54174674
RA-1654,2024,9,INCLUIR,,22.0,0.3667845,academico,0.7167089,academico,0.54174674
RA-1650,2024,9,INCLUIR,,22.0,0.3667845,academico,0.7167089,academico,0.54174674
RA-1232,2024,9,INCLUIR,,22.0,0.3667845,academico,0.7167089,academico,0.54174674
RA-1641,2024,9,INCLUIR,,21.0,0.3667845,academico,0.7167089,academico,0.54174674
RA-1643,2024,9,INCLUIR,,22.0,0.3667845,academico,0.7167089,academico,0.54174674
RA-1642,2024,9,INCLUIR,,23.0,0.3667845,academico,0.7167089,academico,0.54174674
RA-1645,2024,9,INCLUIR,,23.0,0.3667845,academico,0.7167089,academico,0.54174674
RA-1651,2024,9,INCLUIR,,22.0,0.3667845,academico,0.7167089,academico,0.54174674
RA-1260,2024,9,INCLUIR,,20.0,0.3667845,academico,0.7167089,academico,0.54174674
RA-1258,2024,9,INCLUIR,,25.0,0.3667845,academico,0.7167089,academico,0.54174674
RA-1637,2024,9,INCLUIR,,23.0,0.3667845,academico,0.7167089,academico,0.54174674
RA-1659,2024,9,INCLUIR,,21.0,0.3667845,academico,0.7167089,academico,0.54174674
RA-1658,2024,9,INCLUIR,,21.0,0.3667845,academico,0.7167089,academico,0.54174674
RA-1657,2024,9,INCLUIR,,20.0,0.3667845,academico,0.7167089,academico,0.54174674
RA-1639,2024,9,INCLUIR,,21.0,0.3667845,academico,0.7167089,academico,0.54174674
RA-1656,2024,9,INCLUIR,,22.0,0.3667845,academico,0.7167089,academico,0.54174674
RA-1646,2024,9,INCLUIR,,21.0,0.3667845,academico,0.7167089,academico,0.54174674
RA-1648,2024,9,INCLUIR,,22.0,0.3667845,academico,0.7167089,academico,0.54174674
RA-1231,2024,9,INCLUIR,,23.0,0.3667845,academico,0.7167089,academico,0.54174674
RA-1268,2024,9,INCLUIR,,20.0,0.3667845,academico,0.7167089,academico,0.54174674
RA-1254,2024,9,INCLUIR,,20.0,0.3667845,academico,0.7167089,academico,0.54174674
RA-1235,2024,9,INCLUIR,,22.0,0.3667845,academico,0.7167089,academico,0.54174674
RA-1649,2024,9,INCLUIR,,23.0,0.3667845,academico,0.7167089,academico,0.54174674
RA-1079,2024,3B,Quartzo,3.0,13.0,0.22725548,academico,0.8512168,engajamento,0.5392361
RA-490,2024,3A,Ametista,3.0,12.0,0.35897318,academico,0.7185564,engajamento,0.5387648
RA-444,2024,3P,Quartzo,3.0,14.0,0.6555368,academico,0.42001608,academico,0.5377764
RA-1325,2024,ALFA K - G0/G1,Topázio,0.0,8.0,0.75439906,academico,0.3206144,academico,0.5375067
RA-1313,2024,ALFA H - G0/G1,Topázio,0.0,8.0,0.8505803,academico,0.22119248,academico,0.5358864
RA-336,2024,4A,Agata,4.0,15.0,0.2211957,academico,0.8500317,engajamento,0.53561366
RA-799,2024,2R,Ametista,2.0,11.0,0.71262753,academico,0.35770804,contexto,0.5351678
RA-1360,2024,ALFA R - G0/G1,Agata,0.0,8.0,0.9774049,academico,0.09268315,academico,0.535044
RA-656,2024,3R,Agata,3.0,13.0,0.47960263,academico,0.59048367,engajamento,0.5350431
RA-1100,2024,3G,Agata,3.0,12.0,0.5394627,academico,0.5277543,academico,0.5336085
RA-402,2024,4M,Quartzo,4.0,14.0,0.38977036,academico,0.6774237,engajamento,0.53359705
RA-706,2024,2G,Quartzo,2.0,11.0,0.76518595,academico,0.2984117,academico,0.53179884
RA-360,2024,3C,Agata,3.0,14.0,0.16657202,academico,0.8923005,engajamento,0.52943623
RA-1347,2024,ALFA N - G2/G3,Agata,0.0,9.0,0.87939656,academico,0.1774245,engajamento,0.52841055
RA-1478,2024,2K,Agata,2.0,11.0,0.6916465,academico,0.36169773,academico,0.5266721
RA-1284,2024,ALFA C - G0/G1,Topázio,0.0,8.0,0.7395735,academico,0.31046668,academico,0.52502006
RA-949,2024,ALFA N - G2/G3,Ametista,0.0,9.0,0.7125154,contexto,0.3353882,engajamento,0.5239518
RA-1608,2024,5D,Ametista,5.0,15.0,0.2614383,academico,0.7861365,contexto,0.5237874
RA-1087,2024,3B,Agata,3.0,13.0,0.8138041,academico,0.23232688,academico,0.5230655
RA-836,2024,1J,Agata,1.0,11.0,0.24403314,academico,0.8018129,engajamento,0.522923
RA-404,2024,3M,Agata,3.0,14.0,0.22392778,academico,0.82035875,engajamento,0.52214324
RA-1228,2024,7E,Quartzo,7.0,18.0,0.100766964,academico,0.94238394,engajamento,0.52157545
RA-608,2024,2N,Quartzo,2.0,11.0,0.3938462,academico,0.64910007,engajamento,0.52147317
RA-946,2024,ALFA N - G2/G3,Agata,0.0,8.0,0.80998045,contexto,0.23232101,academico,0.5211507
RA-947,2024,ALFA M - G0/G1,Agata,0.0,9.0,0.5869031,academico,0.45477802,academico,0.5208405
RA-1229,2024,7E,Quartzo,7.0,17.0,0.11416957,academico,0.92614007,engajamento,0.52015483
RA-1473,2024,2G,Agata,2.0,13.0,0.744182,academico,0.29568908,academico,0.51993555
RA-517,2024,3C,Quartzo,3.0,14.0,0.33847475,academico,0.6970874,engajamento,0.5177811
RA-669,2024,3K,Agata,3.0,12.0,0.11212618,academico,0.92101496,engajamento,0.51657057
RA-1227,2024,7E,Quartzo,7.0,17.0,0.0962494,academico,0.9342792,engajamento,0.5152643
RA-954,2024,1N,Topázio,1.0,9.0,0.77788734,academico,0.25223336,academico,0.51506037
RA-978,2024,ALFA S - G2/G3,Ametista,0.0,8.0,0.5701512,academico,0.4599429,academico,0.5150471
RA-1156,2024,4F,Agata,4.0,13.0,0.42412874,academico,0.6052982,academico,0.51471347
RA-1577,2024,4C,Agata,4.0,16.0,0.07675548,academico,0.9513893,engajamento,0.5140724
RA-1600,2024,5B,Agata,5.0,17.0,0.23077656,academico,0.7953638,academico,0.51307017
RA-1137,2024,3P,Ametista,3.0,11.0,0.5780071,academico,0.44767416,academico,0.5128406
RA-367,2024,4B,Ametista,4.0,13.0,0.63954836,academico,0.38393232,academico,0.5117403
RA-291,2024,7E,Ametista,7.0,15.0,0.93139356,academico,0.09192858,engajamento,0.51166105
RA-1446,2024,1N,Quartzo,1.0,9.0,0.3332706,academico,0.6854076,academico,0.5093391
RA-1170,2024,3P,Agata,3.0,15.0,0.14554875,academico,0.8729363,engajamento,0.50924253
RA-1444,2024,1N,Agata,1.0,11.0,0.083428994,academico,0.9297969,engajamento,0.50661296
RA-1492,2024,2L,Topázio,2.0,9.0,0.86811984,academico,0.14181189,academico,0.50496584
RA-1273,2024,8E,,8.0,18.0,0.14563991,academico,0.86406016,academico,0.50485003
RA-1295,2024,ALFA E - G2/G3,Topázio,0.0,8.0,0.91074497,academico,0.09826201,academico,0.5045035
RA-1172,2024,5A,Quartzo,5.0,17.0,0.17154902,academico,0.83737504,engajamento,0.504462
RA-78,2024,7A,Topázio,7.0,19.0,0.28463316,academico,0.7237356,academico,0.50418437
RA-1230,2024,7E,Quartzo,7.0,17.0,0.08190338,academico,0.9247338,engajamento,0.5033186
RA-1380,2024,ALFA U - G2/G3,Ametista,0.0,8.0,0.92005974,academico,0.08538652,academico,0.50272316
RA-1216,2024,8F,,8.0,20.0,0.14563991,academico,0.8591255,academico,0.5023827
RA-847,2024,1D,Quartzo,1.0,11.0,0.18327527,academico,0.820204,engajamento,0.5017396
RA-258,2024,3H,Agata,3.0,13.0,0.1033669,academico,0.89689875,academico,0.5001328
RA-1606,2024,5D,Quartzo,5.0,17.0,0.11000439,academico,0.88788664,engajamento,0.4989455
RA-496,2024,3A,Agata,3.0,13.0,0.39765504,academico,0.5998573,engajamento,0.49875617
RA-1613,2024,5G,Agata,5.0,17.0,0.106040195,academico,0.8891451,academico,0.49759263
RA-1224,2024,8F,,8.0,21.0,0.18685755,academico,0.8075864,academico,0.49722195
RA-1475,2024,2I,Ametista,2.0,10.0,0.34462398,academico,0.6478941,academico,0.49625903
RA-1559,2024,4A,Agata,4.0,15.0,0.02278697,academico,0.9696695,engajamento,0.49622825
RA-878,2024,1B,Agata,1.0,11.0,0.26942253,academico,0.72197586,engajamento,0.4956992
RA-57,2024,7A,Ametista,7.0,18.0,0.040393755,academico,0.9475879,engajamento,0.49399084
RA-776,2024,1K,Quartzo,1.0,11.0,0.1004146,academico,0.8874441,engajamento,0.49392933
RA-1491,2024,2L,Ametista,2.0,12.0,0.15960076,academico,0.82428205,engajamento,0.4919414
RA-1097,2024,3C,Quartzo,3.0,15.0,0.39785776,academico,0.5829255,engajamento,0.4903916
RA-442,2024,4M,Agata,4.0,13.0,0.07663658,academico,0.9038368,engajamento,0.4902367
RA-305,2024,4N,Agata,4.0,16.0,0.6343253,academico,0.3451352,academico,0.48973027
RA-381,2024,3G,Quartzo,3.0,15.0,0.23590682,academico,0.7405313,engajamento,0.48821908
RA-1328,2024,ALFA K - G0/G1,Topázio,0.0,8.0,0.8174171,contexto,0.1587449,academico,0.48808098
RA-1508,2024,2R,Topázio,2.0,10.0,0.12688605,contexto,0.8490303,academico,0.4879582
RA-665,2024,2M,Quartzo,2.0,12.0,0.15004249,academico,0.82567567,engajamento,0.48785907
RA-1497,2024,2M,Quartzo,2.0,12.0,0.45475653,academico,0.5200072,engajamento,0.48738188
RA-896,2024,1C,Topázio,1.0,8.0,0.952081,academico,0.0188461,engajamento,0.48546356
RA-191,2024,7E,Ametista,7.0,15.0,0.66461015,academico,0.3054985,academico,0.4850543
RA-1340,2024,ALFA M - G0/G1,Topázio,0.0,8.0,0.93862784,academico,0.030918295,academico,0.48477307
RA-508,2024,3D,Agata,3.0,12.0,0.094853,academico,0.8719628,engajamento,0.48340788
RA-1458,2024,2B,Quartzo,2.0,12.0,0.03847074,academico,0.926985,academico,0.4827279
RA-1365,2024,ALFA S - G2/G3,Ametista,0.0,9.0,0.7651283,academico,0.19856864,academico,0.48184848
RA-215,2024,5B,Ametista,5.0,15.0,0.10958356,academico,0.852293,engajamento,0.4809383
RA-1329,2024,ALFA K - G0/G1,Ametista,0.0,8.0,0.8870555,academico,0.07447978,academico,0.48076764
RA-741,2024,1H,Quartzo,1.0,12.0,0.17512749,academico,0.7856264,engajamento,0.48037696
RA-1108,2024,3F,Agata,3.0,13.0,0.4849173,academico,0.47461507,academico,0.4797662
RA-1316,2024,ALFA I - G2/G3,Ametista,0.0,9.0,0.74844694,academico,0.20941468,academico,0.4789308
RA-1462,2024,2D,Ametista,2.0,13.0,0.21993053,academico,0.73778135,engajamento,0.47885594
RA-858,2024,ALFA J - G2/G3,Agata,0.0,9.0,0.27925745,contexto,0.67387235,academico,0.47656488
RA-262,2024,4F,Quartzo,4.0,17.0,0.019270267,academico,0.9303415,engajamento,0.47480586
RA-62,2024,8F,,8.0,18.0,0.13617556,academico,0.8115668,academico,0.4738712
RA-1122,2024,3K,Ametista,3.0,12.0,0.6632573,academico,0.28335467,engajamento,0.473306
RA-1307,2024,ALFA H - G0/G1,Agata,0.0,8.0,0.4115356,academico,0.5345167,engajamento,0.47302616
RA-1395,2024,1A,Topázio,1.0,9.0,0.7268082,academico,0.21736592,engajamento,0.47208706
RA-1366,2024,ALFA S - G2/G3,Agata,0.0,8.0,0.5592405,contexto,0.38412845,academico,0.4716845
RA-922,2024,1C,Topázio,1.0,9.0,0.5916733,academico,0.35065562,academico,0.47116446
RA-1054,2024,2G,Agata,2.0,13.0,0.32356176,academico,0.61802435,academico,0.47079307
RA-19,2024,8F,,8.0,20.0,0.13617556,academico,0.8051563,academico,0.47066593
RA-49,2024,8E,,8.0,19.0,0.13617556,academico,0.8051563,academico,0.47066593
RA-982,2024,1P,Topázio,1.0,8.0,0.921546,academico,0.018493671,academico,0.47001982
RA-693,2024,1C,Topázio,1.0,9.0,0.5144747,academico,0.42509583,academico,0.46978527
RA-1551,2024,3P,Quartzo,3.0,15.0,0.019628523,academico,0.91980815,engajamento,0.46971834
RA-984,2024,1R,Topázio,1.0,9.0,0.8264686,academico,0.112669945,engajamento,0.46956927
RA-530,2024,3C,Ametista,3.0,12.0,0.079528615,academico,0.8582899,engajamento,0.46890926
RA-542,2024,3F,Agata,3.0,13.0,0.45317557,academico,0.48386082,academico,0.4685182
RA-1480,2024,2K,Ametista,2.0,12.0,0.29330578,academico,0.6403119,academico,0.46680886
RA-227,2024,3A,Topázio,3.0,13.0,0.5320834,academico,0.4013775,academico,0.46673045
RA-421,2024,4N,Topázio,4.0,13.0,0.88638127,academico,0.04660355,academico,0.4664924
RA-1168,2024,3N,Agata,3.0,14.0,0.32799906,academico,0.604844,academico,0.4664215
RA-315,2024,4M,Agata,4.0,15.0,0.012984544,academico,0.91887313,engajamento,0.46592885
RA-1552,2024,3P,Ametista,3.0,13.0,0.7146332,academico,0.21516909,engajamento,0.46490115
RA-931,2024,ALFA K - G0/G1,Ametista,0.0,9.0,0.76147,academico,0.16831265,academico,0.46489134
RA-38,2024,8F,,8.0,18.0,0.14056267,academico,0.7889483,academico,0.46475548
RA-39,2024,8F,,8.0,18.0,0.14056267,academico,0.7889483,academico,0.46475548
RA-273,2024,4N,Agata,4.0,16.0,0.59902257,academico,0.32832593,academico,0.46367425
RA-672,2024,1H,Quartzo,1.0,11.0,0.029899983,academico,0.89724654,engajamento,0.46357325
RA-303,2024,4M,Agata,4.0,16.0,0.012085125,academico,0.9118978,engajamento,0.46199146
RA-155,2024,8F,,8.0,18.0,0.17526409,academico,0.7477373,academico,0.4615007
RA-1246,2024,8B,,8.0,21.0,0.14056267,academico,0.7819751,academico,0.46126887
RA-1264,2024,8D,,8.0,21.0,0.14056267,academico,0.7819751,academico,0.46126887
RA-1,2024,8E,,8.0,21.0,0.14056267,academico,0.7819751,academico,0.46126887
RA-1272,2024,8E,,8.0,20.0,0.14056267,academico,0.7819751,academico,0.46126887
RA-1274,2024,8E,,8.0,19.0,0.14056267,academico,0.7819751,academico,0.46126887
RA-1244,2024,8B,,8.0,21.0,0.14056267,academico,0.7819751,academico,0.46126887
RA-1251,2024,8B,,8.0,21.0,0.14056267,academico,0.7819751,academico,0.46126887
RA-1261,2024,8D,,8.0,20.0,0.14056267,academico,0.7819751,academico,0.46126887
RA-1263,2024,8D,,8.0,21.0,0.14056267,academico,0.7819751,academico,0.46126887
RA-1262,2024,8D,,8.0,20.0,0.14056267,academico,0.7819751,academico,0.46126887
RA-1634,2024,8B,,8.0,21.0,0.14056267,academico,0.7819751,academico,0.46126887
RA-1635,2024,8D,,8.0,20.0,0.14056267,academico,0.7819751,academico,0.46126887
RA-1636,2024,8E,,8.0,20.0,0.14056267,academico,0.7819751,academico,0.46126887
RA-2,2024,8E,,8.0,19.0,0.14056267,academico,0.7819751,academico,0.46126887
RA-25,2024,8E,,8.0,19.0,0.14056267,academico,0.7819751,academico,0.46126887
RA-35,2024,8E,,8.0,19.0,0.14056267,academico,0.7819751,academico,0.46126887
RA-36,2024,8E,,8.0,19.0,0.14056267,academico,0.7819751,academico,0.46126887
RA-12,2024,8E,,8.0,19.0,0.14056267,academico,0.7819751,academico,0.46126887
RA-1242,2024,8B,,8.0,20.0,0.14056267,academico,0.7819751,academico,0.46126887
RA-1241,2024,8B,,8.0,21.0,0.14056267,academico,0.7819751,academico,0.46126887
RA-1239,2024,8B,,8.0,21.0,0.14056267,academico,0.7819751,academico,0.46126887
RA-1253,2024,8D,,8.0,24.0,0.14056267,academico,0.7819751,academico,0.46126887
RA-1256,2024,8D,,8.0,19.0,0.14056267,academico,0.7819751,academico,0.46126887
RA-1259,2024,8D,,8.0,20.0,0.14056267,academico,0.7819751,academico,0.46126887
RA-1236,2024,8A,,8.0,22.0,0.14056267,academico,0.7819751,academico,0.46126887
RA-1271,2024,8E,,8.0,19.0,0.14056267,academico,0.7819751,academico,0.46126887
RA-6,2024,8E,,8.0,20.0,0.14056267,academico,0.7819751,academico,0.46126887
RA-1234,2024,8A,,8.0,21.0,0.14056267,academico,0.7819751,academico,0.46126887
RA-1270,2024,8E,,8.0,20.0,0.14056267,academico,0.7819751,academico,0.46126887
RA-31,2024,8E,,8.0,19.0,0.14056267,academico,0.7819751,academico,0.46126887
RA-1269,2024,8E,,8.0,19.0,0.14056267,academico,0.7819751,academico,0.46126887
RA-1225,2024,8F,,8.0,19.0,0.14056267,academico,0.7819751,academico,0.46126887
RA-1547,2024,3N,Agata,3.0,14.0,0.08068413,academico,0.8403819,engajamento,0.46053302
RA-1077,2024,3D,Quartzo,3.0,12.0,0.24645501,academico,0.6745729,academico,0.46051395
RA-698,2024,2A,Ametista,2.0,10.0,0.6193706,academico,0.29660717,academico,0.45798886
RA-26,2024,8F,,8.0,19.0,0.17526409,academico,0.73985136,academico,0.45755774
RA-29,2024,8E,,8.0,19.0,0.17526409,academico,0.73985136,academico,0.45755774
RA-59,2024,8F,,8.0,19.0,0.17526409,academico,0.73985136,academico,0.45755774
RA-1265,2024,8D,,8.0,21.0,0.17526409,academico,0.73985136,academico,0.45755774
RA-14,2024,8E,,8.0,22.0,0.17526409,academico,0.73985136,academico,0.45755774
RA-21,2024,8E,,8.0,20.0,0.17526409,academico,0.73985136,academico,0.45755774
RA-17,2024,8E,,8.0,22.0,0.17526409,academico,0.73985136,academico,0.45755774
RA-1220,2024,6L,Ametista,6.0,18.0,0.0037998073,academico,0.9101829,contexto,0.45699134
RA-995,2024,1E,Quartzo,1.0,12.0,0.0027229167,academico,0.9096452,engajamento,0.45618406
RA-459,2024,4N,Ametista,4.0,14.0,0.6243435,academico,0.28792125,engajamento,0.45613238
RA-681,2024,1C,Agata,1.0,11.0,0.5054109,academico,0.4046595,contexto,0.4550352
RA-368,2024,3G,Agata,3.0,15.0,0.14082503,academico,0.7675751,engajamento,0.45420006
RA-1620,2024,5N,Agata,5.0,16.0,0.11637903,academico,0.7917888,academico,0.45408392
RA-423,2024,3L,Agata,3.0,14.0,0.25315264,academico,0.65427536,engajamento,0.453714
RA-1008,2024,ALFA I - G2/G3,Agata,0.0,9.0,0.35606167,contexto,0.55019474,academico,0.45312822
RA-476,2024,3L,Agata,3.0,14.0,0.074241795,academico,0.8319139,academico,0.45307785
RA-27,2024,8F,,8.0,18.0,0.18064716,academico,0.72503567,academico,0.4528414
RA-173,2024,8F,,8.0,18.0,0.18064716,academico,0.72503567,academico,0.4528414
RA-96,2024,8F,,8.0,18.0,0.18064716,academico,0.72503567,academico,0.4528414
RA-1594,2024,4N,Quartzo,4.0,16.0,0.0646331,academico,0.8405132,engajamento,0.45257318
RA-924,2024,ALFA I - G2/G3,Agata,0.0,9.0,0.07613312,academico,0.8286543,engajamento,0.4523937
RA-771,2024,ALFA N - G2/G3,Agata,0.0,9.0,0.45610458,contexto,0.4486235,academico,0.45236403
RA-897,2024,ALFA I - G2/G3,Quartzo,0.0,10.0,0.012998852,contexto,0.89079314,engajamento,0.451896
RA-1089,2024,3D,Ametista,3.0,12.0,0.24321325,academico,0.6593866,academico,0.4512999
RA-1344,2024,ALFA N - G2/G3,Topázio,0.0,8.0,0.38793555,academico,0.51163995,academico,0.44978774
RA-1581,2024,4H,Agata,4.0,16.0,0.17915183,academico,0.7192429,academico,0.44919735
RA-1301,2024,ALFA F - G0/G1,Quartzo,0.0,8.0,0.13585211,academico,0.7616577,engajamento,0.4487549
RA-13,2024,8D,,8.0,19.0,0.18064716,academico,0.7167089,academico,0.44867802
RA-1633,2024,8B,,8.0,21.0,0.18064716,academico,0.7167089,academico,0.44867802
RA-1249,2024,8B,,8.0,27.0,0.18064716,academico,0.7167089,academico,0.44867802
RA-1250,2024,8B,,8.0,21.0,0.18064716,academico,0.7167089,academico,0.44867802
RA-1248,2024,8B,,8.0,21.0,0.18064716,academico,0.7167089,academico,0.44867802
RA-1245,2024,8B,,8.0,21.0,0.18064716,academico,0.7167089,academico,0.44867802
RA-23,2024,8E,,8.0,19.0,0.18064716,academico,0.7167089,academico,0.44867802
RA-7,2024,8E,,8.0,20.0,0.18064716,academico,0.7167089,academico,0.44867802
RA-1255,2024,8D,,8.0,20.0,0.18064716,academico,0.7167089,academico,0.44867802
RA-1257,2024,8D,,8.0,19.0,0.18064716,academico,0.7167089,academico,0.44867802
RA-1240,2024,8B,,8.0,21.0,0.18064716,academico,0.7167089,academico,0.44867802
RA-88,2024,8E,,8.0,19.0,0.18064716,academico,0.7167089,academico,0.44867802
RA-1090,2024,3D,Ametista,3.0,14.0,0.30510688,academico,0.5920898,academico,0.44859833
RA-1431,2024,1M,Ametista,1.0,11.0,0.008178038,academico,0.88842356,academico,0.4483008
RA-466,2024,3L,Agata,3.0,15.0,0.07301128,academico,0.82201934,academico,0.4475153
RA-1507,2024,2R,Quartzo,2.0,12.0,0.05348299,academico,0.84115285,engajamento,0.44731793
RA-712,2024,2H,Agata,2.0,13.0,0.022757262,academico,0.8703129,engajamento,0.4465351
RA-1368,2024,ALFA S - G2/G3,Topázio,0.0,8.0,0.791733,academico,0.10118981,engajamento,0.4464614
RA-1071,2024,2R,Quartzo,2.0,12.0,0.04475946,academico,0.84812737,engajamento,0.4464434
RA-792,2024,1N,Agata,1.0,11.0,0.1260615,academico,0.7650505,engajamento,0.44555598
RA-331,2024,3B,Agata,3.0,14.0,0.6350277,academico,0.25493068,academico,0.4449792
RA-1306,2024,ALFA G - G2/G3,Topázio,0.0,8.0,0.60424536,contexto,0.2827557,engajamento,0.44350052
RA-1276,2024,ALFA A - G0/G1,Topázio,0.0,8.0,0.84962296,academico,0.035922352,academico,0.44277266
RA-1371,2024,ALFA S - G2/G3,Agata,0.0,11.0,0.10201141,academico,0.78047997,academico,0.44124568
RA-684,2024,1C,Ametista,1.0,9.0,0.69671583,academico,0.18565705,engajamento,0.44118643
RA-420,2024,4M,Ametista,4.0,13.0,0.86238354,academico,0.018986184,academico,0.44068485
RA-1277,2024,ALFA A - G0/G1,Ametista,0.0,8.0,0.8199333,academico,0.06092334,academico,0.44042832
RA-1464,2024,2D,Ametista,2.0,13.0,0.08605257,academico,0.78994906,contexto,0.4380008
RA-527,2024,2D,Topázio,2.0,11.0,0.8247954,academico,0.0509276,academico,0.4378615
RA-770,2024,ALFA U - G2/G3,Ametista,0.0,9.0,0.5121897,academico,0.36229903,academico,0.43724436
RA-1456,2024,2A,Topázio,2.0,11.0,0.79143465,academico,0.07684495,academico,0.4341398
RA-1493,2024,2M,Agata,2.0,12.0,0.20024103,academico,0.6665376,academico,0.4333893
RA-1112,2024,3I,Agata,3.0,13.0,0.663908,academico,0.20257789,academico,0.43324295
RA-956,2024,1N,Agata,1.0,12.0,0.028248547,academico,0.83585066,engajamento,0.4320496
RA-1543,2024,3M,Agata,3.0,14.0,0.3149081,academico,0.5445581,academico,0.4297331
RA-769,2024,1K,Ametista,1.0,11.0,0.011254319,psicopedagogico,0.8468275,engajamento,0.4290409
RA-1548,2024,3N,Agata,3.0,13.0,0.121410236,academico,0.736554,engajamento,0.42898214
RA-1592,2024,4N,Agata,4.0,15.0,0.1694186,academico,0.6857678,academico,0.42759323
RA-1025,2024,1A,Ametista,1.0,10.0,0.011772155,contexto,0.84310967,academico,0.4274409
RA-143,2024,7E,Ametista,7.0,15.0,0.73634833,academico,0.11853095,engajamento,0.42743963
RA-1002,2024,ALFA N - G2/G3,Ametista,0.0,10.0,0.015404296,contexto,0.8391343,academico,0.42726928
RA-921,2024,ALFA I - G2/G3,Ametista,0.0,8.0,0.62842315,academico,0.22487725,contexto,0.4266502
RA-1542,2024,3M,Agata,3.0,16.0,0.1185917,academico,0.734101,engajamento,0.42634636
RA-1485,2024,2L,Agata,2.0,13.0,0.3111247,academico,0.54108435,academico,0.42610455
RA-789,2024,1L,Topázio,1.0,9.0,0.72787184,academico,0.12332677,academico,0.4255993
RA-125,2024,6A,Agata,6.0,17.0,0.07208136,academico,0.7785295,engajamento,0.42530543
RA-161,2024,5L,Ametista,5.0,15.0,0.12177203,academico,0.72715545,academico,0.42446375
RA-428,2024,4M,Ametista,4.0,14.0,0.75212187,academico,0.09547019,engajamento,0.42379603
RA-1303,2024,ALFA F - G0/G1,Topázio,0.0,8.0,0.45657483,academico,0.39053765,academico,0.42355624
RA-1420,2024,1H,Quartzo,1.0,12.0,0.0061012534,academico,0.84075755,engajamento,0.4234294
RA-974,2024,ALFA S - G2/G3,Ametista,0.0,8.0,0.5601775,contexto,0.28625792,academico,0.4232177
RA-1072,2024,3B,Ametista,3.0,12.0,0.058280475,academico,0.7877951,engajamento,0.4230378
RA-1357,2024,ALFA Q - G2/G3,Ametista,0.0,9.0,0.39251906,academico,0.4504385,academico,0.42147878
RA-1441,2024,1M,Topázio,1.0,9.0,0.3314908,academico,0.50847274,academico,0.41998178
RA-880,2024,ALFA E - G2/G3,Agata,0.0,8.0,0.7772953,contexto,0.060669277,engajamento,0.4189823
RA-1591,2024,4N,Agata,4.0,16.0,0.031772304,academico,0.80556434,engajamento,0.41866833
RA-929,2024,ALFA O - G2/G3,Ametista,0.0,9.0,0.50775534,contexto,0.3293299,academico,0.41854262
RA-1134,2024,3U,Ametista,3.0,12.0,0.34388107,academico,0.49169824,engajamento,0.41778964
RA-664,2024,2N,Ametista,2.0,12.0,0.2199515,academico,0.61447275,engajamento,0.41721213
RA-1300,2024,ALFA F - G0/G1,Ametista,0.0,8.0,0.49474567,contexto,0.3393753,engajamento,0.4170605
RA-1583,2024,4H,Ametista,4.0,15.0,0.009675867,academico,0.8232012,academico,0.41643852
RA-1386,2024,ALFA U - G2/G3,Ametista,0.0,8.0,0.73428416,academico,0.09537182,engajamento,0.414828
RA-1296,2024,ALFA E - G2/G3,Ametista,0.0,9.0,0.643877,contexto,0.18544865,engajamento,0.41466284
RA-521,2024,2A,Ametista,2.0,11.0,0.55564874,academico,0.27340338,contexto,0.41452605
RA-1455,2024,2A,Agata,2.0,12.0,0.019897817,academico,0.80841905,academico,0.41415843
RA-1470,2024,2G,Quartzo,2.0,12.0,0.1835117,academico,0.6424497,engajamento,0.41298068
RA-149,2024,5D,Quartzo,5.0,17.0,0.01215243,academico,0.8128064,engajamento,0.41247943
RA-1535,2024,3I,Ametista,3.0,13.0,0.0067620734,academico,0.8172872,engajamento,0.41202465
RA-592,2024,3L,Ametista,3.0,12.0,0.027471717,academico,0.79576594,engajamento,0.41161883
RA-461,2024,3R,Ametista,3.0,13.0,0.64075005,academico,0.18240298,academico,0.4115765
RA-1130,2024,3N,Agata,3.0,12.0,0.18548083,academico,0.6375132,engajamento,0.41149703
RA-308,2024,5M,Ametista,5.0,15.0,0.39112508,academico,0.43043092,academico,0.410778
RA-339,2024,4A,Ametista,4.0,13.0,0.022548225,academico,0.797533,academico,0.4100406
RA-1140,2024,2P,Ametista,2.0,12.0,0.2279645,academico,0.5915939,academico,0.40977922
RA-202,2024,5C,Ametista,5.0,16.0,0.0025507559,academico,0.8145568,academico,0.40855378
RA-1504,2024,2P,Agata,2.0,12.0,0.04937209,academico,0.7674308,engajamento,0.40840143
RA-1610,2024,5F,Agata,5.0,17.0,0.1289922,academico,0.68550533,academico,0.40724877
RA-1304,2024,ALFA G - G2/G3,Ametista,0.0,10.0,0.09853855,academico,0.7151841,academico,0.4068613
RA-445,2024,3P,Ametista,3.0,14.0,0.3350676,academico,0.47852224,academico,0.4067949
RA-750,2024,1B,Quartzo,1.0,12.0,0.009695021,academico,0.80271125,engajamento,0.40620312
RA-1522,2024,3B,Topázio,3.0,13.0,0.72471964,academico,0.087434344,academico,0.406077
RA-171,2024,6L,Ametista,6.0,18.0,0.0030902927,academico,0.8072483,contexto,0.4051693
RA-975,2024,ALFA R - G0/G1,Ametista,0.0,8.0,0.5580947,contexto,0.25176552,academico,0.4049301
RA-630,2024,2L,Agata,2.0,11.0,0.7047848,academico,0.10370239,engajamento,0.4042436
RA-509,2024,3D,Agata,3.0,13.0,0.1358327,academico,0.6695125,engajamento,0.4026726
RA-1411,2024,1E,Agata,1.0,11.0,0.32714114,academico,0.47719994,contexto,0.40217054
RA-798,2024,2R,Quartzo,2.0,12.0,0.03486561,academico,0.7661258,engajamento,0.4004957
RA-321,2024,5N,Topázio,5.0,14.0,0.75062966,academico,0.044338476,academico,0.39748406
RA-967,2024,1R,Quartzo,1.0,11.0,0.076031215,academico,0.7186424,engajamento,0.3973368
RA-981,2024,ALFA S - G2/G3,Agata,0.0,8.0,0.39017355,contexto,0.40428594,academico,0.39722973
RA-1454,2024,2A,Ametista,2.0,10.0,0.009904786,academico,0.7839189,engajamento,0.39691186
RA-1116,2024,3M,Quartzo,3.0,15.0,0.20805785,academico,0.58566666,engajamento,0.39686227
RA-731,2024,2G,Quartzo,2.0,12.0,0.020320611,academico,0.7713053,engajamento,0.39581296
RA-1585,2024,4L,Agata,4.0,15.0,0.02496186,academico,0.76462954,academico,0.39479572
RA-1115,2024,2M,Agata,2.0,12.0,0.10830412,academico,0.6789723,engajamento,0.39363822
RA-1408,2024,1D,Ametista,1.0,11.0,0.22847681,academico,0.5587589,engajamento,0.39361787
RA-376,2024,3G,Quartzo,3.0,14.0,0.6640339,academico,0.12292712,academico,0.3934805
RA-536,2024,3B,Ametista,3.0,11.0,0.697631,academico,0.08920423,academico,0.39341763
RA-433,2024,3N,Ametista,3.0,14.0,0.50188243,academico,0.28116623,academico,0.3915243
RA-1150,2024,4C,Ametista,4.0,17.0,0.0018980579,academico,0.7798058,engajamento,0.3908519
RA-832,2024,2U,Topázio,2.0,11.0,0.7191602,academico,0.06251095,academico,0.39083558
RA-705,2024,1H,Quartzo,1.0,12.0,0.14057711,academico,0.6402255,engajamento,0.3904013
RA-1562,2024,4B,Quartzo,4.0,16.0,0.01423591,academico,0.76469374,academico,0.38946483
RA-730,2024,2I,Topázio,2.0,11.0,0.053936016,academico,0.72139263,academico,0.38766432
RA-911,2024,1G,Quartzo,1.0,12.0,0.0054298704,academico,0.7690438,engajamento,0.38723683
RA-910,2024,1G,Topázio,1.0,9.0,0.70068735,academico,0.07253137,academico,0.38660938
RA-639,2024,3P,Quartzo,3.0,12.0,0.1009741,academico,0.67111105,engajamento,0.38604257
RA-389,2024,3G,Ametista,3.0,13.0,0.31446016,academico,0.45713413,academico,0.38579714
RA-469,2024,3K,Ametista,3.0,13.0,0.45913804,academico,0.31225976,academico,0.3856989
RA-1593,2024,4N,Agata,4.0,15.0,0.0055990294,academico,0.76445293,engajamento,0.38502598
RA-401,2024,3L,Agata,3.0,14.0,0.034522366,academico,0.73463184,academico,0.3845771
RA-1601,2024,5C,Ametista,5.0,17.0,0.017460316,academico,0.7516352,contexto,0.38454777
RA-1515,2024,2U,Quartzo,2.0,12.0,0.05989206,academico,0.7091919,engajamento,0.384542
RA-1549,2024,3N,Agata,3.0,15.0,0.04872578,academico,0.72008616,academico,0.38440597
RA-607,2024,2K,Ametista,2.0,12.0,0.46937478,academico,0.29760775,academico,0.38349128
RA-1531,2024,3F,Ametista,3.0,14.0,0.38503802,academico,0.3803893,academico,0.38271368
RA-763,2024,1N,Agata,1.0,11.0,0.603043,academico,0.16138723,engajamento,0.38221514
RA-1502,2024,2N,Agata,2.0,12.0,0.10915772,contexto,0.6540137,academico,0.38158572
RA-1291,2024,ALFA D - G2/G3,Topázio,0.0,9.0,0.6834698,contexto,0.07926037,academico,0.38136506
RA-529,2024,2A,Quartzo,2.0,14.0,0.25397432,academico,0.50873566,academico,0.381355
RA-80,2024,7A,Topázio,7.0,18.0,0.11361313,academico,0.6482409,academico,0.38092703
RA-1169,2024,4N,Agata,4.0,15.0,0.10181393,academico,0.65880865,academico,0.38031128
RA-1451,2024,1R,Ametista,1.0,11.0,0.20748593,academico,0.5527108,engajamento,0.38009834
RA-480,2024,2C,Ametista,2.0,12.0,0.39439714,academico,0.36504012,academico,0.37971863
RA-1297,2024,ALFA E - G2/G3,Ametista,0.0,8.0,0.71275383,academico,0.044805426,engajamento,0.37877962
RA-863,2024,ALFA E - G2/G3,Quartzo,0.0,8.0,0.048488952,academico,0.7076159,engajamento,0.37805244
RA-1489,2024,2L,Quartzo,2.0,12.0,0.13780537,academico,0.6154508,engajamento,0.3766281
RA-524,2024,3C,Ametista,3.0,13.0,0.014037475,academico,0.7388966,engajamento,0.37646705
RA-944,2024,ALFA L - G2/G3,Ametista,0.0,10.0,0.0027450663,academico,0.7493798,academico,0.37606245
RA-518,2024,3C,Agata,3.0,12.0,0.031444404,academico,0.72008735,academico,0.3757659
RA-359,2024,4C,Ametista,4.0,14.0,0.4305408,academico,0.3202179,academico,0.37537935
RA-558,2024,3F,Quartzo,3.0,16.0,0.12996548,academico,0.6197,engajamento,0.37483275
RA-1370,2024,ALFA S - G2/G3,Topázio,0.0,9.0,0.6934239,contexto,0.054162163,academico,0.37379304
RA-301,2024,4M,Topázio,4.0,15.0,0.023599816,academico,0.72383213,academico,0.37371597
RA-1573,2024,4C,Agata,4.0,16.0,0.04487784,academico,0.69958806,engajamento,0.37223294
RA-1506,2024,2R,Ametista,2.0,11.0,0.43876666,academico,0.30422303,engajamento,0.37149483
RA-1426,2024,1J,Quartzo,1.0,11.0,0.0981695,academico,0.6379125,engajamento,0.368041
RA-709,2024,1H,Agata,1.0,12.0,0.06941641,contexto,0.6666478,academico,0.3680321
RA-319,2024,5L,Ametista,5.0,15.0,0.64129,academico,0.09447683,academico,0.3678834
RA-1375,2024,ALFA T - G2/G3,Topázio,0.0,9.0,0.7142323,contexto,0.019848388,academico,0.36704037
RA-600,2024,2L,Ametista,2.0,11.0,0.0832237,academico,0.6500661,academico,0.3666449
RA-960,2024,1K,Quartzo,1.0,11.0,0.32158452,academico,0.4091311,academico,0.36535782
RA-1614,2024,5L,Agata,5.0,16.0,0.062120095,academico,0.6643285,academico,0.3632243
RA-716,2024,1J,Agata,1.0,11.0,0.12441348,academico,0.6019224,engajamento,0.36316794
RA-1382,2024,ALFA U - G2/G3,Ametista,0.0,9.0,0.56787574,academico,0.15824379,engajamento,0.36305976
RA-1539,2024,3K,Ametista,3.0,13.0,0.08491419,academico,0.6411606,engajamento,0.3630374
RA-388,2024,4F,Quartzo,4.0,16.0,0.09332571,academico,0.631925,academico,0.36262536
RA-1165,2024,3L,Ametista,3.0,13.0,0.00348057,academico,0.72020715,academico,0.36184385
RA-113,2024,5G,Ametista,5.0,16.0,0.026512181,academico,0.6949047,academico,0.36070845
RA-499,2024,2C,Ametista,2.0,12.0,0.6064315,academico,0.11389446,academico,0.36016297
RA-951,2024,ALFA N - G2/G3,Agata,0.0,8.0,0.5677936,academico,0.15033852,academico,0.35906607
RA-1448,2024,1P,Ametista,1.0,13.0,0.06863849,academico,0.6492214,academico,0.35892996
RA-397,2024,4A,Agata,4.0,16.0,0.018446894,academico,0.6920911,academico,0.355269
RA-1337,2024,ALFA M - G0/G1,Agata,0.0,10.0,0.0026998124,academico,0.70664376,engajamento,0.35467178
RA-1221,2024,8F,,8.0,23.0,0.08357779,academico,0.6225445,academico,0.35306117
RA-994,2024,ALFA T - G2/G3,Ametista,0.0,9.0,0.45534462,academico,0.24842574,academico,0.35188517
RA-535,2024,3H,Ametista,3.0,12.0,0.06100769,academico,0.6418803,engajamento,0.35144398
RA-1578,2024,4F,Ametista,4.0,13.0,0.1927465,academico,0.5092957,academico,0.3510211
RA-1545,2024,3N,Ametista,3.0,12.0,0.11217003,academico,0.5897069,academico,0.35093847
RA-707,2024,2G,Agata,2.0,12.0,0.023751607,academico,0.6748587,academico,0.34930515
RA-623,2024,3U,Agata,3.0,15.0,0.186047,academico,0.51196605,academico,0.34900653
RA-1565,2024,4B,Quartzo,4.0,16.0,0.27877834,academico,0.4188162,engajamento,0.34879726
RA-1612,2024,5F,Ametista,5.0,18.0,0.02291011,academico,0.6717925,contexto,0.3473513
RA-928,2024,1K,Topázio,1.0,9.0,0.26501867,academico,0.42929828,engajamento,0.3471585
RA-1348,2024,ALFA O - G2/G3,Ametista,0.0,8.0,0.4897127,contexto,0.20324852,engajamento,0.3464806
RA-919,2024,ALFA I - G2/G3,Quartzo,0.0,10.0,0.001366531,academico,0.6912843,engajamento,0.34632543
RA-555,2024,3F,Quartzo,3.0,14.0,0.069901526,engajamento,0.62219965,engajamento,0.3460506
RA-819,2024,2U,Topázio,2.0,10.0,0.29681328,academico,0.3922593,academico,0.3445363
RA-1066,2024,2L,Ametista,2.0,11.0,0.45202327,academico,0.23638788,academico,0.34420556
RA-501,2024,2D,Topázio,2.0,11.0,0.11414881,academico,0.5727964,academico,0.3434726
RA-1014,2024,ALFA E - G2/G3,Agata,0.0,8.0,0.4718373,academico,0.21294226,academico,0.3423898
RA-794,2024,1K,Ametista,1.0,10.0,0.020572744,academico,0.663795,engajamento,0.34218386
RA-1162,2024,4M,Ametista,4.0,14.0,0.26424837,academico,0.4197737,academico,0.34201103
RA-1604,2024,5C,Topázio,5.0,16.0,0.04981083,academico,0.6317671,academico,0.34078896
RA-1465,2024,2D,Ametista,2.0,12.0,0.010371029,academico,0.6706299,academico,0.34050047
RA-1494,2024,2M,Quartzo,2.0,11.0,0.18791787,academico,0.49075645,psicopedagogico,0.33933717
RA-841,2024,2H,Agata,2.0,12.0,0.06665514,academico,0.6115735,psicopedagogico,0.33911434
RA-342,2024,4C,Agata,4.0,16.0,0.0066618654,academico,0.6677054,academico,0.33718365
RA-1338,2024,ALFA M - G0/G1,Agata,0.0,8.0,0.35548696,academico,0.31623742,academico,0.3358622
RA-764,2024,2N,Ametista,2.0,10.0,0.110449344,academico,0.559364,academico,0.3349067
RA-604,2024,3L,Ametista,3.0,12.0,0.18681444,academico,0.4821303,academico,0.33447236
RA-774,2024,ALFA N - G2/G3,Quartzo,0.0,10.0,0.069970325,contexto,0.5967659,engajamento,0.3333681
RA-1038,2024,2I,Ametista,2.0,11.0,0.15772557,academico,0.5085707,academico,0.33314812
RA-1275,2024,ALFA A - G0/G1,Ametista,0.0,8.0,0.62535185,academico,0.038736522,academico,0.33204418
RA-556,2024,3G,Quartzo,3.0,13.0,0.14235865,academico,0.52113646,engajamento,0.33174756
RA-874,2024,1E,Ametista,1.0,10.0,0.0067989673,contexto,0.6561314,academico,0.33146518
RA-1511,2024,2U,Topázio,2.0,11.0,0.36335284,academico,0.29930162,academico,0.33132723
RA-1529,2024,3F,Agata,3.0,14.0,0.09119056,academico,0.5686857,academico,0.32993814
RA-637,2024,2P,Ametista,2.0,12.0,0.04389297,academico,0.613528,academico,0.3287105
RA-853,2024,1G,Ametista,1.0,10.0,0.5669176,academico,0.090472445,academico,0.32869503
RA-164,2024,5L,Agata,5.0,17.0,0.080007896,academico,0.5769223,academico,0.3284651
RA-1048,2024,2A,Ametista,2.0,11.0,0.12846568,academico,0.5277033,academico,0.32808447
RA-387,2024,3G,Agata,3.0,15.0,0.2681954,academico,0.38775402,academico,0.3279747
RA-807,2024,1R,Ametista,1.0,10.0,0.36220095,academico,0.29366845,academico,0.32793468
RA-645,2024,2P,Ametista,2.0,12.0,0.435234,academico,0.2202517,engajamento,0.32774284
RA-1193,2024,4L,Agata,4.0,15.0,0.11544779,academico,0.5385942,academico,0.327021
RA-528,2024,3C,Ametista,3.0,13.0,0.02347545,academico,0.62755865,engajamento,0.32551706
RA-1570,2024,4B,Ametista,4.0,16.0,0.025153087,academico,0.6248341,academico,0.3249936
RA-868,2024,ALFA A - G0/G1,Ametista,0.0,8.0,0.5621832,academico,0.08375323,academico,0.3229682
RA-667,2024,3M,Ametista,3.0,13.0,0.19074033,academico,0.45421273,academico,0.32247654
RA-1538,2024,3K,Ametista,3.0,13.0,0.3281702,academico,0.31442997,academico,0.3213001
RA-1000,2024,1N,Topázio,1.0,9.0,0.39800128,academico,0.24154955,engajamento,0.3197754
RA-822,2024,1H,Quartzo,1.0,12.0,0.0011580813,academico,0.63757807,engajamento,0.31936806
RA-1069,2024,2K,Ametista,2.0,12.0,0.111251205,academico,0.5264685,academico,0.31885988
RA-1399,2024,1B,Ametista,1.0,11.0,0.20694532,academico,0.4249424,engajamento,0.31594387
RA-547,2024,3H,Ametista,3.0,13.0,0.11369431,academico,0.51214653,academico,0.31292042
RA-797,2024,2P,Agata,2.0,12.0,0.021864975,academico,0.602401,engajamento,0.31213298
RA-876,2024,1K,Ametista,1.0,9.0,0.26095295,academico,0.3629527,engajamento,0.31195283
RA-1468,2024,2D,Topázio,2.0,12.0,0.38090733,academico,0.23628056,academico,0.30859393
RA-116,2024,5A,Agata,5.0,18.0,0.019992003,academico,0.59673846,academico,0.30836523
RA-952,2024,1N,Topázio,1.0,9.0,0.21337987,academico,0.40299022,academico,0.30818504
RA-1440,2024,1M,Ametista,1.0,10.0,0.0048164288,academico,0.6096185,contexto,0.30721745
RA-754,2024,ALFA L - G2/G3,Quartzo,0.0,11.0,0.008271801,academico,0.6052184,engajamento,0.3067451
RA-1623,2024,6A,Ametista,6.0,17.0,0.22303313,academico,0.39040485,engajamento,0.306719
RA-1513,2024,2U,Agata,2.0,12.0,0.14244978,academico,0.46977654,psicopedagogico,0.30611315
RA-972,2024,ALFA Q - G2/G3,Ametista,0.0,9.0,0.53950065,academico,0.072516546,academico,0.3060086
RA-746,2024,2I,Ametista,2.0,10.0,0.13723,academico,0.4733066,academico,0.3052683
RA-1129,2024,3N,Ametista,3.0,12.0,0.043208934,academico,0.5654382,academico,0.30432358
RA-1391,2024,ALFA Y - G0/G1,Topázio,0.0,7.0,0.13672598,academico,0.4711923,academico,0.30395913
RA-1184,2024,5F,Ametista,5.0,17.0,0.008757703,academico,0.5978286,engajamento,0.30329317
RA-778,2024,2K,Topázio,2.0,11.0,0.3255559,academico,0.27454802,academico,0.30005196
RA-494,2024,3A,Ametista,3.0,13.0,0.01575038,academico,0.58419955,contexto,0.29997498
RA-1536,2024,3I,Ametista,3.0,15.0,0.19280252,academico,0.40575004,engajamento,0.2992763
RA-903,2024,1B,Topázio,1.0,9.0,0.5371408,academico,0.060434066,academico,0.29878742
RA-986,2024,1P,Topázio,1.0,9.0,0.56127506,academico,0.034586847,academico,0.29793096
RA-1407,2024,1D,Ametista,1.0,10.0,0.057006277,contexto,0.536825,academico,0.29691565
RA-1278,2024,ALFA A - G0/G1,Quartzo,0.0,9.0,0.15064245,academico,0.44207796,engajamento,0.2963602
RA-340,2024,3D,Agata,3.0,13.0,0.15702116,academico,0.4355987,psicopedagogico,0.29630995
RA-1311,2024,ALFA H - G0/G1,Agata,0.0,8.0,0.3979171,academico,0.19274686,contexto,0.29533198
RA-1469,2024,2D,Ametista,2.0,13.0,0.02522311,academico,0.5622247,academico,0.2937239
RA-1387,2024,ALFA U - G2/G3,Ametista,0.0,8.0,0.5242007,academico,0.06307213,academico,0.2936364
RA-1434,2024,1M,Topázio,1.0,10.0,0.036657702,contexto,0.55023384,academico,0.29344577
RA-1324,2024,ALFA K - G0/G1,Topázio,0.0,9.0,0.5695648,contexto,0.0120311715,academico,0.290798
RA-1003,2024,ALFA J - G2/G3,Ametista,0.0,9.0,0.3007045,contexto,0.27983114,engajamento,0.29026783
RA-1627,2024,6A,Ametista,6.0,17.0,0.0030728301,academico,0.57729393,academico,0.2901834
RA-395,2024,4F,Ametista,4.0,13.0,0.32430825,academico,0.25384316,academico,0.2890757
RA-829,2024,2K,Topázio,2.0,10.0,0.4637327,academico,0.113981105,engajamento,0.2888569
RA-1396,2024,1A,Ametista,1.0,11.0,0.055651236,academico,0.5210624,engajamento,0.2883568
RA-1352,2024,ALFA O - G2/G3,Topázio,0.0,9.0,0.4938983,academico,0.08277111,academico,0.2883347
RA-860,2024,1G,Topázio,1.0,9.0,0.50738275,academico,0.06648946,engajamento,0.2869361
RA-1334,2024,ALFA L - G2/G3,Topázio,0.0,9.0,0.56061226,contexto,0.01272904,academico,0.28667066
RA-1512,2024,2U,Topázio,2.0,10.0,0.47158173,academico,0.10073236,academico,0.28615704
RA-1070,2024,1P,Agata,1.0,12.0,0.14019944,academico,0.431712,engajamento,0.28595573
RA-1055,2024,1J,Agata,1.0,12.0,0.0038527767,academico,0.5650882,engajamento,0.2844705
RA-1453,2024,2A,Ametista,2.0,12.0,0.008194817,contexto,0.5601921,academico,0.28419346
RA-1624,2024,6A,Ametista,6.0,18.0,0.003227782,academico,0.5629301,contexto,0.28307894
RA-959,2024,ALFA O - G2/G3,Topázio,0.0,9.0,0.5377185,contexto,0.026965145,engajamento,0.2823418
RA-895,2024,ALFA B - G2/G3,Topázio,0.0,9.0,0.47760823,contexto,0.086360626,academico,0.28198442
RA-688,2024,2B,Topázio,2.0,11.0,0.47010693,academico,0.09316505,engajamento,0.281636
RA-1376,2024,ALFA T - G2/G3,Topázio,0.0,9.0,0.5558131,academico,0.007342882,academico,0.28157797
RA-920,2024,ALFA G - G2/G3,Ametista,0.0,9.0,0.06628,academico,0.4937129,academico,0.27999645
RA-251,2024,5N,Agata,5.0,16.0,0.44669154,academico,0.113132596,academico,0.27991205
RA-1526,2024,3D,Ametista,3.0,13.0,0.47709826,academico,0.07727127,academico,0.27718475
RA-1416,2024,1G,Ametista,1.0,12.0,0.3020205,academico,0.24887894,academico,0.27544972
RA-939,2024,1N,Ametista,1.0,12.0,0.096341275,contexto,0.45406404,engajamento,0.27520266
RA-1114,2024,3M,Ametista,3.0,12.0,0.07778763,academico,0.46870136,academico,0.2732445
RA-1422,2024,1J,Ametista,1.0,11.0,0.091298535,academico,0.45321006,academico,0.2722543
RA-1027,2024,2B,Topázio,2.0,11.0,0.40174896,academico,0.14254627,academico,0.2721476
RA-199,2024,4A,Ametista,4.0,15.0,0.012429766,academico,0.5304918,academico,0.2714608
RA-1023,2024,2B,Topázio,2.0,10.0,0.09232173,academico,0.45033878,academico,0.27133027
RA-1290,2024,ALFA D - G2/G3,Topázio,0.0,9.0,0.48946068,contexto,0.052379422,engajamento,0.27092004
RA-969,2024,ALFA Q - G2/G3,Ametista,0.0,9.0,0.2151016,academico,0.32146913,academico,0.26828536
RA-782,2024,1L,Topázio,1.0,10.0,0.037012957,academico,0.4948737,academico,0.26594332
RA-1280,2024,ALFA B - G2/G3,Topázio,0.0,9.0,0.49593782,contexto,0.03588735,academico,0.2659126
RA-965,2024,ALFA Q - G2/G3,Agata,0.0,10.0,0.0060906135,academico,0.52465767,academico,0.26537415
RA-239,2024,4F,Agata,4.0,17.0,0.0016855587,academico,0.5273493,academico,0.26451743
RA-1199,2024,5D,Ametista,5.0,18.0,0.0012240986,academico,0.52637,contexto,0.26379704
RA-1402,2024,1D,Topázio,1.0,10.0,0.35076237,academico,0.17680396,academico,0.26378316
RA-1198,2024,5A,Agata,5.0,17.0,0.23659046,academico,0.28841648,academico,0.26250347
RA-1309,2024,ALFA H - G0/G1,Topázio,0.0,7.0,0.070614405,academico,0.4526117,contexto,0.26161307
RA-1281,2024,ALFA B - G2/G3,Ametista,0.0,9.0,0.4118858,contexto,0.10636237,academico,0.2591241
RA-768,2024,1N,Ametista,1.0,12.0,0.06362897,contexto,0.45390335,academico,0.25876617
RA-86,2024,7E,Ametista,7.0,18.0,0.21671319,academico,0.29841402,academico,0.2575636
RA-859,2024,1G,Topázio,1.0,9.0,0.1362369,academico,0.3782624,engajamento,0.25724965
RA-899,2024,1B,Topázio,1.0,9.0,0.19114082,academico,0.32263476,academico,0.2568878
RA-1075,2024,2A,Agata,2.0,13.0,0.035973538,academico,0.4758352,engajamento,0.25590438
RA-830,2024,1L,Ametista,1.0,11.0,0.04343151,academico,0.4612623,academico,0.2523469
RA-1364,2024,ALFA S - G2/G3,Ametista,0.0,9.0,0.41724557,academico,0.0837646,academico,0.2505051
RA-1599,2024,5B,Ametista,5.0,17.0,0.11928153,academico,0.37828133,engajamento,0.24878143
RA-1414,2024,1E,Topázio,1.0,10.0,0.11011815,academico,0.38623005,contexto,0.2481741
RA-1553,2024,3R,Ametista,3.0,13.0,0.14144653,academico,0.35478634,engajamento,0.24811643
RA-1093,2024,3D,Topázio,3.0,12.0,0.030689752,academico,0.46235976,academico,0.24652475
RA-160,2024,5L,Agata,5.0,17.0,0.051185485,academico,0.4411807,contexto,0.2461831
RA-1030,2024,2D,Ametista,2.0,12.0,0.04529939,academico,0.44528922,engajamento,0.2452943
RA-603,2024,3U,Agata,3.0,12.0,0.25131857,academico,0.2361604,academico,0.24373949
RA-338,2024,4B,Topázio,4.0,14.0,0.030039208,academico,0.45615593,academico,0.24309757
RA-1082,2024,2A,Agata,2.0,13.0,0.2169445,academico,0.2681401,academico,0.2425423
RA-663,2024,2L,Agata,2.0,12.0,0.0563843,academico,0.42811474,academico,0.24224952
RA-1286,2024,ALFA C - G0/G1,Quartzo,0.0,7.0,0.021696113,academico,0.462166,engajamento,0.24193107
RA-1146,2024,3C,Quartzo,3.0,15.0,0.015425516,academico,0.46734703,engajamento,0.24138626
RA-1073,2024,3A,Ametista,3.0,13.0,0.050270747,academico,0.43208495,academico,0.24117784
RA-1359,2024,ALFA R - G0/G1,Ametista,0.0,7.0,0.3043122,academico,0.1779643,academico,0.24113825
RA-1188,2024,5G,Ametista,5.0,16.0,0.064692974,academico,0.41697043,academico,0.2408317
RA-570,2024,2H,Agata,2.0,12.0,0.022137819,academico,0.4585094,academico,0.2403236
RA-918,2024,ALFA G - G2/G3,Quartzo,0.0,8.0,0.25150114,academico,0.22580284,academico,0.23865199
RA-414,2024,3L,Ametista,3.0,14.0,0.11459324,academico,0.3607743,engajamento,0.23768377
RA-738,2024,1H,Ametista,1.0,10.0,0.0017456241,academico,0.4733719,academico,0.23755875
RA-123,2024,6A,Agata,6.0,18.0,0.029141407,academico,0.44199196,academico,0.23556668
RA-1510,2024,2R,Topázio,2.0,11.0,0.3166819,academico,0.15359682,engajamento,0.23513936
RA-1390,2024,ALFA Y - G0/G1,Topázio,0.0,7.0,0.19357647,academico,0.27289683,engajamento,0.23323664
RA-107,2024,5D,Agata,5.0,16.0,0.087824106,academico,0.37805152,academico,0.23293781
RA-1443,2024,1N,Agata,1.0,13.0,0.0032516166,academico,0.4586895,academico,0.23097056
RA-332,2024,4A,Topázio,4.0,15.0,0.17234886,academico,0.28797823,academico,0.23016354
RA-1363,2024,ALFA S - G2/G3,Ametista,0.0,7.0,0.18551755,contexto,0.27131084,contexto,0.2284142
RA-454,2024,4R,Quartzo,4.0,17.0,0.061996818,academico,0.3945163,psicopedagogico,0.22825655
RA-1009,2024,ALFA E - G2/G3,Agata,0.0,9.0,0.14617082,academico,0.3090726,academico,0.22762172
RA-886,2024,ALFA E - G2/G3,Topázio,0.0,8.0,0.18584836,academico,0.26902154,engajamento,0.22743495
RA-472,2024,2U,Agata,2.0,14.0,0.084100164,academico,0.37009156,academico,0.22709586
RA-1351,2024,ALFA O - G2/G3,Topázio,0.0,9.0,0.3763616,academico,0.075466216,academico,0.22591391
RA-934,2024,ALFA L - G2/G3,Topázio,0.0,9.0,0.43381986,contexto,0.016271064,engajamento,0.22504546
RA-1554,2024,3R,Agata,3.0,15.0,0.28716034,academico,0.162616,academico,0.22488818
RA-1084,2024,3A,Agata,3.0,12.0,0.03817741,academico,0.41141626,academico,0.22479683
RA-1405,2024,1D,Topázio,1.0,10.0,0.04007744,academico,0.40881297,academico,0.22444521
RA-1133,2024,3U,Topázio,3.0,11.0,0.30983382,academico,0.13860016,academico,0.224217
RA-788,2024,2N,Ametista,2.0,10.0,0.24274424,academico,0.20542349,academico,0.22408387
RA-568,2024,3F,Quartzo,3.0,16.0,0.069447406,academico,0.378497,engajamento,0.2239722
RA-112,2024,6A,Topázio,6.0,17.0,0.0043369797,academico,0.44186202,academico,0.2230995
RA-696,2024,2B,Ametista,2.0,10.0,0.029374875,academico,0.4147201,psicopedagogico,0.22204748
RA-1436,2024,1M,Ametista,1.0,11.0,0.031369694,academico,0.41132402,academico,0.22134686
RA-1323,2024,ALFA K - G0/G1,Ametista,0.0,9.0,0.25771877,academico,0.18494955,academico,0.22133416
RA-1119,2024,3M,Ametista,3.0,14.0,0.04450779,academico,0.39742452,engajamento,0.22096616
RA-193,2024,5C,Topázio,5.0,14.0,0.4344989,academico,0.006788295,academico,0.2206436
RA-179,2024,4A,Topázio,4.0,13.0,0.42305464,academico,0.01698648,academico,0.22002056
RA-471,2024,4M,Agata,4.0,14.0,0.054203678,academico,0.38535938,academico,0.21978153
RA-467,2024,4L,Ametista,4.0,15.0,0.07738192,academico,0.3620264,engajamento,0.21970415
RA-1393,2024,ALFA Y - G0/G1,Ametista,0.0,7.0,0.04789842,academico,0.39025232,contexto,0.21907537
RA-955,2024,1K,Agata,1.0,11.0,0.004226471,academico,0.43217924,engajamento,0.21820286
RA-1065,2024,2N,Topázio,2.0,11.0,0.053073168,academico,0.38309404,academico,0.2180836
RA-277,2024,7E,Topázio,7.0,16.0,0.4201434,academico,0.015194934,academico,0.21766916
RA-1389,2024,ALFA Y - G0/G1,Topázio,0.0,7.0,0.116959624,academico,0.31705636,academico,0.217008
RA-1013,2024,ALFA E - G2/G3,Quartzo,0.0,8.0,0.19644889,academico,0.23710157,engajamento,0.21677524
RA-1018,2024,1A,Ametista,1.0,10.0,0.0024600646,academico,0.43061927,academico,0.21653967
RA-1569,2024,4B,Quartzo,4.0,17.0,0.23412448,academico,0.19880882,academico,0.21646665
RA-927,2024,1G,Ametista,1.0,10.0,0.2896088,academico,0.14085007,academico,0.21522944
RA-1341,2024,ALFA M - G0/G1,Ametista,0.0,9.0,0.39433247,academico,0.035611585,academico,0.21497202
RA-1421,2024,1H,Ametista,1.0,11.0,0.02258858,academico,0.40448102,academico,0.2135348
RA-719,2024,1J,Ametista,1.0,12.0,0.07315735,academico,0.35348728,academico,0.21332231
RA-1058,2024,1K,Ametista,1.0,10.0,0.0018417633,academico,0.42443517,academico,0.21313846
RA-1629,2024,6A,Ametista,6.0,17.0,0.07139062,academico,0.3534687,academico,0.21242966
RA-398,2024,3U,Ametista,3.0,12.0,0.005042067,academico,0.41847545,academico,0.21175876
RA-686,2024,2C,Topázio,2.0,11.0,0.28660178,academico,0.13512057,academico,0.21086118
RA-802,2024,2R,Ametista,2.0,11.0,0.21976483,academico,0.20129746,academico,0.21053115
RA-871,2024,1B,Ametista,1.0,10.0,0.111975335,academico,0.30879217,academico,0.21038376
RA-662,2024,3M,Ametista,3.0,13.0,0.06347664,academico,0.35724953,academico,0.21036309
RA-1385,2024,ALFA U - G2/G3,Ametista,0.0,8.0,0.38202927,academico,0.036137708,academico,0.20908348
RA-1412,2024,1E,Topázio,1.0,10.0,0.2410532,academico,0.17704393,academico,0.20904857
RA-147,2024,5F,Ametista,5.0,16.0,0.06573945,academico,0.35227603,engajamento,0.20900774
RA-1626,2024,6A,Topázio,6.0,16.0,0.36484998,academico,0.0531518,engajamento,0.20900089
RA-1299,2024,ALFA E - G2/G3,Ametista,0.0,10.0,0.008057878,academico,0.40647104,academico,0.20726447
RA-1378,2024,ALFA U - G2/G3,Ametista,0.0,10.0,0.03847721,academico,0.3749855,academico,0.20673135
RA-583,2024,3I,Ametista,3.0,14.0,0.22300911,academico,0.18942839,academico,0.20621875
RA-1457,2024,2B,Agata,2.0,12.0,0.05070231,academico,0.36057106,academico,0.20563668
RA-1310,2024,ALFA H - G0/G1,Topázio,0.0,7.0,0.1375449,academico,0.27063265,academico,0.20408878
RA-1611,2024,5F,Agata,5.0,17.0,0.054484297,academico,0.35334837,academico,0.20391634
RA-642,2024,3P,Ametista,3.0,12.0,0.3339831,academico,0.07352798,academico,0.20375553
RA-217,2024,5A,Ametista,5.0,17.0,0.0040282705,academico,0.40038505,engajamento,0.20220666
RA-643,2024,2P,Agata,2.0,12.0,0.095022686,academico,0.30880526,academico,0.20191397
RA-945,2024,ALFA N - G2/G3,Ametista,0.0,9.0,0.29021108,academico,0.11345129,academico,0.20183119
RA-1019,2024,1A,Topázio,1.0,9.0,0.13096991,academico,0.27267668,academico,0.2018233
RA-861,2024,ALFA B - G2/G3,Topázio,0.0,9.0,0.12437157,academico,0.27672327,academico,0.20054743
RA-85,2024,5N,Agata,5.0,17.0,0.014408998,academico,0.38600025,contexto,0.20020463
RA-1466,2024,2D,Topázio,2.0,12.0,0.18258381,academico,0.21692483,academico,0.19975433
RA-680,2024,2A,Quartzo,2.0,12.0,0.14925137,academico,0.24980617,academico,0.19952877
RA-152,2024,5L,Agata,5.0,17.0,0.0041118795,academico,0.39328325,academico,0.19869757
RA-1490,2024,2L,Ametista,2.0,12.0,0.027730495,academico,0.36746246,academico,0.19759648
RA-577,2024,2H,Agata,2.0,12.0,0.10623265,academico,0.28876767,academico,0.19750015
RA-211,2024,5A,Topázio,5.0,15.0,0.3401239,academico,0.05219651,academico,0.1961602
RA-1435,2024,1M,Ametista,1.0,10.0,0.26611143,academico,0.12455962,academico,0.19533552
RA-1226,2024,7E,Ametista,7.0,17.0,0.101307735,academico,0.2887598,engajamento,0.19503376
RA-987,2024,1P,Topázio,1.0,9.0,0.27353632,academico,0.11601849,academico,0.1947774
RA-837,2024,2G,Ametista,2.0,10.0,0.33157024,academico,0.057005715,engajamento,0.19428797
RA-1603,2024,5C,Ametista,5.0,16.0,0.0007732103,academico,0.3867185,engajamento,0.19374587
RA-1568,2024,4B,Ametista,4.0,15.0,0.00895672,academico,0.37492144,academico,0.19193909
RA-1312,2024,ALFA H - G0/G1,Ametista,0.0,9.0,0.19203946,academico,0.19125257,engajamento,0.19164601
RA-1424,2024,1J,Ametista,1.0,12.0,0.04841904,academico,0.33484614,academico,0.19163258
RA-52,2024,7E,Topázio,7.0,15.0,0.34149852,academico,0.038931444,academico,0.19021499
RA-762,2024,2K,Quartzo,2.0,14.0,0.0100584915,academico,0.3700723,engajamento,0.1900654
RA-548,2024,3H,Ametista,3.0,13.0,0.027748622,academico,0.3509257,academico,0.18933716
RA-1102,2024,3H,Topázio,3.0,12.0,0.32267156,academico,0.053304322,academico,0.18798794
RA-1384,2024,ALFA U - G2/G3,Agata,0.0,10.0,0.0028756012,academico,0.3723557,academico,0.18761565
RA-1171,2024,4R,Ametista,4.0,15.0,0.012620545,academico,0.36032602,academico,0.18647328
RA-941,2024,ALFA L - G2/G3,Ametista,0.0,9.0,0.11126367,academico,0.26087093,engajamento,0.1860673
RA-121,2024,5A,Ametista,5.0,17.0,0.008712315,academico,0.36287972,academico,0.18579602
RA-1327,2024,ALFA K - G0/G1,Topázio,0.0,7.0,0.32740963,academico,0.04353536,academico,0.18547249
RA-1571,2024,4B,Ametista,4.0,16.0,0.09323447,academico,0.27623883,engajamento,0.18473665
RA-407,2024,4L,Ametista,4.0,15.0,0.20775281,academico,0.16167048,academico,0.18471164
RA-432,2024,4L,Ametista,4.0,16.0,0.049030278,academico,0.3200348,engajamento,0.18453254
RA-958,2024,1M,Topázio,1.0,9.0,0.07285422,academico,0.29620564,engajamento,0.18452993
RA-1557,2024,3U,Topázio,3.0,14.0,0.03854514,academico,0.3289504,academico,0.18374777
RA-968,2024,1R,Ametista,1.0,10.0,0.0021890055,academico,0.3649333,engajamento,0.18356116
RA-990,2024,1A,Ametista,1.0,10.0,0.0068811895,academico,0.3601743,academico,0.18352774
RA-1410,2024,1E,Ametista,1.0,11.0,0.07278629,psicopedagogico,0.29384965,engajamento,0.18331796
RA-192,2024,5B,Agata,5.0,17.0,0.024617856,academico,0.3409795,academico,0.18279867
RA-805,2024,1R,Agata,1.0,10.0,0.23689261,contexto,0.12799,academico,0.18244131
RA-249,2024,4F,Agata,4.0,16.0,0.0057171015,academico,0.35886315,academico,0.18229012
RA-92,2024,7A,Topázio,7.0,18.0,0.09376729,academico,0.2693761,academico,0.18157169
RA-549,2024,2G,Agata,2.0,12.0,0.054609295,academico,0.30818602,academico,0.18139766
RA-286,2024,5M,Quartzo,5.0,16.0,0.1520049,academico,0.20960996,engajamento,0.18080743
RA-1064,2024,2N,Topázio,2.0,11.0,0.27490842,academico,0.086115986,engajamento,0.1805122
RA-1343,2024,ALFA M - G0/G1,Topázio,0.0,7.0,0.089076266,academico,0.27062026,academico,0.17984825
RA-538,2024,3H,Agata,3.0,14.0,0.14079276,academico,0.21703975,academico,0.17891625
RA-1068,2024,2R,Topázio,2.0,11.0,0.121093236,academico,0.23435935,academico,0.1777263
RA-242,2024,7E,Topázio,7.0,15.0,0.33161125,academico,0.023716124,academico,0.17766368
RA-269,2024,7E,Topázio,7.0,15.0,0.3354822,academico,0.016799662,academico,0.17614093
RA-1525,2024,3C,Ametista,3.0,13.0,0.11265722,academico,0.23949534,academico,0.17607628
RA-806,2024,1R,Agata,1.0,10.0,0.03098785,contexto,0.32098374,academico,0.1759858
RA-1353,2024,ALFA Q - G2/G3,Agata,0.0,10.0,0.08646343,academico,0.26478904,academico,0.17562623
RA-91,2024,6L,Ametista,6.0,18.0,0.00067325536,academico,0.350548,academico,0.17561063
RA-1461,2024,2C,Agata,2.0,12.0,0.0731461,academico,0.2779399,academico,0.175543
RA-1034,2024,2B,Topázio,2.0,11.0,0.02457982,academico,0.32643807,academico,0.17550895
RA-971,2024,ALFA Q - G2/G3,Agata,0.0,9.0,0.17525332,academico,0.17491499,academico,0.17508414
RA-1287,2024,ALFA C - G0/G1,Ametista,0.0,8.0,0.20375937,academico,0.14537717,academico,0.17456827
RA-1362,2024,ALFA R - G0/G1,Ametista,0.0,7.0,0.29524845,academico,0.052022148,academico,0.1736353
RA-1379,2024,ALFA U - G2/G3,Agata,0.0,8.0,0.32674104,academico,0.018290678,academico,0.17251585
RA-1558,2024,4A,Ametista,4.0,16.0,0.079171486,academico,0.26547775,engajamento,0.17232461
RA-513,2024,3B,Topázio,3.0,11.0,0.30821672,academico,0.035408027,academico,0.17181237
RA-613,2024,3N,Ametista,3.0,15.0,0.08851186,academico,0.2528929,academico,0.17070238
RA-1315,2024,ALFA H - G0/G1,Topázio,0.0,7.0,0.2644533,academico,0.073958,academico,0.16920565
RA-796,2024,2P,Ametista,2.0,12.0,0.17121841,academico,0.16552024,academico,0.16836932
RA-1308,2024,ALFA H - G0/G1,Agata,0.0,9.0,0.122784294,academico,0.21387088,academico,0.16832758
RA-1534,2024,3I,Ametista,3.0,13.0,0.25700614,academico,0.07654709,engajamento,0.16677661
RA-364,2024,3G,Topázio,3.0,13.0,0.30508435,academico,0.027976722,academico,0.16653053
RA-1598,2024,5B,Topázio,5.0,15.0,0.18169363,academico,0.15080255,academico,0.16624808
RA-1503,2024,2P,Agata,2.0,13.0,0.04252033,academico,0.28938207,engajamento,0.16595119
RA-1584,2024,4L,Ametista,4.0,15.0,0.05800764,academico,0.27208275,academico,0.16504519
RA-1349,2024,ALFA O - G2/G3,Ametista,0.0,10.0,0.023444898,contexto,0.30470166,engajamento,0.16407327
RA-907,2024,ALFA J - G2/G3,Ametista,0.0,9.0,0.21911076,academico,0.10886636,academico,0.16398856
RA-979,2024,ALFA Q - G2/G3,Topázio,0.0,9.0,0.30225688,academico,0.025229838,academico,0.16374336
RA-1471,2024,2G,Ametista,2.0,13.0,0.010640366,academico,0.315876,academico,0.16325818
RA-426,2024,4L,Agata,4.0,15.0,0.033678498,academico,0.29074082,academico,0.16220966
RA-267,2024,5G,Quartzo,5.0,17.0,0.077440426,academico,0.24655959,academico,0.162
RA-1447,2024,1N,Ametista,1.0,11.0,0.11505315,academico,0.20874108,engajamento,0.16189712
RA-64,2024,7A,Topázio,7.0,18.0,0.02602483,academico,0.29666954,academico,0.16134718
RA-1449,2024,1R,Ametista,1.0,10.0,0.014324253,contexto,0.30769697,academico,0.16101061
RA-1288,2024,ALFA C - G0/G1,Ametista,0.0,7.0,0.1053932,academico,0.21641815,academico,0.16090567
RA-1333,2024,ALFA L - G2/G3,Topázio,0.0,9.0,0.30180085,contexto,0.019384108,engajamento,0.16059248
RA-271,2024,5M,Ametista,5.0,17.0,0.043561783,academico,0.27748433,academico,0.16052306
RA-375,2024,3H,Ametista,3.0,13.0,0.21262747,academico,0.10795679,academico,0.16029213
RA-87,2024,7A,Topázio,7.0,17.0,0.27471232,academico,0.045313463,academico,0.1600129
RA-1096,2024,3B,Topázio,3.0,11.0,0.2374728,academico,0.082332596,engajamento,0.15990269
RA-115,2024,5A,Quartzo,5.0,17.0,0.003588281,academico,0.31471446,engajamento,0.15915138
RA-1560,2024,4A,Topázio,4.0,14.0,0.24623659,academico,0.071385354,academico,0.15881097
RA-1418,2024,1G,Ametista,1.0,11.0,0.030522497,academico,0.28699252,academico,0.15875751
RA-411,2024,4M,Ametista,4.0,14.0,0.1119314,academico,0.20485017,academico,0.15839079
RA-137,2024,5F,Agata,5.0,18.0,0.017273469,academico,0.29918385,academico,0.15822865
RA-1012,2024,ALFA C - G0/G1,Topázio,0.0,9.0,0.27382034,contexto,0.042313885,academico,0.1580671
RA-403,2024,3K,Topázio,3.0,14.0,0.13487913,academico,0.18120265,academico,0.15804088
RA-1459,2024,2C,Agata,2.0,12.0,0.2298473,academico,0.08296697,academico,0.15640713
RA-1415,2024,1G,Ametista,1.0,10.0,0.025336787,academico,0.28718084,engajamento,0.15625882
RA-842,2024,1G,Ametista,1.0,10.0,0.04532605,contexto,0.2663645,academico,0.15584528
RA-610,2024,3K,Ametista,3.0,11.0,0.19707766,academico,0.11446474,engajamento,0.1557712
RA-1419,2024,1H,Topázio,1.0,10.0,0.14180051,academico,0.16712007,engajamento,0.15446028
RA-1031,2024,1C,Agata,1.0,11.0,0.19913046,academico,0.10872454,psicopedagogico,0.1539275
RA-1523,2024,3B,Topázio,3.0,11.0,0.17994548,academico,0.12728572,academico,0.1536156
RA-1022,2024,1A,Ametista,1.0,10.0,0.0032082424,contexto,0.30124,academico,0.15222412
RA-1155,2024,4F,Ametista,4.0,15.0,0.013508395,academico,0.29039878,academico,0.1519536
RA-591,2024,2K,Agata,2.0,13.0,0.1350582,academico,0.1687144,academico,0.1518863
RA-909,2024,ALFA J - G2/G3,Ametista,0.0,11.0,0.0077245845,academico,0.29373264,academico,0.15072861
RA-1484,2024,2L,Ametista,2.0,14.0,0.009566255,academico,0.2915363,engajamento,0.15055127
RA-131,2024,5F,Ametista,5.0,17.0,0.03855434,academico,0.26174533,academico,0.15014984
RA-220,2024,5B,Ametista,5.0,15.0,0.11917332,academico,0.18093093,engajamento,0.15005213
RA-781,2024,2N,Topázio,2.0,11.0,0.25506574,academico,0.044617552,engajamento,0.14984165
RA-1476,2024,2K,Topázio,2.0,11.0,0.10619776,academico,0.19137532,engajamento,0.14878654
RA-814,2024,2P,Ametista,2.0,11.0,0.07848537,academico,0.21839447,contexto,0.14843991
RA-1358,2024,ALFA R - G0/G1,Agata,0.0,7.0,0.1278785,academico,0.16887982,contexto,0.14837916
RA-752,2024,2U,Agata,2.0,12.0,0.023700606,academico,0.26757294,academico,0.14563677
RA-1339,2024,ALFA M - G0/G1,Ametista,0.0,8.0,0.121612355,academico,0.16838047,academico,0.1449964
RA-1394,2024,1A,Ametista,1.0,10.0,0.025924047,contexto,0.26305038,engajamento,0.14448722
RA-1214,2024,7A,Topázio,7.0,17.0,0.049427737,academico,0.23864836,academico,0.14403805
RA-785,2024,2U,Topázio,2.0,11.0,0.071070455,academico,0.2167556,engajamento,0.14391303
RA-204,2024,4B,Ametista,4.0,15.0,0.016157845,academico,0.27103713,academico,0.14359748
RA-904,2024,ALFA F - G0/G1,Ametista,0.0,8.0,0.09402789,psicopedagogico,0.1922266,engajamento,0.14312725
RA-318,2024,5L,Ametista,5.0,16.0,0.13845508,academico,0.14685155,academico,0.14265332
RA-840,2024,1G,Topázio,1.0,10.0,0.2174991,academico,0.06614273,academico,0.14182092
RA-1004,2024,ALFA J - G2/G3,Ametista,0.0,9.0,0.18167114,academico,0.10087141,academico,0.14127128
RA-1587,2024,4L,Ametista,4.0,16.0,0.004383213,academico,0.2777904,engajamento,0.1410868
RA-1154,2024,3G,Ametista,3.0,14.0,0.025151731,academico,0.25698265,academico,0.14106719
RA-1342,2024,ALFA M - G0/G1,Ametista,0.0,8.0,0.26424968,academico,0.016043503,academico,0.1401466
RA-184,2024,5D,Topázio,5.0,14.0,0.2524897,academico,0.026860299,academico,0.13967499
RA-1354,2024,ALFA Q - G2/G3,Ametista,0.0,10.0,0.06938828,contexto,0.20960528,academico,0.13949677
RA-241,2024,7E,Topázio,7.0,16.0,0.23784573,academico,0.04070124,academico,0.1392735
RA-916,2024,ALFA I - G2/G3,Quartzo,0.0,10.0,0.006594596,academico,0.2683652,academico,0.1374799
RA-937,2024,ALFA O - G2/G3,Topázio,0.0,9.0,0.07432317,academico,0.19790891,engajamento,0.13611604
RA-1189,2024,5G,Ametista,5.0,16.0,0.038573503,academico,0.2321152,academico,0.13534436
RA-884,2024,ALFA B - G2/G3,Topázio,0.0,8.0,0.21586742,contexto,0.052922472,academico,0.13439494
RA-1430,2024,1L,Ametista,1.0,11.0,0.059834205,academico,0.20888208,engajamento,0.13435814
RA-780,2024,1L,Ametista,1.0,11.0,0.025341697,academico,0.24321526,engajamento,0.13427848
RA-1028,2024,1B,Ametista,1.0,12.0,0.00093486323,academico,0.26684275,academico,0.13388881
RA-483,2024,2B,Agata,2.0,13.0,0.038455892,academico,0.2210183,academico,0.1297371
RA-790,2024,2U,Agata,2.0,13.0,0.089092925,academico,0.16998237,academico,0.12953764
RA-1567,2024,4B,Ametista,4.0,16.0,0.0027905924,academico,0.25621298,academico,0.12950179
RA-594,2024,2M,Agata,2.0,12.0,0.06459345,academico,0.19409272,academico,0.12934309
RA-905,2024,ALFA J - G2/G3,Agata,0.0,10.0,0.009272117,academico,0.24817432,academico,0.12872322
RA-1445,2024,1N,Ametista,1.0,10.0,0.0582995,academico,0.19871302,academico,0.12850626
RA-991,2024,1A,Ametista,1.0,10.0,0.060650468,contexto,0.19586456,engajamento,0.12825751
RA-666,2024,3L,Topázio,3.0,12.0,0.0056569786,academico,0.24677001,academico,0.12621349
RA-714,2024,2H,Quartzo,2.0,13.0,0.009383792,academico,0.24068567,engajamento,0.12503473
RA-704,2024,1H,Agata,1.0,12.0,0.019571165,contexto,0.23021093,engajamento,0.12489105
RA-892,2024,1C,Topázio,1.0,9.0,0.18425491,academico,0.06443689,engajamento,0.1243459
RA-862,2024,ALFA B - G2/G3,Ametista,0.0,10.0,0.0026230672,academico,0.24570467,academico,0.124163866
RA-985,2024,1P,Topázio,1.0,9.0,0.22524315,academico,0.021192579,engajamento,0.123217866
RA-926,2024,1G,Ametista,1.0,10.0,0.027637057,contexto,0.21729551,engajamento,0.12246628
RA-1467,2024,2D,Topázio,2.0,12.0,0.043389235,academico,0.20151095,contexto,0.12245009
RA-777,2024,2N,Ametista,2.0,10.0,0.11230401,academico,0.13217035,engajamento,0.122237176
RA-889,2024,ALFA B - G2/G3,Topázio,0.0,9.0,0.16368078,contexto,0.07988519,academico,0.12178299
RA-347,2024,4A,Topázio,4.0,14.0,0.23686796,academico,0.0060119475,academico,0.121439956
RA-930,2024,ALFA O - G2/G3,Ametista,0.0,9.0,0.20229681,academico,0.03944842,engajamento,0.12087262
RA-624,2024,2L,Ametista,2.0,12.0,0.07716181,academico,0.161001,engajamento,0.11908141
RA-1495,2024,2M,Topázio,2.0,11.0,0.052920915,academico,0.17986117,academico,0.11639105
RA-1406,2024,1D,Ametista,1.0,10.0,0.003701324,academico,0.22417153,academico,0.11393643
RA-56,2024,7A,Topázio,7.0,17.0,0.06616732,academico,0.15966518,academico,0.112916246
RA-1166,2024,4M,Ametista,4.0,16.0,0.004993319,academico,0.21890615,engajamento,0.111949734
RA-1537,2024,3I,Topázio,3.0,14.0,0.06453662,psicopedagogico,0.15928368,academico,0.11191015
RA-1533,2024,3I,Topázio,3.0,14.0,0.1253957,academico,0.097793184,engajamento,0.11159444
RA-618,2024,3K,Agata,3.0,15.0,0.029177373,academico,0.1928258,academico,0.11100158
RA-747,2024,1K,Quartzo,1.0,12.0,0.0059729167,academico,0.21567161,contexto,0.11082227
RA-851,2024,1B,Agata,1.0,10.0,0.026086397,contexto,0.19486336,contexto,0.110474885
RA-1043,2024,1H,Ametista,1.0,11.0,0.051152356,academico,0.1690953,academico,0.11012383
RA-357,2024,3I,Ametista,3.0,14.0,0.05180644,academico,0.16839194,engajamento,0.11009919
RA-1039,2024,2I,Ametista,2.0,13.0,0.040827215,academico,0.1763171,engajamento,0.108572155
RA-1355,2024,ALFA Q - G2/G3,Ametista,0.0,10.0,0.0040959613,academico,0.20752971,academico,0.10581283
RA-950,2024,ALFA N - G2/G3,Ametista,0.0,9.0,0.08997115,academico,0.12137568,academico,0.10567342
RA-1067,2024,1K,Ametista,1.0,11.0,0.02289768,academico,0.18779695,engajamento,0.10534731
RA-539,2024,3G,Topázio,3.0,13.0,0.10390845,academico,0.10668441,academico,0.10529643
RA-1596,2024,4R,Ametista,4.0,17.0,0.018048614,academico,0.1913469,engajamento,0.10469776
RA-690,2024,1E,Ametista,1.0,11.0,0.004931359,academico,0.20340377,engajamento,0.104167566
RA-557,2024,3H,Topázio,3.0,12.0,0.1300272,academico,0.07779973,academico,0.10391347
RA-1574,2024,4C,Ametista,4.0,16.0,0.035592627,academico,0.17124233,academico,0.10341748
RA-98,2024,7E,Topázio,7.0,16.0,0.15718257,academico,0.046172913,academico,0.101677746
RA-531,2024,3B,Ametista,3.0,12.0,0.13471533,academico,0.06608836,engajamento,0.10040185
RA-90,2024,7E,Topázio,7.0,15.0,0.1491575,academico,0.05000145,academico,0.09957947
RA-1566,2024,4B,Ametista,4.0,17.0,0.0027979878,academico,0.19583543,academico,0.09931671
RA-963,2024,1R,Topázio,1.0,10.0,0.16213366,academico,0.03416367,engajamento,0.09814867
RA-1210,2024,6L,Topázio,6.0,17.0,0.05054079,academico,0.1452714,academico,0.0979061
RA-873,2024,1B,Ametista,1.0,12.0,0.00056693354,academico,0.19460854,engajamento,0.097587734
RA-1442,2024,1M,Ametista,1.0,13.0,0.0033917509,academico,0.1891006,academico,0.096246175
RA-1176,2024,5C,Topázio,5.0,14.0,0.16230066,academico,0.028992025,engajamento,0.095646344
RA-729,2024,ALFA J - G2/G3,Agata,0.0,10.0,0.026379725,contexto,0.16402484,engajamento,0.09520228
RA-756,2024,ALFA L - G2/G3,Ametista,0.0,11.0,0.014949277,academico,0.17458862,engajamento,0.09476895
RA-657,2024,3R,Topázio,3.0,13.0,0.15600517,academico,0.03325945,academico,0.09463231
RA-973,2024,ALFA Q - G2/G3,Agata,0.0,10.0,0.004386641,academico,0.18422791,academico,0.09430727
RA-274,2024,5L,Topázio,5.0,13.0,0.15986757,academico,0.028697666,engajamento,0.09428262
RA-1463,2024,2D,Topázio,2.0,12.0,0.12728192,academico,0.0603768,engajamento,0.09382936
RA-186,2024,5B,Topázio,5.0,15.0,0.17958282,academico,0.007807725,academico,0.093695275
RA-450,2024,4L,Ametista,4.0,15.0,0.0066764187,academico,0.17994975,engajamento,0.09331308
RA-457,2024,4N,Topázio,4.0,14.0,0.04179327,academico,0.1444488,academico,0.09312104
RA-1452,2024,2A,Topázio,2.0,12.0,0.15537308,academico,0.029829422,engajamento,0.092601255
RA-1580,2024,4F,Ametista,4.0,16.0,0.0056915144,academico,0.177661,academico,0.09167626
RA-1576,2024,4C,Ametista,4.0,16.0,0.017831068,academico,0.16461231,academico,0.09122169
RA-516,2024,3C,Topázio,3.0,11.0,0.15905833,academico,0.02336373,engajamento,0.09121103
RA-587,2024,1L,Agata,1.0,12.0,0.001122617,academico,0.18101647,academico,0.09106955
RA-1409,2024,1D,Ametista,1.0,10.0,0.010128485,academico,0.16992885,academico,0.090028666
RA-503,2024,3D,Topázio,3.0,12.0,0.16985811,academico,0.009218712,engajamento,0.08953841
RA-1425,2024,1J,Agata,1.0,12.0,0.08092458,academico,0.09690159,academico,0.08891308
RA-1432,2024,1M,Topázio,1.0,10.0,0.06956472,contexto,0.10551751,engajamento,0.08754112
RA-176,2024,5C,Topázio,5.0,15.0,0.14057569,academico,0.03247076,academico,0.08652323
RA-326,2024,4A,Topázio,4.0,14.0,0.05007058,academico,0.12270717,academico,0.08638888
RA-1020,2024,1A,Topázio,1.0,10.0,0.025617473,academico,0.14601934,engajamento,0.08581841
RA-710,2024,2G,Ametista,2.0,12.0,0.045226328,academico,0.1258917,engajamento,0.08555901
RA-1428,2024,1L,Topázio,1.0,10.0,0.018553523,contexto,0.1507981,academico,0.08467581
RA-816,2024,2P,Topázio,2.0,11.0,0.04420835,academico,0.12192466,engajamento,0.08306651
RA-586,2024,3U,Topázio,3.0,11.0,0.11429938,academico,0.05107629,academico,0.08268783
RA-1331,2024,ALFA K - G0/G1,Ametista,0.0,7.0,0.06670907,academico,0.09685762,contexto,0.08178335
RA-1293,2024,ALFA D - G2/G3,Topázio,0.0,9.0,0.031120917,academico,0.13237277,academico,0.08174684
RA-1285,2024,ALFA C - G0/G1,Topázio,0.0,7.0,0.05843916,academico,0.10496672,academico,0.08170294
RA-885,2024,ALFA D - G2/G3,Topázio,0.0,9.0,0.1400406,contexto,0.023003569,engajamento,0.081522085
RA-1289,2024,ALFA D - G2/G3,Ametista,0.0,10.0,0.0027340294,academico,0.16028813,academico,0.08151108
RA-757,2024,1K,Ametista,1.0,11.0,0.0033993172,academico,0.15701905,academico,0.08020918
RA-1555,2024,3R,Ametista,3.0,13.0,0.040630482,academico,0.11968685,engajamento,0.080158666
RA-1563,2024,4B,Ametista,4.0,15.0,0.034640376,academico,0.12552829,academico,0.08008433
RA-699,2024,1A,Agata,1.0,11.0,0.022733165,academico,0.13727532,psicopedagogico,0.080004245
RA-491,2024,2B,Agata,2.0,12.0,0.019322507,contexto,0.13953722,academico,0.079429865
RA-1561,2024,4A,Ametista,4.0,16.0,0.0041354033,academico,0.15471408,academico,0.07942474
RA-48,2024,7A,Topázio,7.0,17.0,0.050290238,academico,0.1079728,academico,0.07913152
RA-655,2024,3R,Topázio,3.0,14.0,0.094542235,academico,0.06300979,academico,0.07877602
RA-487,2024,3A,Topázio,3.0,12.0,0.03941898,academico,0.1173292,academico,0.07837409
RA-1615,2024,5M,Topázio,5.0,15.0,0.083854824,academico,0.07188048,engajamento,0.07786766
RA-1036,2024,2H,Topázio,2.0,12.0,0.053612307,academico,0.10090782,academico,0.07726006
RA-737,2024,2H,Topázio,2.0,11.0,0.029714389,academico,0.124712236,academico,0.07721331
RA-687,2024,2D,Topázio,2.0,11.0,0.13703863,academico,0.014990613,academico,0.07601462
RA-1597,2024,4R,Agata,4.0,16.0,0.045473892,academico,0.106506966,academico,0.07599043
RA-304,2024,3N,Agata,3.0,16.0,0.0013650241,academico,0.15057728,academico,0.07597115
RA-571,2024,2G,Agata,2.0,13.0,0.05011909,academico,0.10118485,engajamento,0.07565197
RA-1024,2024,1B,Topázio,1.0,11.0,0.0034985626,academico,0.1476588,academico,0.07557868
RA-93,2024,7E,Topázio,7.0,17.0,0.1061485,academico,0.044189405,academico,0.07516895
RA-1429,2024,1L,Topázio,1.0,11.0,0.012693806,academico,0.13639456,academico,0.074544184
RA-580,2024,2H,Ametista,2.0,12.0,0.012093445,academico,0.13621554,academico,0.07415449
RA-438,2024,2K,Ametista,2.0,12.0,0.002847829,academico,0.14386389,academico,0.07335586
RA-894,2024,1C,Topázio,1.0,10.0,0.0017653805,academico,0.14331822,engajamento,0.0725418
RA-1314,2024,ALFA H - G0/G1,Topázio,0.0,7.0,0.12505874,contexto,0.019450495,academico,0.07225462
RA-1417,2024,1G,Ametista,1.0,10.0,0.0151107805,academico,0.12876236,academico,0.07193657
RA-1040,2024,2I,Ametista,2.0,12.0,0.013508294,academico,0.12971471,academico,0.0716115
RA-1413,2024,1E,Ametista,1.0,12.0,0.0008639819,academico,0.14099045,engajamento,0.07092722
RA-278,2024,5N,Topázio,5.0,14.0,0.1266787,academico,0.014786248,engajamento,0.070732474
RA-721,2024,2G,Topázio,2.0,10.0,0.025790943,academico,0.11425812,academico,0.07002453
RA-1157,2024,3H,Ametista,3.0,15.0,0.005094416,academico,0.13452318,academico,0.069808796
RA-279,2024,5N,Topázio,5.0,15.0,0.10404185,academico,0.035301004,engajamento,0.06967143
RA-1029,2024,1C,Ametista,1.0,10.0,0.005026804,academico,0.1318642,academico,0.0684455
RA-1438,2024,1M,Topázio,1.0,10.0,0.003361618,academico,0.13289076,academico,0.06812619
RA-260,2024,4F,Topázio,4.0,15.0,0.12235089,academico,0.013800879,engajamento,0.06807588
RA-1609,2024,5F,Ametista,5.0,17.0,0.026133576,academico,0.11001253,engajamento,0.06807306
RA-157,2024,5N,Topázio,5.0,14.0,0.07079685,academico,0.06402129,engajamento,0.06740907
RA-119,2024,7E,Topázio,7.0,16.0,0.090945095,academico,0.042098608,academico,0.06652185
RA-106,2024,6A,Ametista,6.0,16.0,0.043523613,academico,0.08929417,engajamento,0.066408895
RA-743,2024,1C,Ametista,1.0,11.0,0.024341268,academico,0.10843128,academico,0.066386275
RA-543,2024,3F,Topázio,3.0,12.0,0.109742895,academico,0.022867683,engajamento,0.06630529
RA-1061,2024,2M,Topázio,2.0,11.0,0.07990987,academico,0.050609235,academico,0.06525955
RA-961,2024,1M,Agata,1.0,10.0,0.065544255,contexto,0.06403493,engajamento,0.06478959
RA-801,2024,1R,Agata,1.0,10.0,0.033656828,academico,0.09559475,academico,0.064625785
RA-653,2024,3R,Topázio,3.0,13.0,0.10218163,academico,0.026470216,academico,0.06432592
RA-562,2024,3I,Topázio,3.0,13.0,0.1084886,academico,0.019923955,academico,0.06420627
RA-725,2024,ALFA G - G2/G3,Ametista,0.0,10.0,0.019151382,contexto,0.109139845,academico,0.06414561
RA-526,2024,3C,Ametista,3.0,14.0,0.04852709,academico,0.079405285,engajamento,0.063966185
RA-718,2024,2I,Topázio,2.0,10.0,0.048405353,academico,0.07235739,academico,0.060381368
RA-1433,2024,1M,Topázio,1.0,10.0,0.002973842,academico,0.11760578,academico,0.06028981
RA-964,2024,1R,Ametista,1.0,10.0,0.039471798,academico,0.08087934,academico,0.060175568
RA-827,2024,2K,Topázio,2.0,12.0,0.0738534,academico,0.04591051,engajamento,0.059881955
RA-879,2024,1A,Topázio,1.0,10.0,0.0014759204,academico,0.117376834,academico,0.05942638
RA-383,2024,4F,Topázio,4.0,13.0,0.1074126,academico,0.010757258,academico,0.05908493
RA-1149,2024,4A,Topázio,4.0,15.0,0.08286026,academico,0.03511925,academico,0.058989756
RA-1203,2024,6L,Topázio,6.0,17.0,0.036338635,academico,0.079883754,engajamento,0.058111195
RA-1398,2024,1B,Ametista,1.0,11.0,0.0038780961,academico,0.11223679,academico,0.058057442
RA-172,2024,7E,Topázio,7.0,16.0,0.08549541,academico,0.0304435,academico,0.05796946
RA-898,2024,1B,Ametista,1.0,10.0,0.002783624,academico,0.113101766,engajamento,0.057942696
RA-167,2024,6L,Topázio,6.0,18.0,0.0010808207,academico,0.11425784,academico,0.05766933
RA-938,2024,ALFA L - G2/G3,Topázio,0.0,10.0,0.068855405,contexto,0.044971716,academico,0.056913562
RA-787,2024,ALFA O - G2/G3,Ametista,0.0,10.0,0.06703128,contexto,0.04535727,engajamento,0.056194276
RA-247,2024,4B,Agata,4.0,14.0,0.059773464,academico,0.052548107,academico,0.056160785
RA-1305,2024,ALFA G - G2/G3,Agata,0.0,10.0,0.04685487,contexto,0.06453968,academico,0.055697273
RA-1602,2024,5C,Topázio,5.0,15.0,0.049587496,academico,0.060886346,academico,0.05523692
RA-76,2024,7E,Topázio,7.0,16.0,0.06385515,academico,0.04594059,academico,0.054897867
RA-196,2024,5C,Topázio,5.0,14.0,0.09979279,academico,0.009119806,engajamento,0.0544563
RA-599,2024,3K,Topázio,3.0,12.0,0.08533209,academico,0.0233294,academico,0.054330744
RA-502,2024,2D,Topázio,2.0,10.0,0.05910803,academico,0.049322475,academico,0.054215252
RA-740,2024,1H,Topázio,1.0,11.0,0.0015538225,academico,0.1068691,academico,0.054211464
RA-138,2024,5F,Ametista,5.0,17.0,0.011707179,academico,0.09570989,academico,0.053708535
RA-1437,2024,1M,Ametista,1.0,11.0,0.0025878192,academico,0.10419366,academico,0.053390738
RA-893,2024,1B,Topázio,1.0,10.0,0.022361033,academico,0.0841924,engajamento,0.053276718
RA-180,2024,5A,Topázio,5.0,14.0,0.08578954,academico,0.01996547,academico,0.052877504
RA-670,2024,3U,Topázio,3.0,12.0,0.066292025,academico,0.038805556,academico,0.05254879
RA-1575,2024,4C,Ametista,4.0,16.0,0.01688021,academico,0.08804338,academico,0.052461796
RA-581,2024,2H,Ametista,2.0,12.0,0.010824186,academico,0.09353594,academico,0.052180063
RA-1283,2024,ALFA B - G2/G3,Topázio,0.0,10.0,0.018069346,academico,0.0855778,academico,0.05182357
RA-1320,2024,ALFA J - G2/G3,Ametista,0.0,10.0,0.0047705267,academico,0.09672408,academico,0.0507473
RA-1439,2024,1M,Topázio,1.0,11.0,0.0023765743,academico,0.09854396,academico,0.050460264
RA-826,2024,1L,Ametista,1.0,10.0,0.0021224844,academico,0.098499194,engajamento,0.05031084
RA-1142,2024,3P,Topázio,3.0,12.0,0.018069742,academico,0.08209376,academico,0.050081752
RA-409,2024,3K,Topázio,3.0,13.0,0.082059234,academico,0.017762387,academico,0.04991081
RA-578,2024,3C,Topázio,3.0,12.0,0.07227855,academico,0.02657022,engajamento,0.049424388
RA-810,2024,1P,Ametista,1.0,10.0,0.00066855515,academico,0.09804845,academico,0.049358502
RA-784,2024,2M,Topázio,2.0,11.0,0.01570684,academico,0.08299611,engajamento,0.049351476
RA-1401,2024,1C,Topázio,1.0,13.0,0.008611382,academico,0.089663215,academico,0.049137298
RA-612,2024,2M,Topázio,2.0,12.0,0.008496507,academico,0.08866268,academico,0.048579592
RA-195,2024,5C,Topázio,5.0,15.0,0.074081935,academico,0.022396205,engajamento,0.04823907
RA-1063,2024,2N,Ametista,2.0,12.0,0.003908217,academico,0.09238734,engajamento,0.04814778
RA-1056,2024,1L,Topázio,1.0,10.0,0.0005967083,academico,0.095509894,academico,0.048053302
RA-325,2024,3C,Topázio,3.0,12.0,0.08520091,academico,0.0101144295,engajamento,0.047657672
RA-576,2024,2H,Topázio,2.0,12.0,0.01842597,academico,0.0763917,engajamento,0.047408834
RA-170,2024,4R,Ametista,4.0,16.0,0.011541709,academico,0.08295688,engajamento,0.047249295
RA-417,2024,4L,Topázio,4.0,14.0,0.0093469145,academico,0.083698176,academico,0.046522547
RA-1052,2024,1J,Ametista,1.0,10.0,0.00051069364,academico,0.092343375,engajamento,0.046427034
RA-299,2024,5N,Topázio,5.0,15.0,0.050696827,academico,0.041415356,academico,0.04605609
RA-1579,2024,4F,Ametista,4.0,16.0,0.0023096555,academico,0.08944144,academico,0.04587555
RA-855,2024,2I,Topázio,2.0,10.0,0.043641787,academico,0.04806167,engajamento,0.04585173
RA-702,2024,ALFA G - G2/G3,Ametista,0.0,10.0,0.0026394539,academico,0.08812367,engajamento,0.04538156
RA-365,2024,3H,Topázio,3.0,11.0,0.050737944,academico,0.039909177,academico,0.04532356
RA-1279,2024,ALFA B - G2/G3,Topázio,0.0,9.0,0.07399542,academico,0.016456494,academico,0.045225956
RA-1590,2024,4N,Topázio,4.0,15.0,0.0052153217,academico,0.084666274,academico,0.0449408
RA-1527,2024,3D,Topázio,3.0,13.0,0.046713065,academico,0.03719618,engajamento,0.04195462
RA-245,2024,7E,Topázio,7.0,16.0,0.063744016,academico,0.018951723,academico,0.04134787
RA-127,2024,5A,Topázio,5.0,16.0,0.05949377,academico,0.02189392,academico,0.040693846
RA-418,2024,4M,Topázio,4.0,12.0,0.03487098,academico,0.045568082,engajamento,0.04021953
RA-1081,2024,4C,Topázio,4.0,15.0,0.0052255364,academico,0.07384531,academico,0.039535426
RA-1622,2024,5N,Topázio,5.0,16.0,0.023226509,contexto,0.055737298,engajamento,0.039481904
RA-834,2024,2L,Topázio,2.0,11.0,0.0084918495,academico,0.07039929,academico,0.03944557
RA-42,2024,6A,Ametista,6.0,17.0,0.0045462716,academico,0.07385161,academico,0.03919894
RA-1151,2024,4C,Topázio,4.0,13.0,0.039001342,academico,0.038792565,engajamento,0.038896956
RA-614,2024,3U,Ametista,3.0,14.0,0.036699966,academico,0.04034207,engajamento,0.038521018
RA-590,2024,2U,Agata,2.0,12.0,0.0012786618,academico,0.074411094,engajamento,0.037844878
RA-1062,2024,1L,Ametista,1.0,10.0,0.00159914,contexto,0.07381453,academico,0.037706837
RA-1173,2024,5D,Topázio,5.0,15.0,0.06415304,academico,0.01048078,academico,0.03731691
RA-229,2024,5C,Topázio,5.0,14.0,0.06502161,academico,0.00911111,engajamento,0.037066363
RA-761,2024,2M,Topázio,2.0,11.0,0.037761092,academico,0.035904966,academico,0.03683303
RA-1321,2024,ALFA K - G0/G1,Ametista,0.0,7.0,0.05647288,academico,0.016892092,academico,0.036682487
RA-1001,2024,1N,Ametista,1.0,10.0,0.0012787988,contexto,0.07204338,academico,0.03666109
RA-912,2024,ALFA G - G2/G3,Ametista,0.0,10.0,0.0015583157,academico,0.0710746,academico,0.036316458
RA-81,2024,6L,Topázio,6.0,16.0,0.0071863267,academico,0.065190084,academico,0.036188204
RA-1487,2024,2L,Topázio,2.0,13.0,0.014247879,academico,0.05750969,academico,0.035878785
RA-727,2024,1G,Topázio,1.0,10.0,0.039237514,academico,0.03237479,engajamento,0.035806153
RA-745,2024,2I,Topázio,2.0,11.0,0.025084587,academico,0.0459019,engajamento,0.035493243
RA-1369,2024,ALFA S - G2/G3,Topázio,0.0,7.0,0.028961536,academico,0.041777343,academico,0.03536944
RA-1403,2024,1D,Topázio,1.0,11.0,0.007478581,academico,0.06295861,academico,0.035218596
RA-1350,2024,ALFA O - G2/G3,Topázio,0.0,10.0,0.012662481,academico,0.05772387,academico,0.035193175
RA-733,2024,1J,Topázio,1.0,10.0,0.0017716753,academico,0.068528436,engajamento,0.035150055
RA-320,2024,5M,Topázio,5.0,15.0,0.040505987,academico,0.028794715,engajamento,0.03465035
RA-833,2024,2U,Topázio,2.0,11.0,0.036860976,academico,0.031798545,academico,0.03432976
RA-1332,2024,ALFA L - G2/G3,Topázio,0.0,10.0,0.0065088104,academico,0.06101736,academico,0.033763085
RA-346,2024,3A,Ametista,3.0,12.0,0.014139366,academico,0.05320196,engajamento,0.033670664
RA-808,2024,1R,Topázio,1.0,10.0,0.022820164,academico,0.041505083,engajamento,0.03216262
RA-522,2024,2D,Topázio,2.0,11.0,0.022415178,academico,0.041644033,academico,0.032029606
RA-563,2024,3H,Topázio,3.0,12.0,0.019146675,academico,0.04487337,academico,0.032010023
RA-1427,2024,1J,Topázio,1.0,11.0,0.018187296,academico,0.045392275,academico,0.031789787
RA-1035,2024,1C,Ametista,1.0,10.0,0.0031085385,academico,0.060415,academico,0.03176177
RA-773,2024,ALFA L - G2/G3,Agata,0.0,10.0,0.004028196,academico,0.05899634,academico,0.031512268
RA-132,2024,6A,Topázio,6.0,16.0,0.023414062,academico,0.03927862,academico,0.03134634
RA-1472,2024,2G,Topázio,2.0,11.0,0.015785443,academico,0.046053674,engajamento,0.03091956
RA-181,2024,5A,Ametista,5.0,15.0,0.00898123,academico,0.052445583,academico,0.030713405
RA-166,2024,7E,Topázio,7.0,16.0,0.015551217,academico,0.044938415,academico,0.030244816
RA-244,2024,5G,Topázio,5.0,14.0,0.021182256,academico,0.038978748,engajamento,0.030080501
RA-1131,2024,3K,Topázio,3.0,13.0,0.006255528,academico,0.053400196,academico,0.029827863
RA-479,2024,3C,Topázio,3.0,12.0,0.029595857,academico,0.029795121,engajamento,0.029695489
RA-651,2024,3K,Topázio,3.0,12.0,0.03144032,academico,0.027494982,engajamento,0.029467652
RA-646,2024,3P,Ametista,3.0,14.0,0.008260325,academico,0.05052436,academico,0.029392343
RA-1195,2024,5N,Ametista,5.0,18.0,0.003764924,academico,0.054374944,engajamento,0.029069934
RA-1127,2024,3N,Topázio,3.0,12.0,0.031839535,academico,0.025913673,academico,0.028876603
RA-94,2024,6L,Topázio,6.0,17.0,0.038210806,academico,0.01898105,engajamento,0.028595928
RA-412,2024,4M,Topázio,4.0,14.0,0.02426816,academico,0.031186197,academico,0.02772718
RA-280,2024,5N,Topázio,5.0,15.0,0.024926124,academico,0.029810274,engajamento,0.0273682
RA-419,2024,4M,Topázio,4.0,14.0,0.04215419,academico,0.01224782,academico,0.027201004
RA-250,2024,4H,Topázio,4.0,14.0,0.025832064,academico,0.028313853,engajamento,0.027072959
RA-103,2024,5A,Topázio,5.0,15.0,0.01883416,academico,0.035268825,engajamento,0.027051494
RA-850,2024,1C,Ametista,1.0,10.0,0.0017128583,academico,0.051786233,academico,0.026749546
RA-111,2024,5B,Topázio,5.0,15.0,0.008088392,academico,0.045260943,academico,0.026674667
RA-146,2024,5D,Topázio,5.0,17.0,0.00073225,academico,0.05255194,academico,0.026642095
RA-45,2024,7A,Topázio,7.0,17.0,0.024000194,academico,0.028399201,engajamento,0.026199698
RA-1631,2024,6L,Topázio,6.0,17.0,0.010877125,academico,0.040355973,academico,0.025616549
RA-735,2024,2H,Ametista,2.0,12.0,0.00055995665,academico,0.04967888,engajamento,0.025119418
RA-1059,2024,2M,Topázio,2.0,11.0,0.014978269,academico,0.03438817,academico,0.024683218
RA-1397,2024,1A,Ametista,1.0,10.0,0.0058640903,academico,0.042416368,engajamento,0.02414023
RA-500,2024,3D,Topázio,3.0,12.0,0.010010116,academico,0.037513357,academico,0.023761736
RA-888,2024,ALFA D - G2/G3,Topázio,0.0,8.0,0.019185193,academico,0.027893908,academico,0.02353955
RA-416,2024,4M,Topázio,4.0,14.0,0.02259961,academico,0.023991147,academico,0.023295378
RA-384,2024,4F,Topázio,4.0,14.0,0.011333404,academico,0.035143867,academico,0.023238637
RA-632,2024,3P,Ametista,3.0,12.0,0.008416634,academico,0.037735485,academico,0.02307606
RA-753,2024,1K,Topázio,1.0,10.0,0.0010001451,academico,0.044572227,academico,0.022786185
RA-755,2024,1M,Topázio,1.0,10.0,0.01066219,academico,0.034453843,engajamento,0.022558017
RA-1294,2024,ALFA D - G2/G3,Ametista,0.0,10.0,0.0024345522,academico,0.04239226,engajamento,0.022413407
RA-1541,2024,3M,Topázio,3.0,13.0,0.006868883,academico,0.037798986,academico,0.022333935
RA-456,2024,3R,Topázio,3.0,13.0,0.009072777,academico,0.035493106,academico,0.022282941
RA-1177,2024,5C,Topázio,5.0,15.0,0.029055,academico,0.013498454,academico,0.021276727
RA-58,2024,7A,Topázio,7.0,17.0,0.0149281835,academico,0.027554415,engajamento,0.0212413
RA-1632,2024,6L,Topázio,6.0,16.0,0.022369962,academico,0.01970445,academico,0.021037206
RA-1094,2024,3D,Topázio,3.0,12.0,0.014291892,academico,0.027376154,academico,0.020834023
RA-313,2024,4L,Ametista,4.0,15.0,0.017301464,academico,0.024281248,engajamento,0.020791356
RA-183,2024,4A,Topázio,4.0,15.0,0.02114405,academico,0.020318918,academico,0.020731483
RA-187,2024,4C,Topázio,4.0,14.0,0.022867667,academico,0.017125074,academico,0.019996371
RA-1163,2024,4M,Topázio,4.0,15.0,0.019431233,academico,0.017747724,engajamento,0.018589478
RA-588,2024,3U,Topázio,3.0,11.0,0.017341811,academico,0.019125745,engajamento,0.018233778
RA-602,2024,3L,Topázio,3.0,13.0,0.03019786,academico,0.0058958484,engajamento,0.018046854
RA-795,2024,1L,Topázio,1.0,10.0,0.012037097,contexto,0.02294681,engajamento,0.017491953
RA-425,2024,4M,Topázio,4.0,14.0,0.023544129,academico,0.010420993,engajamento,0.016982561
RA-831,2024,1K,Topázio,1.0,10.0,0.005393631,contexto,0.028298704,academico,0.016846167
RA-175,2024,6L,Topázio,6.0,17.0,0.0016617529,academico,0.031336125,academico,0.016498938
RA-935,2024,ALFA O - G2/G3,Topázio,0.0,10.0,0.014518458,contexto,0.017802488,engajamento,0.016160473
RA-189,2024,5A,Topázio,5.0,15.0,0.024613276,academico,0.006077845,academico,0.01534556
RA-1021,2024,1A,Topázio,1.0,10.0,0.0012141846,academico,0.02824593,academico,0.014730057
RA-767,2024,1L,Topázio,1.0,12.0,0.0002684081,academico,0.0279662,academico,0.014117304
RA-1201,2024,5N,Topázio,5.0,16.0,0.002447315,academico,0.025551908,academico,0.013999611
RA-891,2024,ALFA B - G2/G3,Topázio,0.0,10.0,0.004307144,academico,0.023363626,academico,0.0138353845
RA-1121,2024,3K,Topázio,3.0,12.0,0.007116272,academico,0.020252619,academico,0.013684446
RA-1057,2024,1L,Topázio,1.0,10.0,0.0006123366,academico,0.026253778,academico,0.013433058
RA-165,2024,5L,Topázio,5.0,16.0,0.0018514524,academico,0.024679508,academico,0.01326548
RA-966,2024,ALFA Q - G2/G3,Ametista,0.0,10.0,0.0038371996,academico,0.022603266,academico,0.013220233
RA-1630,2024,6L,Topázio,6.0,16.0,0.010683517,academico,0.014939849,academico,0.012811683
RA-197,2024,5C,Topázio,5.0,14.0,0.013183936,academico,0.011224983,academico,0.012204459
RA-628,2024,2U,Topázio,2.0,13.0,0.0013356558,academico,0.022680439,academico,0.012008048
RA-988,2024,1P,Topázio,1.0,10.0,0.0028933135,contexto,0.019694442,academico,0.011293878
RA-1621,2024,5N,Topázio,5.0,17.0,0.0018283364,academico,0.020516487,academico,0.011172412
RA-316,2024,5M,Topázio,5.0,15.0,0.0035380186,academico,0.018585412,academico,0.011061715
RA-1572,2024,4C,Topázio,4.0,15.0,0.0106605645,academico,0.010770206,academico,0.010715386
RA-237,2024,5F,Ametista,5.0,16.0,0.0053380886,academico,0.015066251,engajamento,0.010202169
RA-601,2024,1K,Topázio,1.0,10.0,0.0020110358,academico,0.016991146,engajamento,0.009501091
RA-749,2024,ALFA O - G2/G3,Topázio,0.0,10.0,0.011009224,academico,0.0071580666,academico,0.009083645
RA-1178,2024,5D,Topázio,5.0,17.0,0.0007275559,academico,0.017039806,academico,0.008883681
RA-1032,2024,1C,Topázio,1.0,11.0,0.0022064552,academico,0.015116204,academico,0.00866133
RA-110,2024,5A,Topázio,5.0,16.0,0.011125879,academico,0.0044239634,engajamento,0.007774921
RA-1335,2024,ALFA L - G2/G3,Topázio,0.0,10.0,0.0050137276,academico,0.009864484,academico,0.007439106
RA-748,2024,1K,Topázio,1.0,11.0,0.0038148907,academico,0.010380229,academico,0.00709756
RA-1153,2024,4A,Topázio,4.0,15.0,0.0014499741,academico,0.010237097,academico,0.0058435355
RA-283,2024,4N,Ametista,4.0,16.0,0.0016063214,academico,0.0076248716,engajamento,0.0046155965
